"","caseid"
"1","        1  4  2"
"2","        1 10  2"
"3","        1 16  2"
"4","        1 16  3"
"5","        1 22  2"
"6","        1 22  3"
"7","        1 34  2"
"8","        1 46  2"
"9","        1 52  2"
"10","        1 58  4"
"11","        1 58  5"
"12","        1 58  6"
"13","        1 58  8"
"14","        1 64  2"
"15","        1 81  1"
"16","        1 87  1"
"17","        1 99  3"
"18","        1105  5"
"19","        1111  3"
"20","        1123  2"
"21","        1129  2"
"22","        2  9  2"
"23","        2 19  1"
"24","        2 29  1"
"25","        2 29  3"
"26","        2 29  6"
"27","        2 34  2"
"28","        2 39  1"
"29","        2 49  6"
"30","        2 54  1"
"31","        2 59  2"
"32","        2 74  2"
"33","        2 79  1"
"34","        2 84  2"
"35","        2 89  2"
"36","        2 94  2"
"37","        2 99  2"
"38","        2104  2"
"39","        2109  2"
"40","        2114  2"
"41","        2114  3"
"42","        2119  2"
"43","        2124  2"
"44","        2124  4"
"45","        2129  2"
"46","        2139  2"
"47","        2144  2"
"48","        2159  2"
"49","        2169  2"
"50","        2174  2"
"51","        2179  2"
"52","        2199  2"
"53","        3  3  3"
"54","        3  7  2"
"55","        3 15  7"
"56","        3 19  4"
"57","        3 19  6"
"58","        3 24  1"
"59","        3 28  2"
"60","        3 32  2"
"61","        3 36  2"
"62","        3 40  3"
"63","        3 44  4"
"64","        3 52  2"
"65","        3 64  2"
"66","        3 68  2"
"67","        3 76  1"
"68","        4  4  2"
"69","        4 10  2"
"70","        4 15  1"
"71","        4 21  2"
"72","        4 21  5"
"73","        4 31  1"
"74","        4 31  2"
"75","        4 31  3"
"76","        4 37  2"
"77","        4 37  3"
"78","        4 42  4"
"79","        4 48  3"
"80","        4 53  3"
"81","        4 69  3"
"82","        4 75  1"
"83","        4 85  3"
"84","        4 85  4"
"85","        4 91  3"
"86","        4 96  2"
"87","        4101  2"
"88","        4101  3"
"89","        4107  1"
"90","        4112  3"
"91","        4118  2"
"92","        6  1  5"
"93","        6  4  1"
"94","        6  4  3"
"95","        6  9  2"
"96","        6 12  2"
"97","        6 12  4"
"98","        6 15  2"
"99","        6 15  4"
"100","        6 25  2"
"101","        6 44  2"
"102","        6 54  2"
"103","        6 57  2"
"104","        6 57  6"
"105","        6 59  2"
"106","        6 62  2"
"107","        6 70  3"
"108","        6 73  3"
"109","        6 78  2"
"110","        7  2  2"
"111","        7  5  2"
"112","        7  7  1"
"113","        7 14  3"
"114","        7 17  1"
"115","        7 19  2"
"116","        7 22  2"
"117","        7 24  2"
"118","        7 24  3"
"119","        7 24  4"
"120","        7 31  3"
"121","        7 34  2"
"122","        7 34  4"
"123","        7 36  2"
"124","        7 36  3"
"125","        7 36  4"
"126","        7 36  7"
"127","        7 41  2"
"128","        7 41  3"
"129","        7 43  2"
"130","        7 50  2"
"131","        7 50  8"
"132","        7 55  2"
"133","        7 60  2"
"134","        7 62  4"
"135","        7 67  5"
"136","        7 70  2"
"137","        7 72  2"
"138","        7 75  2"
"139","        7 77  2"
"140","        7 79  2"
"141","        7 79  7"
"142","        7 84  2"
"143","        7 87  2"
"144","        7 89  2"
"145","        7 89  3"
"146","        8  6  2"
"147","        8 11  4"
"148","        8 23  1"
"149","        8 28  2"
"150","        8 32  1"
"151","        8 36  2"
"152","        8 40  3"
"153","        8 45  2"
"154","        8 45  3"
"155","        8 49  2"
"156","        8 49  5"
"157","        8 53  2"
"158","        8 57  1"
"159","        8 62  2"
"160","        8 62  3"
"161","       11  2  2"
"162","       11  4  2"
"163","       11  6  2"
"164","       11  7  2"
"165","       11  7  5"
"166","       11  9  5"
"167","       11 23  2"
"168","       11 27  5"
"169","       11 27  7"
"170","       11 29  3"
"171","       11 31  2"
"172","       11 34  2"
"173","       11 36  2"
"174","       11 40  2"
"175","       11 40  8"
"176","       11 42  3"
"177","       11 42  7"
"178","       11 44  1"
"179","       11 44  5"
"180","       11 46  2"
"181","       11 50  2"
"182","       11 52  2"
"183","       11 55  2"
"184","       11 55  3"
"185","       11 57  3"
"186","       11 57  5"
"187","       11 61  2"
"188","       11 67  2"
"189","       11 71  3"
"190","       11 71  4"
"191","       11 71  5"
"192","       11 71  6"
"193","       11 71  7"
"194","       12  2  2"
"195","       12 10  2"
"196","       12 12  2"
"197","       12 23  2"
"198","       12 28  1"
"199","       12 30  2"
"200","       12 33  2"
"201","       12 41  3"
"202","       12 43  3"
"203","       12 46  4"
"204","       12 49  5"
"205","       12 51  5"
"206","       12 54  3"
"207","       12 56  1"
"208","       12 59  1"
"209","       12 62  2"
"210","       12 64  4"
"211","       12 72  1"
"212","       12 77  2"
"213","       12 80  2"
"214","       12 85  2"
"215","       12 88  2"
"216","       12 88  5"
"217","       12 95  2"
"218","       12101  3"
"219","       13  2  1"
"220","       13  4  5"
"221","       13  7  2"
"222","       13 12  2"
"223","       13 15  2"
"224","       13 18  3"
"225","       13 20  2"
"226","       13 23  2"
"227","       13 26  1"
"228","       13 34  2"
"229","       13 34  3"
"230","       13 34  5"
"231","       13 36  2"
"232","       13 39  2"
"233","       13 42  4"
"234","       13 42  5"
"235","       13 44  3"
"236","       13 44  4"
"237","       13 47  1"
"238","       13 50  1"
"239","       13 50  3"
"240","       13 50  7"
"241","       13 50  8"
"242","       13 55  2"
"243","       13 58  2"
"244","       13 60  2"
"245","       13 66  2"
"246","       13 68  2"
"247","       13 74  2"
"248","       13 76  2"
"249","       13 79  2"
"250","       13 82  3"
"251","       13 84  4"
"252","       13 84  6"
"253","       13 84  7"
"254","       13 87  2"
"255","       13 90  2"
"256","       13 92  1"
"257","       13 95  2"
"258","       13 98  2"
"259","       13103  2"
"260","       13106  1"
"261","       16  1  1"
"262","       16  9  1"
"263","       16 11  2"
"264","       16 16  2"
"265","       16 18  1"
"266","       16 20  2"
"267","       16 22  2"
"268","       17  4  1"
"269","       17 10  2"
"270","       17 18  1"
"271","       17 18  2"
"272","       17 23  2"
"273","       17 26  2"
"274","       17 29  2"
"275","       17 34  1"
"276","       17 37  2"
"277","       17 39  2"
"278","       17 48  7"
"279","       17 50  2"
"280","       17 53  4"
"281","       18  5  2"
"282","       18  8  2"
"283","       18 12  2"
"284","       18 15  2"
"285","       18 22  2"
"286","       18 25  2"
"287","       18 29  2"
"288","       18 29  3"
"289","       18 35  2"
"290","       18 39  2"
"291","       18 45  2"
"292","       18 49  2"
"293","       18 49  4"
"294","       18 52  2"
"295","       18 56  2"
"296","       18 62  2"
"297","       18 73  3"
"298","       18 73  5"
"299","       18 76  2"
"300","       21  8  2"
"301","       21 13  2"
"302","       21 34  2"
"303","       21 39  2"
"304","       21 47  2"
"305","       21 47  3"
"306","       21 52  2"
"307","       21 55  1"
"308","       22 26  2"
"309","       22 27  3"
"310","       22 28  2"
"311","       22 29  2"
"312","       22 29  9"
"313","       22 32  6"
"314","       22 50  2"
"315","       22 51  2"
"316","       22 52  2"
"317","       22 54  2"
"318","       22 54  5"
"319","       22 55  2"
"320","       22 55  3"
"321","       22 55  4"
"322","       22 55  6"
"323","       22 56  2"
"324","       22 81  2"
"325","       22 82  2"
"326","       22 83  2"
"327","       22 84  2"
"328","       22 85  4"
"329","       22 87  2"
"330","       22 88  2"
"331","       22105  1"
"332","       22106  2"
"333","       22107  3"
"334","       22108  1"
"335","       22110  2"
"336","       22111  2"
"337","       22112  2"
"338","       22137  2"
"339","       22138  3"
"340","       22140  2"
"341","       22140  3"
"342","       22142  2"
"343","       22143  2"
"344","       22144  2"
"345","       23  9  2"
"346","       23  9  4"
"347","       23 10  2"
"348","       23 11  2"
"349","       23 13  2"
"350","       23 15  2"
"351","       23 34  2"
"352","       23 34  3"
"353","       23 34  5"
"354","       23 35  2"
"355","       23 37  2"
"356","       23 38  6"
"357","       23 39  2"
"358","       23 40  2"
"359","       23 40  7"
"360","       23 57  2"
"361","       23 60  2"
"362","       23 61  6"
"363","       23 62  2"
"364","       23 64  2"
"365","       23 81  2"
"366","       23 82  4"
"367","       23 83  2"
"368","       23 84  2"
"369","       23 86  2"
"370","       23 87  2"
"371","       23 88  2"
"372","       23 88  6"
"373","       23 88  7"
"374","       23 98  2"
"375","       23 98  3"
"376","       23 99  4"
"377","       23100  2"
"378","       23101  2"
"379","       23101  3"
"380","       23102  2"
"381","       23103  2"
"382","       26  1  2"
"383","       26  3  3"
"384","       26  4  2"
"385","       26  4  8"
"386","       26  5  4"
"387","       26  6  2"
"388","       26  7  2"
"389","       26  7  3"
"390","       26  8  2"
"391","       26  8  3"
"392","       26 25  2"
"393","       26 26  2"
"394","       26 29  2"
"395","       26 32  2"
"396","       26 49  2"
"397","       26 51  2"
"398","       26 51  3"
"399","       26 52  2"
"400","       26 53  2"
"401","       26 54  2"
"402","       26 55  3"
"403","       26 56  2"
"404","       26 72  2"
"405","       26 75  2"
"406","       26 75  3"
"407","       26 75  9"
"408","       26 77  2"
"409","       26 77  4"
"410","       26 79  2"
"411","       26 96  2"
"412","       26 97  2"
"413","       26 98  2"
"414","       26 99  2"
"415","       26100  2"
"416","       26101  3"
"417","       26101  7"
"418","       26102  4"
"419","       26103  2"
"420","       27 10  2"
"421","       27 11  2"
"422","       27 12  2"
"423","       27 12  3"
"424","       27 13  2"
"425","       27 15  4"
"426","       27 16  2"
"427","       27 34  2"
"428","       27 35  2"
"429","       27 37  2"
"430","       27 37  3"
"431","       27 39  2"
"432","       27 57  2"
"433","       27 60  3"
"434","       27 62  2"
"435","       27 63  2"
"436","       27 73  2"
"437","       27 74  2"
"438","       27 75  3"
"439","       27 76  2"
"440","       27 80  2"
"441","       28  1  1"
"442","       28  3  3"
"443","       28  5  2"
"444","       28  6  2"
"445","       28  6  3"
"446","       28  8  2"
"447","       28  8  3"
"448","       28  8  4"
"449","       28 33  2"
"450","       28 35  2"
"451","       28 36  2"
"452","       28 36  3"
"453","       28 38  1"
"454","       28 39  4"
"455","       28 40  3"
"456","       28 65  2"
"457","       28 67  2"
"458","       28 69  2"
"459","       28 70  2"
"460","       28 71  2"
"461","       28 72  2"
"462","       28 99  2"
"463","       28101  2"
"464","       29  6  2"
"465","       29  7  6"
"466","       29  7  7"
"467","       29  7 11"
"468","       29  8  2"
"469","       29 41  2"
"470","       29 42  1"
"471","       29 44  1"
"472","       29 45  4"
"473","       29 46  2"
"474","       29 47  2"
"475","       29 73  2"
"476","       29 74  2"
"477","       29 75  4"
"478","       29 76  2"
"479","       29 77  2"
"480","       29 77  3"
"481","       29 78  2"
"482","       29 79  2"
"483","       29 79  3"
"484","       29 80  2"
"485","       29105  2"
"486","       29107  1"
"487","       29109  2"
"488","       29111  3"
"489","       29112  2"
"490","       29145  2"
"491","       29147  2"
"492","       29148  2"
"493","       29148  3"
"494","       29149  2"
"495","       29149  5"
"496","       29150  2"
"497","       31 18  2"
"498","       31 19  2"
"499","       31 19 10"
"500","       31 20  2"
"501","       31 21  2"
"502","       31 22  2"
"503","       31 24  1"
"504","       31 24  2"
"505","       31 49  2"
"506","       31 50  2"
"507","       31 50  3"
"508","       31 51  2"
"509","       31 56  2"
"510","       31 73  2"
"511","       31 74  2"
"512","       31 75  2"
"513","       31 76  2"
"514","       31 77  2"
"515","       31 78  2"
"516","       31 79  2"
"517","       31107  1"
"518","       31109  2"
"519","       31112  2"
"520","       31138  2"
"521","       31139  2"
"522","       31140  2"
"523","       31142  2"
"524","       31143  1"
"525","       32  9  2"
"526","       32 10  1"
"527","       32 11  3"
"528","       32 13  7"
"529","       32 15  2"
"530","       32 16  2"
"531","       32 33  2"
"532","       32 34  2"
"533","       32 35  2"
"534","       32 36  2"
"535","       32 37  2"
"536","       32 40  2"
"537","       32 65  2"
"538","       32 65  4"
"539","       32 65  9"
"540","       32 66  2"
"541","       32 67  4"
"542","       32 67  8"
"543","       32 68  2"
"544","       32 69  3"
"545","       32 70  2"
"546","       32 70  3"
"547","       32 70  8"
"548","       32 72  2"
"549","       32 89  2"
"550","       32 89  3"
"551","       32 91  2"
"552","       32 92  2"
"553","       32 93  2"
"554","       32 93  4"
"555","       32 93  5"
"556","       32 94  1"
"557","       32 94  2"
"558","       32 94  3"
"559","       32 95  2"
"560","       32114  3"
"561","       32114  4"
"562","       32116  2"
"563","       32117  2"
"564","       32118  3"
"565","       32118  4"
"566","       32119  2"
"567","       32120  3"
"568","       33 25  2"
"569","       33 26  2"
"570","       33 27  2"
"571","       33 30  2"
"572","       33 31  2"
"573","       33 66  1"
"574","       33 67  2"
"575","       33 68  2"
"576","       33 69  2"
"577","       33 70  2"
"578","       33 71  2"
"579","       36  1  2"
"580","       36  2  2"
"581","       36  2  5"
"582","       36  4  2"
"583","       36  4  5"
"584","       36  5  2"
"585","       36  7  2"
"586","       36  7  3"
"587","       36  8  2"
"588","       36 42  2"
"589","       36 43  2"
"590","       36 44  2"
"591","       36 47  2"
"592","       36 50  2"
"593","       37  1  2"
"594","       37  1  4"
"595","       37  2  2"
"596","       37  4  2"
"597","       37  5  2"
"598","       37  6  2"
"599","       37  7  3"
"600","       37  8  2"
"601","       37 25  2"
"602","       37 25  3"
"603","       37 27  2"
"604","       37 27  3"
"605","       37 29  1"
"606","       37 31  2"
"607","       37 50  2"
"608","       37 51  2"
"609","       37 53  2"
"610","       37 54  2"
"611","       37 56  2"
"612","       37 56  3"
"613","       37 73  6"
"614","       37 74  3"
"615","       37 74  8"
"616","       37 75  2"
"617","       37 76  2"
"618","       37 77  5"
"619","       37 79  2"
"620","       37 97  2"
"621","       37 98  1"
"622","       37 98  3"
"623","       37101  2"
"624","       37101  3"
"625","       37102  2"
"626","       37103  3"
"627","       37103  7"
"628","       37104  2"
"629","       38  1  2"
"630","       38  2  2"
"631","       38  4  2"
"632","       38  4  3"
"633","       38  6  2"
"634","       38  7  2"
"635","       38  7 10"
"636","       38 25  2"
"637","       38 25  3"
"638","       38 25  4"
"639","       38 26  2"
"640","       38 27  2"
"641","       38 27  5"
"642","       38 28  2"
"643","       38 30  2"
"644","       38 49  2"
"645","       38 50  2"
"646","       38 51  1"
"647","       38 52  2"
"648","       38 53  2"
"649","       38 54  1"
"650","       38 55  2"
"651","       38 56  4"
"652","       38 56  5"
"653","       38 73  2"
"654","       38 74  5"
"655","       38 75  2"
"656","       38 75  7"
"657","       38 76  4"
"658","       38 76  6"
"659","       38 77  2"
"660","       38 78  2"
"661","       38 80  2"
"662","       38 80  4"
"663","       41 11  2"
"664","       41 12  2"
"665","       41 13  3"
"666","       41 34  5"
"667","       41 35  2"
"668","       41 57  4"
"669","       41 57  6"
"670","       41 57 10"
"671","       41 58  2"
"672","       41 58  5"
"673","       41 59  3"
"674","       41 60  2"
"675","       41 61  2"
"676","       41 61  5"
"677","       41 61  6"
"678","       41 62  7"
"679","       41 63  2"
"680","       41 82  2"
"681","       41 83  2"
"682","       41 83  4"
"683","       41 85  6"
"684","       41 87  2"
"685","       42 10  2"
"686","       42 11  2"
"687","       42 12  2"
"688","       42 13  2"
"689","       42 14  2"
"690","       42 14  8"
"691","       42 15  2"
"692","       42 16  2"
"693","       42 33  2"
"694","       42 34  2"
"695","       42 34  3"
"696","       42 36  1"
"697","       42 36  7"
"698","       42 37  2"
"699","       42 39  2"
"700","       42 40  2"
"701","       42 57  2"
"702","       42 60  1"
"703","       42 61  2"
"704","       42 61  3"
"705","       42 63  2"
"706","       42 64  2"
"707","       42 81  2"
"708","       42 82  2"
"709","       42 83  2"
"710","       42 85  2"
"711","       42 86  2"
"712","       42 87  2"
"713","       42 87  3"
"714","       42 87  4"
"715","       42 88  2"
"716","       42107  4"
"717","       42108  2"
"718","       42109  2"
"719","       42110  2"
"720","       42111  2"
"721","       43  9  2"
"722","       43 12  2"
"723","       43 13  1"
"724","       43 15  2"
"725","       43 16  2"
"726","       43 17  2"
"727","       43 41  2"
"728","       43 42  2"
"729","       43 43  4"
"730","       43 43  5"
"731","       43 43 10"
"732","       43 44  2"
"733","       43 44  3"
"734","       43 45  2"
"735","       43 46  1"
"736","       43 46  3"
"737","       43 47  2"
"738","       43 47  3"
"739","       43 48  2"
"740","       43 49  2"
"741","       43 65  2"
"742","       43 65  5"
"743","       43 66  2"
"744","       43 68  2"
"745","       43 69  4"
"746","       43 69  5"
"747","       43 70  2"
"748","       43 97  3"
"749","       43 97  4"
"750","       43 98  4"
"751","       43 99  2"
"752","       43101  2"
"753","       43103  4"
"754","       43103  6"
"755","       44 17  2"
"756","       44 18  2"
"757","       44 20  2"
"758","       44 21  6"
"759","       44 23  2"
"760","       44 24  2"
"761","       44 24  4"
"762","       44 24  7"
"763","       44 42  2"
"764","       44 42  7"
"765","       44 43  2"
"766","       44 45  2"
"767","       44 45  3"
"768","       44 46  2"
"769","       44 47  2"
"770","       44 73  2"
"771","       44 74  2"
"772","       44 76  2"
"773","       44 76  3"
"774","       44 76  9"
"775","       44 77  3"
"776","       44 78  2"
"777","       44 79  2"
"778","       44 80  3"
"779","       44 98  1"
"780","       44100  5"
"781","       44102  2"
"782","       44103  2"
"783","       46  9  7"
"784","       46 10  2"
"785","       46 11  2"
"786","       46 11  4"
"787","       46 13  2"
"788","       46 13  4"
"789","       46 14  2"
"790","       46 14  3"
"791","       46 25  4"
"792","       46 26  2"
"793","       46 27  2"
"794","       46 27  3"
"795","       46 27  4"
"796","       46 27  8"
"797","       46 28  2"
"798","       46 29  2"
"799","       46 32  2"
"800","       46 49  1"
"801","       46 52  2"
"802","       46 53  2"
"803","       46 55  5"
"804","       46 75  3"
"805","       46 75  6"
"806","       46 76  2"
"807","       46 78  2"
"808","       46 79  2"
"809","       46 89  2"
"810","       46 89  3"
"811","       46 91  2"
"812","       46 93  2"
"813","       46 94  2"
"814","       46 94  3"
"815","       46 95  2"
"816","       46 96  2"
"817","       47  9  7"
"818","       47 11  2"
"819","       47 12  2"
"820","       47 13  2"
"821","       47 14  3"
"822","       47 14  4"
"823","       47 15  2"
"824","       47 17  7"
"825","       47 17  9"
"826","       47 33  2"
"827","       47 33  3"
"828","       47 35  2"
"829","       47 36  2"
"830","       47 37  2"
"831","       47 38  5"
"832","       47 40  2"
"833","       47 41  2"
"834","       47 41  3"
"835","       47 60  2"
"836","       47 61  2"
"837","       48 10  2"
"838","       48 11  4"
"839","       48 12  2"
"840","       48 13  2"
"841","       48 13  3"
"842","       48 14  2"
"843","       48 15  2"
"844","       48 16  3"
"845","       48 35  2"
"846","       48 36  2"
"847","       48 37  2"
"848","       48 38  2"
"849","       48 39  2"
"850","       48 57  2"
"851","       48 58  2"
"852","       48 59  3"
"853","       48 60  3"
"854","       48 60  6"
"855","       48 60  8"
"856","       48 61  4"
"857","       48 62  2"
"858","       48 63  2"
"859","       48 63  3"
"860","       48 64  2"
"861","       48 81  2"
"862","       48 82  2"
"863","       48 82  3"
"864","       48 82  8"
"865","       48 82 13"
"866","       48 83  2"
"867","       48 84  4"
"868","       48 85  2"
"869","       48 85  3"
"870","       48 85  4"
"871","       48 86  2"
"872","       48 86  3"
"873","       48 87  2"
"874","       48 87  4"
"875","       48 88  2"
"876","       48 88  3"
"877","       48105  2"
"878","       48106  2"
"879","       48107  2"
"880","       48108  2"
"881","       48108  6"
"882","       48109  1"
"883","       48110  4"
"884","       48112  2"
"885","       48112  5"
"886","       51 14  2"
"887","       51 20  3"
"888","       51 20  4"
"889","       51 26  2"
"890","       51 32  2"
"891","       51 38  1"
"892","       51 38  3"
"893","       51 38  4"
"894","       51 50  2"
"895","       51 50  3"
"896","       51 50  5"
"897","       51 56  1"
"898","       51 56  6"
"899","       51 62  2"
"900","       51 62  3"
"901","       51 68  3"
"902","       51 80  1"
"903","       51 86  1"
"904","       51 98  1"
"905","       51 98  8"
"906","       51104  2"
"907","       52  1  2"
"908","       52  1  4"
"909","       52  7  2"
"910","       52 13  2"
"911","       52 25  5"
"912","       52 25  6"
"913","       52 31  2"
"914","       52 43  3"
"915","       52 48  1"
"916","       52 60  2"
"917","       52 84  2"
"918","       52 84  3"
"919","       53  1  3"
"920","       53  1  4"
"921","       53  1  5"
"922","       53  7  3"
"923","       53 12  4"
"924","       53 17  2"
"925","       53 23  2"
"926","       53 34  2"
"927","       53 34  5"
"928","       53 39  1"
"929","       53 50  2"
"930","       53 55  2"
"931","       53 72  2"
"932","       53 77  3"
"933","       53 77  4"
"934","       53 77  6"
"935","       53 82  2"
"936","       53 88  2"
"937","       53 93  3"
"938","       53 99  2"
"939","       54  2  2"
"940","       54  2  3"
"941","       54  2  4"
"942","       54  2  5"
"943","       54  7  2"
"944","       54 12  2"
"945","       54 12  3"
"946","       54 21  2"
"947","       54 26  2"
"948","       54 30  2"
"949","       54 35  2"
"950","       54 44  2"
"951","       54 44  3"
"952","       54 44  5"
"953","       54 49  2"
"954","       54 63  2"
"955","       54 68  2"
"956","       54 72  2"
"957","       54 77  4"
"958","       54 82  1"
"959","       54 82  2"
"960","       54 82  4"
"961","       54 86  2"
"962","       54 86  4"
"963","       54 91  3"
"964","       54 96  2"
"965","       54124  2"
"966","       54124  3"
"967","       54128  2"
"968","       54128  3"
"969","       54128  4"
"970","       54133  2"
"971","       54142  2"
"972","       54147  2"
"973","       54147  3"
"974","       54152  1"
"975","       54156  2"
"976","       54156  3"
"977","       54156  4"
"978","       54166  2"
"979","       56 42  6"
"980","       56 42  7"
"981","       56 48  2"
"982","       56 48  3"
"983","       56 48  8"
"984","       56 55  2"
"985","       56 61  1"
"986","       56 61  2"
"987","       56 68  2"
"988","       56 68  3"
"989","       56 68  4"
"990","       56 68  5"
"991","       56 80  2"
"992","       56 80  4"
"993","       56 93  2"
"994","       56 93  3"
"995","       56100  2"
"996","       56100  3"
"997","       57  2  1"
"998","       57  7  1"
"999","       57  7  3"
"1000","       57 13  2"
"1001","       57 18  2"
"1002","       57 18  3"
"1003","       57 30  2"
"1004","       57 30  3"
"1005","       57 41  2"
"1006","       57 52  2"
"1007","       57 58  3"
"1008","       57 64  2"
"1009","       57 64  5"
"1010","       57 69  2"
"1011","       57 75  2"
"1012","       57 86  1"
"1013","       57 86  3"
"1014","       57 98  2"
"1015","       57103  2"
"1016","       57109  3"
"1017","       58  2  2"
"1018","       58  7  2"
"1019","       58 11  3"
"1020","       58 18  2"
"1021","       58 20  2"
"1022","       58 22  1"
"1023","       58 25  4"
"1024","       58 25  5"
"1025","       58 25  7"
"1026","       58 27  2"
"1027","       58 31  1"
"1028","       58 34  2"
"1029","       58 38  2"
"1030","       58 40  2"
"1031","       58 45  2"
"1032","       58 47  2"
"1033","       58 52  4"
"1034","       58 54  2"
"1035","       58 61  2"
"1036","       58 63  2"
"1037","       58 63  4"
"1038","       58 63  6"
"1039","       58 67  5"
"1040","       58 67  7"
"1041","       58 70  3"
"1042","       58 72  2"
"1043","       58 74  1"
"1044","       58 76  2"
"1045","       58 79  2"
"1046","       58 81  2"
"1047","       58 83  2"
"1048","       58 83  3"
"1049","       58 83  6"
"1050","       58 85  2"
"1051","       58 88  2"
"1052","       61  2  2"
"1053","       61  4  2"
"1054","       61  4  4"
"1055","       61  4  6"
"1056","       61 10  4"
"1057","       61 14  2"
"1058","       61 16  2"
"1059","       61 16  5"
"1060","       61 18  2"
"1061","       61 18  3"
"1062","       61 20  2"
"1063","       61 24  2"
"1064","       61 24  4"
"1065","       61 26  1"
"1066","       61 26  2"
"1067","       61 31  3"
"1068","       61 31  4"
"1069","       61 31  6"
"1070","       61 33  2"
"1071","       61 35  1"
"1072","       61 35  3"
"1073","       61 35  4"
"1074","       61 37  2"
"1075","       61 39  3"
"1076","       61 41  3"
"1077","       61 41  5"
"1078","       61 43  2"
"1079","       61 45  2"
"1080","       61 45  4"
"1081","       61 49  2"
"1082","       61 51  2"
"1083","       61 51  3"
"1084","       61 53  2"
"1085","       61 53  5"
"1086","       61 53  6"
"1087","       61 53  7"
"1088","       61 60  1"
"1089","       61 60  2"
"1090","       61 60  3"
"1091","       61 62  2"
"1092","       61 64  2"
"1093","       61 64  3"
"1094","       61 66  2"
"1095","       61 68  2"
"1096","       61 68  3"
"1097","       61 70  2"
"1098","       61 70  3"
"1099","       61 74  2"
"1100","       61 74  4"
"1101","       61 80  2"
"1102","       61 80  3"
"1103","       61 80  4"
"1104","       61 83  2"
"1105","       61 83  3"
"1106","       62  1  2"
"1107","       62  1  3"
"1108","       62  3  2"
"1109","       62  3  3"
"1110","       62  3  4"
"1111","       62  5  2"
"1112","       62  8  1"
"1113","       62 10  1"
"1114","       62 10  3"
"1115","       62 12  2"
"1116","       62 13  4"
"1117","       62 15  2"
"1118","       62 17  4"
"1119","       62 19  1"
"1120","       62 20  2"
"1121","       62 22  7"
"1122","       62 27  2"
"1123","       62 29  3"
"1124","       62 29  4"
"1125","       62 31  2"
"1126","       62 36  2"
"1127","       62 36  3"
"1128","       62 38  2"
"1129","       62 38  3"
"1130","       62 38  6"
"1131","       62 38  7"
"1132","       62 38  8"
"1133","       62 40  2"
"1134","       62 45  2"
"1135","       62 47  2"
"1136","       62 52  2"
"1137","       62 52  5"
"1138","       62 54  2"
"1139","       62 55  2"
"1140","       62 55  3"
"1141","       62 57  2"
"1142","       62 59  2"
"1143","       62 59  3"
"1144","       62 59  4"
"1145","       62 61  1"
"1146","       62 61  3"
"1147","       62 62  2"
"1148","       62 64  4"
"1149","       62 66  2"
"1150","       62 69  2"
"1151","       63  9  1"
"1152","       63 14  2"
"1153","       63 20  1"
"1154","       63 20  3"
"1155","       63 25  2"
"1156","       63 31  3"
"1157","       63 36  2"
"1158","       63 42  2"
"1159","       63 42  3"
"1160","       63 47  3"
"1161","       63 47  7"
"1162","       63 58  2"
"1163","       63 58  3"
"1164","       63 58  4"
"1165","       63 58  5"
"1166","       63 69  2"
"1167","       63 69  3"
"1168","       63 69  4"
"1169","       63 69  5"
"1170","       63 69  8"
"1171","       63 75  2"
"1172","       63 75  7"
"1173","       63 80  2"
"1174","       63 85  3"
"1175","       63 91  5"
"1176","       64  2  2"
"1177","       64  7  1"
"1178","       64  7  4"
"1179","       64 19  2"
"1180","       64 23  2"
"1181","       64 27  2"
"1182","       64 27  3"
"1183","       64 39  4"
"1184","       64 43  2"
"1185","       64 55  2"
"1186","       64 59  2"
"1187","       64 59  3"
"1188","       66  5  3"
"1189","       66 12  2"
"1190","       66 12  3"
"1191","       66 19  2"
"1192","       66 19  3"
"1193","       66 27  3"
"1194","       66 41  4"
"1195","       66 48  3"
"1196","       66 70  1"
"1197","       66 77  2"
"1198","       67 12  1"
"1199","       67 20  2"
"1200","       67 34  2"
"1201","       67 34  3"
"1202","       67 42  2"
"1203","       67 42  5"
"1204","       67 49  2"
"1205","       67 56  2"
"1206","       67 64  2"
"1207","       67 71  2"
"1208","       67 78  2"
"1209","       67 78  3"
"1210","       67 78  4"
"1211","       67 86  1"
"1212","       67 93  2"
"1213","       67100  1"
"1214","       67107  2"
"1215","       67115  2"
"1216","       67115  3"
"1217","       67122  2"
"1218","       67129  3"
"1219","       67129  5"
"1220","       67137  2"
"1221","       68  6  2"
"1222","       68 13  2"
"1223","       68 13  3"
"1224","       68 13  4"
"1225","       68 13  8"
"1226","       68 20  3"
"1227","       68 20  7"
"1228","       68 27  2"
"1229","       68 27  6"
"1230","       68 27  7"
"1231","       68 64  1"
"1232","       68 71  2"
"1233","       71 10  2"
"1234","       71 17  2"
"1235","       71 32  1"
"1236","       71 32  2"
"1237","       71 53  2"
"1238","       71 53  3"
"1239","       71 61  2"
"1240","       71 68  3"
"1241","       71 75  1"
"1242","       71 75  2"
"1243","       71 82  2"
"1244","       71 82  7"
"1245","       71 89  3"
"1246","       71104  3"
"1247","       71104  6"
"1248","       72  4  2"
"1249","       72 40  3"
"1250","       73 20  1"
"1251","       73 20  2"
"1252","       73 20  4"
"1253","       73 40  2"
"1254","       73 47  2"
"1255","       73 54  2"
"1256","       73 61  2"
"1257","       73 68  4"
"1258","       73 81  2"
"1259","       76 39  2"
"1260","       77  2  1"
"1261","       77  8  4"
"1262","       77 15  2"
"1263","       77 27  1"
"1264","       77 45  2"
"1265","       77 52  4"
"1266","       77 52  5"
"1267","       77 58  1"
"1268","       77 70  2"
"1269","       78  1  1"
"1270","       78  3  2"
"1271","       78  7  2"
"1272","       78  8  2"
"1273","       78  8  9"
"1274","       78 14  2"
"1275","       78 23  1"
"1276","       78 24  1"
"1277","       78 24  2"
"1278","       78 27  2"
"1279","       78 31  2"
"1280","       78 33  2"
"1281","       78 37  3"
"1282","       78 38  2"
"1283","       78 41  2"
"1284","       78 43  3"
"1285","       78 44  2"
"1286","       78 45  2"
"1287","       78 48  2"
"1288","       78 50  5"
"1289","       79  2  1"
"1290","       79  7  2"
"1291","       79 11  2"
"1292","       79 11  3"
"1293","       79 16  6"
"1294","       79 20  2"
"1295","       79 24  2"
"1296","       79 38  1"
"1297","       79 42  2"
"1298","       79 56  4"
"1299","       79 64  2"
"1300","       79 69  3"
"1301","       81  2  2"
"1302","       81 11  4"
"1303","       81 15  3"
"1304","       81 15  4"
"1305","       81 15  5"
"1306","       81 28  1"
"1307","       81 33  2"
"1308","       81 51  2"
"1309","       81 59  2"
"1310","       81 73  2"
"1311","       81 81  1"
"1312","       81 90  2"
"1313","       81 95  2"
"1314","       81 99  2"
"1315","       81104  2"
"1316","       81126  2"
"1317","       81126  3"
"1318","       82  1  2"
"1319","       82  3  2"
"1320","       82  7  2"
"1321","       82  9  1"
"1322","       82 16  2"
"1323","       82 18  5"
"1324","       82 26  2"
"1325","       82 26  5"
"1326","       82 28  2"
"1327","       82 30  3"
"1328","       82 30  8"
"1329","       82 34  2"
"1330","       82 38  2"
"1331","       82 41  1"
"1332","       82 45  2"
"1333","       82 47  2"
"1334","       82 49  2"
"1335","       82 51  2"
"1336","       82 55  2"
"1337","       82 57  1"
"1338","       82 57  2"
"1339","       82 59  1"
"1340","       82 63  2"
"1341","       82 68  2"
"1342","       82 70  5"
"1343","       83  2  2"
"1344","       83  6  2"
"1345","       83 13  4"
"1346","       83 18  2"
"1347","       83 19  3"
"1348","       83 23  2"
"1349","       83 26  2"
"1350","       83 27  2"
"1351","       83 31  1"
"1352","       83 32  3"
"1353","       83 42  2"
"1354","       83 47  2"
"1355","       83 48  2"
"1356","       83 52  2"
"1357","       83 57  2"
"1358","       83 58  3"
"1359","       83 60  2"
"1360","       86 11  1"
"1361","       86 12  2"
"1362","       86 14  4"
"1363","       86 14  6"
"1364","       86 16  2"
"1365","       86 25  2"
"1366","       86 26  2"
"1367","       86 26  5"
"1368","       86 27  2"
"1369","       86 28  2"
"1370","       86 29  2"
"1371","       86 30  2"
"1372","       86 31  2"
"1373","       86 41  2"
"1374","       86 43  3"
"1375","       86 44  2"
"1376","       86 45  2"
"1377","       86 46  2"
"1378","       86 48  2"
"1379","       86 49  2"
"1380","       86 50  1"
"1381","       86 51  2"
"1382","       86 52  2"
"1383","       87  1  2"
"1384","       87  2  2"
"1385","       87  5  2"
"1386","       87  6  2"
"1387","       87  8  3"
"1388","       87 17  2"
"1389","       87 20  2"
"1390","       87 21  3"
"1391","       87 24  2"
"1392","       87 35  4"
"1393","       87 36  2"
"1394","       87 37  2"
"1395","       87 38  6"
"1396","       87 39  2"
"1397","       87 40  2"
"1398","       87 40  4"
"1399","       87 40  5"
"1400","       87 51  2"
"1401","       87 52  2"
"1402","       87 53  2"
"1403","       88  9  2"
"1404","       88 10  2"
"1405","       88 12  3"
"1406","       88 13  2"
"1407","       88 14  3"
"1408","       88 15  3"
"1409","       88 16  2"
"1410","       88 25  2"
"1411","       88 27  2"
"1412","       88 28  4"
"1413","       88 29  2"
"1414","       88 31  2"
"1415","       88 41  3"
"1416","       88 41  4"
"1417","       88 44  2"
"1418","       88 45  2"
"1419","       88 47  2"
"1420","       88 48  2"
"1421","       88 48  3"
"1422","       88 57  2"
"1423","       88 57  6"
"1424","       88 57  7"
"1425","       88 58  4"
"1426","       88 61  2"
"1427","       88 62  3"
"1428","       88 64  2"
"1429","       89  9  3"
"1430","       89 10  2"
"1431","       89 11  2"
"1432","       89 12  2"
"1433","       89 13  3"
"1434","       89 14  1"
"1435","       89 15  3"
"1436","       89 33  2"
"1437","       89 34  2"
"1438","       89 38  2"
"1439","       89 39  2"
"1440","       89 40  2"
"1441","       89 49  2"
"1442","       89 51  1"
"1443","       89 54  2"
"1444","       89 55  2"
"1445","       89 55  3"
"1446","       89 73  2"
"1447","       89 74  3"
"1448","       89 75  2"
"1449","       89 76  3"
"1450","       89 77  2"
"1451","       89 79  2"
"1452","       89 80  4"
"1453","       89 80  8"
"1454","       89 89  2"
"1455","       89 91  2"
"1456","       89 92  2"
"1457","       89 92  5"
"1458","       89 92  9"
"1459","       89 92 10"
"1460","       89 93  2"
"1461","       89 94  3"
"1462","       91  1  2"
"1463","       91  1  3"
"1464","       91  2  2"
"1465","       91  5  3"
"1466","       91  6  4"
"1467","       91  6  6"
"1468","       91  6  8"
"1469","       91  7  2"
"1470","       91  7  4"
"1471","       91  8  2"
"1472","       91  8  6"
"1473","       91 25  5"
"1474","       91 26  3"
"1475","       91 28  2"
"1476","       91 30  2"
"1477","       91 31  2"
"1478","       91 32  4"
"1479","       91 52  2"
"1480","       91 55  2"
"1481","       91 73  3"
"1482","       91 74  3"
"1483","       91 78  2"
"1484","       91 97  2"
"1485","       91100  3"
"1486","       91101  2"
"1487","       92 11  2"
"1488","       92 12  1"
"1489","       92 14  2"
"1490","       92 17  1"
"1491","       92 25  2"
"1492","       92 26  2"
"1493","       92 26  3"
"1494","       92 26  4"
"1495","       92 26  6"
"1496","       92 28  2"
"1497","       92 29  3"
"1498","       92 29  6"
"1499","       92 30  2"
"1500","       92 31  2"
"1501","       92 31 11"
"1502","       92 32  2"
"1503","       92 33  2"
"1504","       92 49  2"
"1505","       92 50  3"
"1506","       92 50  5"
"1507","       92 51  3"
"1508","       92 54  2"
"1509","       92 56  2"
"1510","       92 57  2"
"1511","       92 74  2"
"1512","       92 74  3"
"1513","       92 78  2"
"1514","       92 79  2"
"1515","       92 80  2"
"1516","       93  2  5"
"1517","       93  2  8"
"1518","       93  3  2"
"1519","       93  6  1"
"1520","       93  7  2"
"1521","       93  8  2"
"1522","       93 26  2"
"1523","       93 26  4"
"1524","       93 28  2"
"1525","       93 28  3"
"1526","       93 28  4"
"1527","       93 28  5"
"1528","       93 28  9"
"1529","       93 29  2"
"1530","       93 29  3"
"1531","       93 30  2"
"1532","       93 32  3"
"1533","       93 32  5"
"1534","       93 42  2"
"1535","       93 43  2"
"1536","       93 44  2"
"1537","       93 45  2"
"1538","       93 46  2"
"1539","       93 48  4"
"1540","       93 57  2"
"1541","       93 58  4"
"1542","       93 59  2"
"1543","       93 59  8"
"1544","       93 62  2"
"1545","       93 73  2"
"1546","       93 73  5"
"1547","       93 75  2"
"1548","       93 75  7"
"1549","       93 76  2"
"1550","       93 77  3"
"1551","       93 77  6"
"1552","       93 78  2"
"1553","       96 27  2"
"1554","       96 29  3"
"1555","       96 30  2"
"1556","       96 31  2"
"1557","       96 50  1"
"1558","       96 53  4"
"1559","       96 55  2"
"1560","       96 56  3"
"1561","       96 57  2"
"1562","       96 57  3"
"1563","       96 57  5"
"1564","       97  1  2"
"1565","       97  2  2"
"1566","       97  5  2"
"1567","       97  5  4"
"1568","       97  6  2"
"1569","       97  7  2"
"1570","       97  9  2"
"1571","       97 10  2"
"1572","       97 11  2"
"1573","       97 14  2"
"1574","       97 15  2"
"1575","       97 30  2"
"1576","       97 30  3"
"1577","       97 33  2"
"1578","       97 37  2"
"1579","       97 39  2"
"1580","       97 51  2"
"1581","       97 54  3"
"1582","       97 55  2"
"1583","       97 56  2"
"1584","       98  2  2"
"1585","       98  3  6"
"1586","       98  5  2"
"1587","       98  6  2"
"1588","       98  7  3"
"1589","       98  8  4"
"1590","       98  8  7"
"1591","       98  8  9"
"1592","       98 17  2"
"1593","       98 20  2"
"1594","       98 21  2"
"1595","       98 25  2"
"1596","       98 26  2"
"1597","       98 27  3"
"1598","       98 28  2"
"1599","       98 29  2"
"1600","       98 42  2"
"1601","       98 45  2"
"1602","       98 47  2"
"1603","       98 47  3"
"1604","       98 48  2"
"1605","       98 49  2"
"1606","       98 50  2"
"1607","       98 52  3"
"1608","       98 54  2"
"1609","      101  2  6"
"1610","      101  3  1"
"1611","      101  3  2"
"1612","      101 17  2"
"1613","      101 18  1"
"1614","      101 19  1"
"1615","      101 20  2"
"1616","      101 20  4"
"1617","      101 21  2"
"1618","      101 22  2"
"1619","      101 23  2"
"1620","      101 24  2"
"1621","      101 33  2"
"1622","      101 34  2"
"1623","      101 37  2"
"1624","      101 38  1"
"1625","      101 38  2"
"1626","      101 39  2"
"1627","      101 40  2"
"1628","      101 41  4"
"1629","      101 44  2"
"1630","      101 46  2"
"1631","      101 46  4"
"1632","      101 48  3"
"1633","      101 48  8"
"1634","      101 57  2"
"1635","      101 58  2"
"1636","      101 59  2"
"1637","      101 60  4"
"1638","      101 61  2"
"1639","      101 61  4"
"1640","      101 62  3"
"1641","      101 63  3"
"1642","      101 63  5"
"1643","      101 64  2"
"1644","      102  1  2"
"1645","      102  2  3"
"1646","      102  5  2"
"1647","      102  7  2"
"1648","      102  9  3"
"1649","      102  9  5"
"1650","      102 20  2"
"1651","      102 21  2"
"1652","      102 26  2"
"1653","      102 28  4"
"1654","      102 30  1"
"1655","      102 46  2"
"1656","      104  1  1"
"1657","      104  6  2"
"1658","      104 11  2"
"1659","      104 16  2"
"1660","      104 26  2"
"1661","      104 26  4"
"1662","      104 36  3"
"1663","      104 41  2"
"1664","      104 41  6"
"1665","      104 46  2"
"1666","      104 46  3"
"1667","      104 46  4"
"1668","      104 51  2"
"1669","      104 61  2"
"1670","      104 70  2"
"1671","      104 75  2"
"1672","      104 75  3"
"1673","      104 75  4"
"1674","      104 80  2"
"1675","      104 85  1"
"1676","      104 85  2"
"1677","      104 90  2"
"1678","      104 90  3"
"1679","      104 95  2"
"1680","      104105  1"
"1681","      104115  1"
"1682","      104130  2"
"1683","      104130  3"
"1684","      104139  2"
"1685","      104144  2"
"1686","      104149  2"
"1687","      104149  3"
"1688","      104154  1"
"1689","      104154  2"
"1690","      104159  2"
"1691","      104164  6"
"1692","      104164 10"
"1693","      104169  5"
"1694","      104174  1"
"1695","      104179  1"
"1696","      104184  2"
"1697","      104194  1"
"1698","      105  5  2"
"1699","      105  5  3"
"1700","      105  5  6"
"1701","      105 15  2"
"1702","      105 19  1"
"1703","      105 19  3"
"1704","      105 22  4"
"1705","      105 26  3"
"1706","      105 29  5"
"1707","      105 32  1"
"1708","      105 32  3"
"1709","      105 39  2"
"1710","      105 39  6"
"1711","      105 43  2"
"1712","      105 43  3"
"1713","      105 46  1"
"1714","      105 46  3"
"1715","      105 50  1"
"1716","      105 50  3"
"1717","      105 50  4"
"1718","      105 50  8"
"1719","      105 50 10"
"1720","      105 53  4"
"1721","      105 53  5"
"1722","      105 53  7"
"1723","      105 53 11"
"1724","      105 53 13"
"1725","      105 56  2"
"1726","      105 67  2"
"1727","      105 67  4"
"1728","      105 67  6"
"1729","      105 70  2"
"1730","      105 74  2"
"1731","      105 74  3"
"1732","      105 77  2"
"1733","      105 77  4"
"1734","      106  5  2"
"1735","      106  5  6"
"1736","      106  8  2"
"1737","      106 12  2"
"1738","      106 12  3"
"1739","      106 15  2"
"1740","      106 18  2"
"1741","      106 21  3"
"1742","      106 24  3"
"1743","      106 31  1"
"1744","      106 31  3"
"1745","      106 31  4"
"1746","      106 37  2"
"1747","      106 37  4"
"1748","      106 37  6"
"1749","      106 40  2"
"1750","      106 43  2"
"1751","      106 46  2"
"1752","      106 50  2"
"1753","      106 56  2"
"1754","      106 65  2"
"1755","      106 69  2"
"1756","      106 72  2"
"1757","      106 72  3"
"1758","      106 75  2"
"1759","      106 75  3"
"1760","      106 84  2"
"1761","      106 88  2"
"1762","      106 91  3"
"1763","      109  1  7"
"1764","      109  5  3"
"1765","      109  9  1"
"1766","      109  9  3"
"1767","      109 13  2"
"1768","      109 13  4"
"1769","      109 25  2"
"1770","      109 29  2"
"1771","      109 29  6"
"1772","      109 33  2"
"1773","      109 36  2"
"1774","      109 36  5"
"1775","      109 56  2"
"1776","      109 56  7"
"1777","      109 60  2"
"1778","      109 64  2"
"1779","      109 68  2"
"1780","      109 68  3"
"1781","      109 72  3"
"1782","      109 72  5"
"1783","      109 76  3"
"1784","      109 76  9"
"1785","      109 79  2"
"1786","      109 87  2"
"1787","      109 87  3"
"1788","      109 87  4"
"1789","      110  4  4"
"1790","      110  8  3"
"1791","      110  8  4"
"1792","      110 14  2"
"1793","      110 17  2"
"1794","      110 17  3"
"1795","      110 20  2"
"1796","      110 20  3"
"1797","      110 23  1"
"1798","      110 26  1"
"1799","      110 30  2"
"1800","      110 33  4"
"1801","      110 33  5"
"1802","      110 33  6"
"1803","      110 39  2"
"1804","      110 39  5"
"1805","      110 42  2"
"1806","      110 45  1"
"1807","      110 49  1"
"1808","      110 52  2"
"1809","      110 55  2"
"1810","      110 58  2"
"1811","      110 61  4"
"1812","      110 61  6"
"1813","      110 61  8"
"1814","      110 64  2"
"1815","      110 67  2"
"1816","      110 71  2"
"1817","      110 74  2"
"1818","      110 74  4"
"1819","      110 80  2"
"1820","      110 86  1"
"1821","      110 86  2"
"1822","      110 89  2"
"1823","      110 96  2"
"1824","      110102  2"
"1825","      110102  3"
"1826","      110102  7"
"1827","      110102  9"
"1828","      110115  2"
"1829","      110118  2"
"1830","      110118  3"
"1831","      110121  2"
"1832","      110121  6"
"1833","      111  3  2"
"1834","      111 10  2"
"1835","      111 16  1"
"1836","      111 16  4"
"1837","      111 20  2"
"1838","      111 20  5"
"1839","      111 23  2"
"1840","      111 23  3"
"1841","      111 23  5"
"1842","      111 42  2"
"1843","      111 49  2"
"1844","      111 49  4"
"1845","      111 52  2"
"1846","      111 56  3"
"1847","      111 59  2"
"1848","      111 62  2"
"1849","      111 69  2"
"1850","      111 69  5"
"1851","      111 72  3"
"1852","      111 75  4"
"1853","      111 75 11"
"1854","      111 82  2"
"1855","      111 82  5"
"1856","      111 85  1"
"1857","      111 85  2"
"1858","      111 88  2"
"1859","      111 95  2"
"1860","      111 98  1"
"1861","      111101  2"
"1862","      111101  3"
"1863","      111105  2"
"1864","      111105  3"
"1865","      111105  4"
"1866","      111111  1"
"1867","      111111  2"
"1868","      111111  3"
"1869","      111111  4"
"1870","      111118  5"
"1871","      111121  1"
"1872","      111124  2"
"1873","      111131  2"
"1874","      114 12  2"
"1875","      114 12  3"
"1876","      114 20  2"
"1877","      114 27  6"
"1878","      114 27  7"
"1879","      114 31  2"
"1880","      114 55  2"
"1881","      114 59  2"
"1882","      114 63  1"
"1883","      114 67  2"
"1884","      114 71  2"
"1885","      114 75  2"
"1886","      114 75  3"
"1887","      114 82  2"
"1888","      114 90  2"
"1889","      114102  3"
"1890","      114110  2"
"1891","      114118  1"
"1892","      114118  5"
"1893","      114118  8"
"1894","      114122  1"
"1895","      114126  1"
"1896","      114129  1"
"1897","      114129  2"
"1898","      114133  2"
"1899","      114149  2"
"1900","      114153  1"
"1901","      115  2  2"
"1902","      115  6  1"
"1903","      115 10  2"
"1904","      115 14  2"
"1905","      115 20  2"
"1906","      115 22  2"
"1907","      115 26  3"
"1908","      115 26  7"
"1909","      115 26  9"
"1910","      115 29  2"
"1911","      115 29  4"
"1912","      115 31  2"
"1913","      115 33  1"
"1914","      115 35  1"
"1915","      115 35  2"
"1916","      115 37  1"
"1917","      115 41  1"
"1918","      115 43  1"
"1919","      115 45  2"
"1920","      115 47  2"
"1921","      115 47  3"
"1922","      115 49  2"
"1923","      115 51  2"
"1924","      115 53  2"
"1925","      115 53  3"
"1926","      115 61  1"
"1927","      115 66  2"
"1928","      115 66  5"
"1929","      115 72  2"
"1930","      115 72  5"
"1931","      116 12  2"
"1932","      116 16  2"
"1933","      116 22  1"
"1934","      116 25  2"
"1935","      116 32  2"
"1936","      116 48  1"
"1937","      116 58  2"
"1938","      116 65  2"
"1939","      116 68  2"
"1940","      116 71  2"
"1941","      116 75  2"
"1942","      116 75  3"
"1943","      116 75  4"
"1944","      116 78  2"
"1945","      116 81  2"
"1946","      116 84  2"
"1947","      116 88  2"
"1948","      116 91  2"
"1949","      116 97  2"
"1950","      116117  4"
"1951","      116120  2"
"1952","      116124  2"
"1953","      116130  2"
"1954","      117  1  2"
"1955","      117  5  2"
"1956","      117  9  2"
"1957","      117  9  5"
"1958","      117 11  2"
"1959","      117 15  2"
"1960","      117 16  2"
"1961","      117 16  3"
"1962","      117 16  4"
"1963","      117 18  2"
"1964","      117 20  2"
"1965","      117 22  4"
"1966","      117 24  4"
"1967","      117 30  2"
"1968","      117 32  2"
"1969","      117 34  2"
"1970","      117 34  3"
"1971","      117 36  2"
"1972","      117 38  2"
"1973","      117 40  2"
"1974","      117 41  3"
"1975","      117 57  3"
"1976","      117 57  5"
"1977","      117 57  9"
"1978","      117 59  2"
"1979","      117 61  2"
"1980","      117 66  2"
"1981","      117 72  2"
"1982","      119  4  2"
"1983","      119  8  2"
"1984","      119 10  2"
"1985","      119 22  2"
"1986","      119 24  2"
"1987","      119 26  2"
"1988","      119 44  2"
"1989","      119 51  2"
"1990","      119 64  2"
"1991","      119 71  2"
"1992","      119 76  2"
"1993","      120  3  5"
"1994","      120  6  2"
"1995","      120 15  2"
"1996","      120 18  2"
"1997","      120 20  2"
"1998","      120 28  2"
"1999","      120 38  2"
"2000","      120 40  2"
"2001","      120 52  3"
"2002","      120 55  2"
"2003","      120 57  2"
"2004","      120 59  2"
"2005","      120 61  2"
"2006","      120 62  2"
"2007","      120 66  3"
"2008","      121  1  2"
"2009","      121  1  3"
"2010","      121  3  5"
"2011","      121 10  2"
"2012","      121 17  3"
"2013","      121 28  2"
"2014","      121 33  5"
"2015","      121 39  2"
"2016","      121 51  4"
"2017","      121 51  5"
"2018","      124  9  2"
"2019","      124 11  2"
"2020","      124 12  2"
"2021","      124 14  2"
"2022","      124 33  2"
"2023","      124 34  3"
"2024","      124 36  2"
"2025","      124 37  2"
"2026","      124 37  8"
"2027","      124 38  4"
"2028","      124 49  2"
"2029","      124 52  3"
"2030","      124 53  2"
"2031","      124 55  2"
"2032","      124 55  9"
"2033","      124 56  2"
"2034","      124 68  1"
"2035","      124 69  2"
"2036","      124 70  2"
"2037","      124 70  5"
"2038","      124 71  2"
"2039","      124 72  2"
"2040","      125  9  2"
"2041","      125 10  3"
"2042","      125 11  4"
"2043","      125 13  2"
"2044","      125 14  7"
"2045","      125 15  4"
"2046","      125 15  5"
"2047","      125 15  6"
"2048","      125 16  2"
"2049","      125 26  2"
"2050","      125 28  1"
"2051","      125 28  2"
"2052","      125 28  5"
"2053","      125 29  2"
"2054","      125 30  1"
"2055","      125 31  2"
"2056","      125 41  2"
"2057","      125 44  2"
"2058","      125 44  3"
"2059","      125 44  7"
"2060","      125 45  2"
"2061","      125 45  3"
"2062","      125 45  4"
"2063","      125 46  2"
"2064","      125 47  2"
"2065","      125 48  2"
"2066","      125 57  2"
"2067","      125 57  4"
"2068","      125 58  2"
"2069","      125 59  2"
"2070","      125 59  3"
"2071","      125 61  2"
"2072","      125 64  3"
"2073","      126 17  2"
"2074","      126 22  3"
"2075","      126 23  2"
"2076","      126 43  2"
"2077","      126 44  1"
"2078","      126 46  3"
"2079","      126 47  2"
"2080","      126 47  7"
"2081","      126 48  2"
"2082","      126 73  3"
"2083","      126 77  2"
"2084","      126 77  3"
"2085","      126 79  5"
"2086","      126 80  2"
"2087","      126100  2"
"2088","      126102  2"
"2089","      126102  3"
"2090","      126103  2"
"2091","      126104  2"
"2092","      126121  3"
"2093","      126121  4"
"2094","      126122  2"
"2095","      126123  2"
"2096","      126125  2"
"2097","      126126  2"
"2098","      126127  3"
"2099","      126128  2"
"2100","      126128  4"
"2101","      127  2  2"
"2102","      127  3  2"
"2103","      127  3  3"
"2104","      127  3  4"
"2105","      127  4  2"
"2106","      127  4  3"
"2107","      127  8  2"
"2108","      127 25  1"
"2109","      127 26  2"
"2110","      127 42  2"
"2111","      127 43  3"
"2112","      127 45  2"
"2113","      127 47  2"
"2114","      127 69  2"
"2115","      127 81  1"
"2116","      127 83  3"
"2117","      129  9  2"
"2118","      129 10  2"
"2119","      129 12  2"
"2120","      129 13  2"
"2121","      129 14  2"
"2122","      129 14  3"
"2123","      129 15  2"
"2124","      129 33  2"
"2125","      129 35  1"
"2126","      129 36  2"
"2127","      129 37  2"
"2128","      129 39  2"
"2129","      129 58  4"
"2130","      129 59  3"
"2131","      129 62  2"
"2132","      129 63  2"
"2133","      129 63  3"
"2134","      129 63  4"
"2135","      129 84  2"
"2136","      129 85  2"
"2137","      129 86  2"
"2138","      129 86  4"
"2139","      129 87  2"
"2140","      129 88  1"
"2141","      129 89  2"
"2142","      129 90  2"
"2143","      130  9  2"
"2144","      130 10  2"
"2145","      130 12  2"
"2146","      130 14  2"
"2147","      130 16  2"
"2148","      130 17  2"
"2149","      130 19  2"
"2150","      130 20  2"
"2151","      130 21  2"
"2152","      130 22  2"
"2153","      130 23  1"
"2154","      130 23  2"
"2155","      130 24  2"
"2156","      130 33  2"
"2157","      130 38  1"
"2158","      130 39  1"
"2159","      130 49  3"
"2160","      130 53  1"
"2161","      130 54  2"
"2162","      130 57  1"
"2163","      130 58  2"
"2164","      130 58  3"
"2165","      130 59  2"
"2166","      130 62  2"
"2167","      130 62  3"
"2168","      130 63  2"
"2169","      131 10  2"
"2170","      131 12  4"
"2171","      131 14  2"
"2172","      131 15  2"
"2173","      131 26  2"
"2174","      131 29  2"
"2175","      131 30  2"
"2176","      131 30  3"
"2177","      131 32  4"
"2178","      134 10  2"
"2179","      134 11  2"
"2180","      134 15  2"
"2181","      134 17  4"
"2182","      134 17  5"
"2183","      134 18  2"
"2184","      134 18  4"
"2185","      134 19  2"
"2186","      134 20  2"
"2187","      134 22  2"
"2188","      134 23  3"
"2189","      134 24  2"
"2190","      134 25  2"
"2191","      134 35  2"
"2192","      134 37  2"
"2193","      134 39  2"
"2194","      134 40  2"
"2195","      134 41  2"
"2196","      134 42  2"
"2197","      134 42  3"
"2198","      134 53  3"
"2199","      134 55  2"
"2200","      134 55  3"
"2201","      134 56  3"
"2202","      134 56  4"
"2203","      135  9  2"
"2204","      135 11  2"
"2205","      135 11  3"
"2206","      135 12  2"
"2207","      135 13  2"
"2208","      135 14  2"
"2209","      135 15  2"
"2210","      135 15  4"
"2211","      135 16  1"
"2212","      135 16  3"
"2213","      135 26  3"
"2214","      135 29  2"
"2215","      135 31  3"
"2216","      135 32  2"
"2217","      135 41  2"
"2218","      135 41  6"
"2219","      135 42  2"
"2220","      135 42  3"
"2221","      135 43  3"
"2222","      135 43  4"
"2223","      135 43  5"
"2224","      135 44  2"
"2225","      135 45  1"
"2226","      135 47  2"
"2227","      135 57  2"
"2228","      135 58  2"
"2229","      135 58  3"
"2230","      135 60  2"
"2231","      135 60  3"
"2232","      135 61  2"
"2233","      135 63  3"
"2234","      135 64  2"
"2235","      135 73  1"
"2236","      135 74  3"
"2237","      135 75  1"
"2238","      135 77  2"
"2239","      135 78  2"
"2240","      135 78  4"
"2241","      136  1  2"
"2242","      136  2  2"
"2243","      136  2  4"
"2244","      136  3  2"
"2245","      136  4  2"
"2246","      136  5  2"
"2247","      136  8  2"
"2248","      136  8  3"
"2249","      136  8  6"
"2250","      136 25  2"
"2251","      136 26  2"
"2252","      136 26  3"
"2253","      136 26  5"
"2254","      136 26  6"
"2255","      136 31  2"
"2256","      136 41  2"
"2257","      136 42  2"
"2258","      136 44  2"
"2259","      136 45  2"
"2260","      136 47  2"
"2261","      136 47  5"
"2262","      136 57  2"
"2263","      136 58  2"
"2264","      136 58  3"
"2265","      136 61  2"
"2266","      136 63  3"
"2267","      136 64  2"
"2268","      136 64  4"
"2269","      136 74  3"
"2270","      136 75  3"
"2271","      136 75  4"
"2272","      136 76  2"
"2273","      136 77  2"
"2274","      136 78  2"
"2275","      139  2  2"
"2276","      139 17  2"
"2277","      139 18  1"
"2278","      139 20  2"
"2279","      139 21  2"
"2280","      139 23  2"
"2281","      139 37  2"
"2282","      139 39  2"
"2283","      139 40  2"
"2284","      139 53  3"
"2285","      139 55  2"
"2286","      139 58  2"
"2287","      140  9  2"
"2288","      140 11  2"
"2289","      140 11  3"
"2290","      140 14  2"
"2291","      140 16  2"
"2292","      140 25  2"
"2293","      140 26  4"
"2294","      140 27  2"
"2295","      140 28  2"
"2296","      140 30  2"
"2297","      140 31  2"
"2298","      140 32  2"
"2299","      140 43  2"
"2300","      140 44  3"
"2301","      140 47  2"
"2302","      140 48  2"
"2303","      140 65  2"
"2304","      140 66  2"
"2305","      140 67  2"
"2306","      140 68  2"
"2307","      140 69  2"
"2308","      140 70  2"
"2309","      140 71  3"
"2310","      140 72  3"
"2311","      140 84  2"
"2312","      140 85  2"
"2313","      140 86  3"
"2314","      140 87  2"
"2315","      140 88  5"
"2316","      141  1  2"
"2317","      141  2  2"
"2318","      141  4  2"
"2319","      141  5  2"
"2320","      141  6  2"
"2321","      141  8  2"
"2322","      141 26  2"
"2323","      141 27  2"
"2324","      141 28  2"
"2325","      141 28  5"
"2326","      141 29  2"
"2327","      141 29  8"
"2328","      141 30  2"
"2329","      141 31  2"
"2330","      141 32  2"
"2331","      141 32  7"
"2332","      141 41  2"
"2333","      141 41  4"
"2334","      141 43  2"
"2335","      141 44  2"
"2336","      141 46  2"
"2337","      141 46  6"
"2338","      141 47  2"
"2339","      141 48  2"
"2340","      141 66  2"
"2341","      141 67  2"
"2342","      141 68  1"
"2343","      141 69  2"
"2344","      141 69  3"
"2345","      141 70  2"
"2346","      141 71  2"
"2347","      141 82  2"
"2348","      141 82  3"
"2349","      141 83  3"
"2350","      141 84  2"
"2351","      141 85  1"
"2352","      141 86  2"
"2353","      141 86  7"
"2354","      141 88  2"
"2355","      142  1  2"
"2356","      142 25  3"
"2357","      142 61  2"
"2358","      142 64  3"
"2359","      142 73  2"
"2360","      142 76  2"
"2361","      142 78  2"
"2362","      142 80  2"
"2363","      144 25  2"
"2364","      144 27  2"
"2365","      144 28  2"
"2366","      144 29  2"
"2367","      144 30  2"
"2368","      144 65  2"
"2369","      144 66  5"
"2370","      144 68  2"
"2371","      144 69  3"
"2372","      144 72  1"
"2373","      144 97  1"
"2374","      144 99  2"
"2375","      144139  1"
"2376","      144141  2"
"2377","      144141  5"
"2378","      144176  2"
"2379","      145  2  1"
"2380","      145  6  2"
"2381","      145 19  2"
"2382","      145 20  2"
"2383","      145 21  2"
"2384","      145 21  3"
"2385","      145 22  7"
"2386","      145 23  2"
"2387","      145 24  2"
"2388","      145 26  3"
"2389","      145 28  3"
"2390","      145 28  4"
"2391","      145 32  2"
"2392","      145 32  8"
"2393","      145 32  9"
"2394","      145 34  2"
"2395","      145 35  2"
"2396","      145 35  5"
"2397","      145 38  2"
"2398","      146  1  2"
"2399","      146  2  2"
"2400","      146  5  2"
"2401","      146 10  2"
"2402","      146 10  3"
"2403","      146 11  2"
"2404","      146 12  2"
"2405","      146 12  3"
"2406","      146 13  2"
"2407","      146 29  2"
"2408","      146 30  1"
"2409","      146 31  2"
"2410","      146 32  2"
"2411","      146 34  1"
"2412","      146 34  2"
"2413","      146 36  1"
"2414","      146 37  2"
"2415","      146 38  2"
"2416","      146 39  2"
"2417","      146 41  2"
"2418","      146 43  2"
"2419","      146 44  2"
"2420","      146 47  2"
"2421","      146 48  2"
"2422","      149  4  2"
"2423","      149  4  4"
"2424","      149  5  2"
"2425","      149 25  2"
"2426","      149 25  3"
"2427","      149 26  1"
"2428","      149 26  3"
"2429","      149 26  4"
"2430","      149 27  2"
"2431","      149 30  2"
"2432","      149 30  3"
"2433","      149 32  2"
"2434","      149 41  2"
"2435","      149 47  2"
"2436","      149 58  2"
"2437","      149 59  2"
"2438","      149 59  3"
"2439","      150  1  2"
"2440","      150  2  2"
"2441","      150  6  2"
"2442","      150  7  2"
"2443","      150  8  2"
"2444","      150 17  2"
"2445","      150 18  2"
"2446","      150 19  2"
"2447","      150 20  2"
"2448","      150 21  2"
"2449","      150 23  2"
"2450","      150 24  3"
"2451","      150 44  4"
"2452","      150 45  2"
"2453","      150 46  2"
"2454","      150 47  2"
"2455","      150 57  2"
"2456","      150 59  3"
"2457","      150 61  2"
"2458","      150 62  3"
"2459","      150 63  2"
"2460","      150 64  2"
"2461","      150 73  3"
"2462","      150 75  4"
"2463","      150 75  6"
"2464","      150 75  8"
"2465","      150 76  2"
"2466","      150 76  6"
"2467","      151  1  2"
"2468","      151  3  2"
"2469","      151  3  3"
"2470","      151  5  2"
"2471","      151  7  3"
"2472","      151 28  2"
"2473","      151 29  2"
"2474","      151 31  2"
"2475","      151 32  2"
"2476","      151 32  4"
"2477","      151 50  2"
"2478","      151 53  2"
"2479","      151 54  2"
"2480","      151 56  2"
"2481","      151 66  2"
"2482","      151 67  2"
"2483","      151 68  2"
"2484","      151 69  2"
"2485","      151 70  2"
"2486","      151 71  2"
"2487","      151 72  2"
"2488","      151 72  3"
"2489","      151 89  2"
"2490","      151 90  2"
"2491","      151 93  2"
"2492","      151 94  2"
"2493","      151 96  2"
"2494","      154  3  4"
"2495","      154  7  3"
"2496","      154 16  4"
"2497","      154 16  5"
"2498","      154 20  2"
"2499","      154 24  3"
"2500","      154 44  2"
"2501","      154 48  2"
"2502","      154 53  1"
"2503","      154 57  4"
"2504","      154 57  5"
"2505","      154 57  6"
"2506","      154 61  5"
"2507","      154 73  3"
"2508","      154 81  2"
"2509","      155  3  1"
"2510","      155  6  2"
"2511","      155  9  2"
"2512","      155 16  3"
"2513","      155 26  2"
"2514","      155 35  1"
"2515","      155 35  2"
"2516","      155 42  1"
"2517","      155 42  2"
"2518","      155 45  2"
"2519","      155 45  3"
"2520","      155 52  2"
"2521","      155 55  2"
"2522","      156  2  2"
"2523","      156  6  2"
"2524","      156 10  1"
"2525","      156 13  2"
"2526","      156 17  2"
"2527","      156 21  2"
"2528","      156 28  1"
"2529","      156 28  2"
"2530","      156 36  1"
"2531","      156 40  2"
"2532","      156 40  4"
"2533","      156 47  1"
"2534","      156 47  2"
"2535","      156 51  2"
"2536","      156 59  3"
"2537","      156 62  3"
"2538","      156 77  1"
"2539","      156 81  3"
"2540","      156 81  4"
"2541","      156 85  2"
"2542","      156 92  2"
"2543","      156 96  2"
"2544","      159  2  2"
"2545","      159  9  2"
"2546","      159  9  3"
"2547","      159  9  4"
"2548","      159 13  2"
"2549","      159 17  2"
"2550","      159 17  4"
"2551","      159 21  2"
"2552","      159 25  2"
"2553","      159 33  2"
"2554","      159 37  2"
"2555","      159 41  2"
"2556","      159 41  5"
"2557","      159 45  1"
"2558","      159 49  2"
"2559","      159 49  4"
"2560","      159 53  2"
"2561","      159 53  3"
"2562","      159 61  2"
"2563","      159 69  3"
"2564","      159 72  1"
"2565","      159 72  3"
"2566","      159 76  2"
"2567","      159 76  3"
"2568","      159 80  1"
"2569","      159 88  2"
"2570","      159 88  4"
"2571","      159 92  2"
"2572","      159 92  3"
"2573","      159 92  4"
"2574","      159100  2"
"2575","      159104  2"
"2576","      159108  2"
"2577","      159112  2"
"2578","      159112  3"
"2579","      159112  7"
"2580","      159116  1"
"2581","      159116  6"
"2582","      159120  3"
"2583","      159124  2"
"2584","      160  8  2"
"2585","      160 11  2"
"2586","      160 11  5"
"2587","      160 15  2"
"2588","      160 15  4"
"2589","      160 19  2"
"2590","      160 23  1"
"2591","      160 23  2"
"2592","      160 23  3"
"2593","      160 31  2"
"2594","      160 34  2"
"2595","      160 34  7"
"2596","      160 38  1"
"2597","      160 38  4"
"2598","      160 38  5"
"2599","      160 42  2"
"2600","      160 46  2"
"2601","      160 50  1"
"2602","      160 54  3"
"2603","      160 57  2"
"2604","      160 57  3"
"2605","      160 61  2"
"2606","      160 61  3"
"2607","      160 69  2"
"2608","      160 73  1"
"2609","      160 77  2"
"2610","      160 80  1"
"2611","      160 80  2"
"2612","      160 88  2"
"2613","      160 92  2"
"2614","      161  3  3"
"2615","      161  3  4"
"2616","      161  3  5"
"2617","      161  7  1"
"2618","      161 14  2"
"2619","      161 18  3"
"2620","      161 21  3"
"2621","      161 21  4"
"2622","      161 21  5"
"2623","      161 25  1"
"2624","      161 35  3"
"2625","      161 35  4"
"2626","      161 43  4"
"2627","      161 53  2"
"2628","      161 53  4"
"2629","      161 61  3"
"2630","      164  3  1"
"2631","      164  7  1"
"2632","      164  7  3"
"2633","      164 11  2"
"2634","      164 11  5"
"2635","      164 16  1"
"2636","      164 20  1"
"2637","      164 29  2"
"2638","      164 38  2"
"2639","      164 42  2"
"2640","      164 47  3"
"2641","      164 47  6"
"2642","      164 47  9"
"2643","      164 51  6"
"2644","      164 56  1"
"2645","      164 69  2"
"2646","      164 69  3"
"2647","      164 78  3"
"2648","      164 82  3"
"2649","      164 82  4"
"2650","      164 82  6"
"2651","      164 87  4"
"2652","      164 87  6"
"2653","      164 96  6"
"2654","      164100  2"
"2655","      164104  1"
"2656","      164104  2"
"2657","      164113  1"
"2658","      164113  4"
"2659","      164118  2"
"2660","      164122  1"
"2661","      164131  2"
"2662","      164135  1"
"2663","      164135  2"
"2664","      164140  3"
"2665","      164140  7"
"2666","      164144  1"
"2667","      164153  2"
"2668","      164158  2"
"2669","      164162  2"
"2670","      164166  2"
"2671","      164166  3"
"2672","      164175  1"
"2673","      165  5  5"
"2674","      165  9  3"
"2675","      165 12  2"
"2676","      165 20  2"
"2677","      165 20  5"
"2678","      165 31  2"
"2679","      165 34  2"
"2680","      165 34  6"
"2681","      165 38  2"
"2682","      165 38  6"
"2683","      165 42  3"
"2684","      165 53  3"
"2685","      165 53  4"
"2686","      165 67  2"
"2687","      165 67  4"
"2688","      165 71  2"
"2689","      165 74  4"
"2690","      165 78  2"
"2691","      165 78  4"
"2692","      165 78  6"
"2693","      165 78  7"
"2694","      165 82  5"
"2695","      165 85  2"
"2696","      165 93  2"
"2697","      165 96  4"
"2698","      165104  2"
"2699","      165111  5"
"2700","      165111  6"
"2701","      165126  2"
"2702","      165126  4"
"2703","      165126  5"
"2704","      165129  2"
"2705","      166  3  3"
"2706","      166 14  1"
"2707","      166 14  2"
"2708","      166 30  2"
"2709","      166 34  2"
"2710","      166 38  5"
"2711","      166 46  2"
"2712","      166 46  6"
"2713","      166 50  2"
"2714","      166 54  1"
"2715","      166 66  4"
"2716","      166 70  2"
"2717","      166 70  4"
"2718","      166 74  5"
"2719","      166 78  2"
"2720","      166 78  3"
"2721","      166 82  2"
"2722","      166 86  2"
"2723","      166 86  3"
"2724","      166 86  4"
"2725","      166 94  1"
"2726","      166 94  2"
"2727","      167  3  3"
"2728","      167  6  3"
"2729","      167 19  1"
"2730","      167 19  2"
"2731","      167 19  4"
"2732","      167 35  3"
"2733","      167 38  4"
"2734","      167 38  5"
"2735","      167 41  2"
"2736","      167 51  1"
"2737","      167 51  2"
"2738","      167 54  2"
"2739","      167 54  3"
"2740","      167 60  1"
"2741","      167 60  4"
"2742","      167 63  2"
"2743","      167 63  3"
"2744","      167 63  4"
"2745","      167 63  5"
"2746","      167 63  7"
"2747","      167 67  3"
"2748","      167 67  6"
"2749","      167 70  1"
"2750","      167 73  3"
"2751","      167 76  1"
"2752","      167 76  2"
"2753","      167 79  2"
"2754","      167 92  2"
"2755","      167 98  2"
"2756","      169  1  2"
"2757","      169  8  2"
"2758","      169  8  3"
"2759","      169 11  2"
"2760","      169 11  4"
"2761","      169 17  2"
"2762","      169 17  3"
"2763","      169 20  2"
"2764","      169 23  2"
"2765","      169 26  2"
"2766","      169 36  2"
"2767","      169 48  1"
"2768","      169 54  2"
"2769","      169 63  2"
"2770","      169 63  3"
"2771","      169 67  2"
"2772","      169 67  3"
"2773","      169 70  2"
"2774","      169 88  2"
"2775","      170  2  2"
"2776","      170  9  2"
"2777","      170 12  2"
"2778","      170 15  1"
"2779","      170 21  2"
"2780","      170 25  2"
"2781","      170 28  3"
"2782","      170 31  3"
"2783","      170 41  2"
"2784","      170 44  2"
"2785","      170 44  3"
"2786","      170 47  2"
"2787","      170 50  2"
"2788","      170 60  2"
"2789","      170 60  5"
"2790","      171  4  1"
"2791","      171  8  2"
"2792","      171 12  3"
"2793","      171 16  2"
"2794","      171 16  4"
"2795","      171 16  5"
"2796","      171 20  3"
"2797","      171 20  4"
"2798","      171 20  8"
"2799","      171 24  2"
"2800","      171 24  5"
"2801","      171 36  4"
"2802","      171 40  3"
"2803","      171 40  5"
"2804","      171 44  2"
"2805","      171 44  3"
"2806","      171 52  1"
"2807","      171 56  2"
"2808","      171 60  5"
"2809","      171 60  6"
"2810","      171 64  2"
"2811","      171 64  3"
"2812","      171 64  5"
"2813","      171 68  3"
"2814","      171 72  4"
"2815","      171 76  2"
"2816","      171 80  5"
"2817","      171 84  1"
"2818","      171 84  3"
"2819","      171 92  2"
"2820","      171 96  2"
"2821","      171 96  4"
"2822","      171104  2"
"2823","      171112  2"
"2824","      171112  3"
"2825","      171116  2"
"2826","      171116  4"
"2827","      171120  1"
"2828","      171124  1"
"2829","      171128  2"
"2830","      174 12  2"
"2831","      174 16  5"
"2832","      174 20  3"
"2833","      174 25  2"
"2834","      174 29  1"
"2835","      174 33  3"
"2836","      174 42  2"
"2837","      174 42  3"
"2838","      174 46  2"
"2839","      174 46  3"
"2840","      174 54  2"
"2841","      174 54  3"
"2842","      174 58  2"
"2843","      174 63  2"
"2844","      174 67  2"
"2845","      174 67  6"
"2846","      174 71  3"
"2847","      174 71  5"
"2848","      174 75  3"
"2849","      174 80  2"
"2850","      174 84  2"
"2851","      174 88  2"
"2852","      174 97  2"
"2853","      174 97  3"
"2854","      174 97  5"
"2855","      174105  2"
"2856","      174109  4"
"2857","      175  2  4"
"2858","      175  9  3"
"2859","      175  9  5"
"2860","      175  9  6"
"2861","      175  9  8"
"2862","      175 13  3"
"2863","      175 13  4"
"2864","      175 17  3"
"2865","      175 17  5"
"2866","      175 24  4"
"2867","      175 27  3"
"2868","      175 35  1"
"2869","      175 35  4"
"2870","      175 42  2"
"2871","      175 42  3"
"2872","      175 49  3"
"2873","      175 57  2"
"2874","      175 68  2"
"2875","      175 71  2"
"2876","      175 79  3"
"2877","      175 82  3"
"2878","      176  1  2"
"2879","      176  1  3"
"2880","      176  5  2"
"2881","      176  9  2"
"2882","      176  9  4"
"2883","      176 13  2"
"2884","      176 13  4"
"2885","      176 17  2"
"2886","      176 17  3"
"2887","      176 17  4"
"2888","      176 25  3"
"2889","      176 33  2"
"2890","      176 36  2"
"2891","      176 36  3"
"2892","      176 40  2"
"2893","      176 44  2"
"2894","      176 60  2"
"2895","      176 68  3"
"2896","      176 72  2"
"2897","      176 72  3"
"2898","      179  8  2"
"2899","      179 12  2"
"2900","      179 21  4"
"2901","      179 25  2"
"2902","      179 25  3"
"2903","      179 34  2"
"2904","      179 38  2"
"2905","      179 46  2"
"2906","      179 46  5"
"2907","      179 51  2"
"2908","      179 51  3"
"2909","      179 55  2"
"2910","      179 76  2"
"2911","      179 80  2"
"2912","      179 84  2"
"2913","      179 84  3"
"2914","      179 89  2"
"2915","      179 93  5"
"2916","      180  3  2"
"2917","      180  3  3"
"2918","      180  8  2"
"2919","      180 10  4"
"2920","      180 13  2"
"2921","      180 13  3"
"2922","      180 15  2"
"2923","      180 20  2"
"2924","      180 22  1"
"2925","      180 22  2"
"2926","      180 25  2"
"2927","      180 25  7"
"2928","      180 27  2"
"2929","      180 32  2"
"2930","      180 34  2"
"2931","      180 36  2"
"2932","      180 39  2"
"2933","      180 41  1"
"2934","      180 43  2"
"2935","      180 43  4"
"2936","      180 46  2"
"2937","      180 46  3"
"2938","      180 46  4"
"2939","      180 48  2"
"2940","      180 48  4"
"2941","      180 50  1"
"2942","      180 50  2"
"2943","      180 53  2"
"2944","      180 57  4"
"2945","      180 62  2"
"2946","      180 64  2"
"2947","      180 67  2"
"2948","      181  2  4"
"2949","      181  2  6"
"2950","      181  2  7"
"2951","      181  6  2"
"2952","      181  6  4"
"2953","      181 10  3"
"2954","      181 10  4"
"2955","      181 14  1"
"2956","      181 14  2"
"2957","      181 18  6"
"2958","      181 22  2"
"2959","      181 25  5"
"2960","      181 37  1"
"2961","      181 37  3"
"2962","      181 41  3"
"2963","      181 45  2"
"2964","      181 52  2"
"2965","      181 56  3"
"2966","      181 56  4"
"2967","      181 60  2"
"2968","      181 60  3"
"2969","      181 60  4"
"2970","      181 68  2"
"2971","      181 72  2"
"2972","      181 75  1"
"2973","      181 79  2"
"2974","      181 83  3"
"2975","      181 83  4"
"2976","      181 95  2"
"2977","      181 95  4"
"2978","      182  2  3"
"2979","      182  6  2"
"2980","      182 10  2"
"2981","      182 10  3"
"2982","      182 14  1"
"2983","      182 19  2"
"2984","      182 19  3"
"2985","      182 23  2"
"2986","      182 27  1"
"2987","      182 48  4"
"2988","      182 65  2"
"2989","      182 65  4"
"2990","      182 69  2"
"2991","      182 73  3"
"2992","      182 78  2"
"2993","      182 82  1"
"2994","      182 82  2"
"2995","      182 82  4"
"2996","      182 86  4"
"2997","      182 90  3"
"2998","      182 90  4"
"2999","      182 90  6"
"3000","      182 95  2"
"3001","      182 99  2"
"3002","      182107  4"
"3003","      182107  6"
"3004","      182111  2"
"3005","      184 13  3"
"3006","      184 22  2"
"3007","      184 30  3"
"3008","      184 35  2"
"3009","      184 39  2"
"3010","      184 39  5"
"3011","      184 39  6"
"3012","      184 39  7"
"3013","      184 43  2"
"3014","      184 57  2"
"3015","      184 61  2"
"3016","      185  1  3"
"3017","      185  6  2"
"3018","      185 14  2"
"3019","      185 22  3"
"3020","      185 26  2"
"3021","      185 31  3"
"3022","      185 31  4"
"3023","      185 31  5"
"3024","      185 35  3"
"3025","      185 35  4"
"3026","      185 35  5"
"3027","      185 39  2"
"3028","      185 43  3"
"3029","      185 43  4"
"3030","      185 43  5"
"3031","      185 52  3"
"3032","      185 56  2"
"3033","      185 56  3"
"3034","      185 60  3"
"3035","      185 68  2"
"3036","      185 72  2"
"3037","      185 77  3"
"3038","      185 77  5"
"3039","      185 89  2"
"3040","      186  5  1"
"3041","      186  8  1"
"3042","      186 15  2"
"3043","      186 15  3"
"3044","      186 15  4"
"3045","      186 15  6"
"3046","      186 21  2"
"3047","      186 25  2"
"3048","      186 25  3"
"3049","      186 28  2"
"3050","      186 32  3"
"3051","      186 35  2"
"3052","      186 35  3"
"3053","      186 35  4"
"3054","      186 42  2"
"3055","      186 42  3"
"3056","      186 45  1"
"3057","      186 48  3"
"3058","      186 55  2"
"3059","      186 55  3"
"3060","      186 62  2"
"3061","      186 62  3"
"3062","      186 62  7"
"3063","      186 65  1"
"3064","      186 72  2"
"3065","      186 75  4"
"3066","      186 79  2"
"3067","      186 92  2"
"3068","      186 92  6"
"3069","      186 99  2"
"3070","      186 99  4"
"3071","      186102  3"
"3072","      186102  4"
"3073","      189  1  2"
"3074","      189  1  3"
"3075","      189  5  2"
"3076","      189  5  3"
"3077","      189  9  2"
"3078","      189 13  3"
"3079","      189 13  4"
"3080","      189 13  5"
"3081","      189 24  3"
"3082","      189 32  2"
"3083","      189 32  3"
"3084","      189 32  4"
"3085","      189 32  6"
"3086","      189 43  2"
"3087","      189 47  3"
"3088","      189 47  5"
"3089","      189 51  3"
"3090","      189 58  3"
"3091","      189 62  2"
"3092","      189 66  1"
"3093","      189 73  1"
"3094","      189 77  3"
"3095","      189 81  2"
"3096","      189 81  3"
"3097","      189 85  1"
"3098","      189 89  3"
"3099","      189 92  5"
"3100","      189104  2"
"3101","      189104  3"
"3102","      189104  4"
"3103","      189111  2"
"3104","      189115  3"
"3105","      189119  4"
"3106","      189127  3"
"3107","      189130  2"
"3108","      189130  3"
"3109","      189134  2"
"3110","      189134  3"
"3111","      189138  1"
"3112","      189142  1"
"3113","      189142  2"
"3114","      189142  3"
"3115","      189142  5"
"3116","      189146  3"
"3117","      189146  4"
"3118","      189146  8"
"3119","      189146 10"
"3120","      189149  2"
"3121","      189149  3"
"3122","      190  2  2"
"3123","      190 10  2"
"3124","      190 13  2"
"3125","      190 13  3"
"3126","      190 13  4"
"3127","      190 16  2"
"3128","      190 19  3"
"3129","      190 22  2"
"3130","      190 25  1"
"3131","      190 28  2"
"3132","      190 28  4"
"3133","      190 28  8"
"3134","      190 30  2"
"3135","      190 33  2"
"3136","      190 36  2"
"3137","      190 36  3"
"3138","      190 36  4"
"3139","      190 39  1"
"3140","      190 42  2"
"3141","      190 42  3"
"3142","      190 42  6"
"3143","      190 42  8"
"3144","      190 45  2"
"3145","      190 48  1"
"3146","      190 51  2"
"3147","      190 53  1"
"3148","      190 53  4"
"3149","      190 53  5"
"3150","      190 56  2"
"3151","      190 56  3"
"3152","      190 62  2"
"3153","      190 74  2"
"3154","      190 79  2"
"3155","      190 82  1"
"3156","      190 82  2"
"3157","      190 82  3"
"3158","      190 85  1"
"3159","      190 85  2"
"3160","      190 88  2"
"3161","      190 91  5"
"3162","      190 97  1"
"3163","      190 99  2"
"3164","      190102  2"
"3165","      190105  2"
"3166","      190111  3"
"3167","      190114  2"
"3168","      191  1  3"
"3169","      191  1  6"
"3170","      191  1  9"
"3171","      191  3  6"
"3172","      191  5  2"
"3173","      191 10  3"
"3174","      191 10  4"
"3175","      191 18  2"
"3176","      191 20  2"
"3177","      191 29  1"
"3178","      191 33  2"
"3179","      191 37  2"
"3180","      191 39  2"
"3181","      191 42  3"
"3182","      191 44  4"
"3183","      191 44  6"
"3184","      191 46  2"
"3185","      191 50  1"
"3186","      191 50  2"
"3187","      191 52  1"
"3188","      191 54  2"
"3189","      191 59  2"
"3190","      191 59  3"
"3191","      191 63  2"
"3192","      191 65  2"
"3193","      191 65  3"
"3194","      194  6  2"
"3195","      194  9  2"
"3196","      194  9  6"
"3197","      194 13  1"
"3198","      194 17  3"
"3199","      194 20  2"
"3200","      194 28  1"
"3201","      194 28  2"
"3202","      194 31  4"
"3203","      194 31  5"
"3204","      194 35  2"
"3205","      194 57  2"
"3206","      194 57  3"
"3207","      194 57  4"
"3208","      194 64  2"
"3209","      194 64  3"
"3210","      194 64  4"
"3211","      194 68  4"
"3212","      194 71  4"
"3213","      195  4  1"
"3214","      195  4  4"
"3215","      195  4  7"
"3216","      195  6  2"
"3217","      195  8  1"
"3218","      195 10  2"
"3219","      195 12  2"
"3220","      195 16  2"
"3221","      195 16  3"
"3222","      195 18  2"
"3223","      195 20  4"
"3224","      195 22  1"
"3225","      195 22  2"
"3226","      195 22  3"
"3227","      195 24  2"
"3228","      195 28  2"
"3229","      195 28  5"
"3230","      195 28  6"
"3231","      195 30  2"
"3232","      195 30  3"
"3233","      195 32  2"
"3234","      195 32  5"
"3235","      195 34  2"
"3236","      195 36  3"
"3237","      195 40  2"
"3238","      195 42  2"
"3239","      195 44  2"
"3240","      195 44  4"
"3241","      195 46  3"
"3242","      195 48  2"
"3243","      195 50  2"
"3244","      195 50  4"
"3245","      195 50  7"
"3246","      195 52  2"
"3247","      195 56  1"
"3248","      195 58  2"
"3249","      195 60  2"
"3250","      195 64  3"
"3251","      195 64  4"
"3252","      196  3  2"
"3253","      196 11  2"
"3254","      196 11  5"
"3255","      196 11  6"
"3256","      196 34  2"
"3257","      196 46  1"
"3258","      196 46  2"
"3259","      196 50  2"
"3260","      196 50  3"
"3261","      196 58  2"
"3262","      196 65  5"
"3263","      196 69  2"
"3264","      196 77  1"
"3265","      196 89  2"
"3266","      196 93  3"
"3267","      196101  2"
"3268","      196101  4"
"3269","      197  5  2"
"3270","      197  9  2"
"3271","      197 16  2"
"3272","      197 19  2"
"3273","      197 38  2"
"3274","      197 41  2"
"3275","      197 45  1"
"3276","      197 45  4"
"3277","      197 49  2"
"3278","      197 52  1"
"3279","      197 56  2"
"3280","      197 60  1"
"3281","      197 60  3"
"3282","      199 10  1"
"3283","      199 15  1"
"3284","      199 15  2"
"3285","      199 15  3"
"3286","      199 25  2"
"3287","      199 30  1"
"3288","      199 36  2"
"3289","      199 41  2"
"3290","      199 51  2"
"3291","      199 77  2"
"3292","      199 82  2"
"3293","      199102  2"
"3294","      200  1  2"
"3295","      200  1  4"
"3296","      200  3  1"
"3297","      200  5  2"
"3298","      200 13  2"
"3299","      200 14  2"
"3300","      200 20  2"
"3301","      200 20  3"
"3302","      200 24  1"
"3303","      200 31  2"
"3304","      200 33  2"
"3305","      200 35  2"
"3306","      200 38  2"
"3307","      200 40  4"
"3308","      200 46  2"
"3309","      200 48  2"
"3310","      200 51  2"
"3311","      200 53  2"
"3312","      200 57  2"
"3313","      201  2  2"
"3314","      201  5  2"
"3315","      201  7  2"
"3316","      201  7  4"
"3317","      201  9  2"
"3318","      201 12  3"
"3319","      201 14  2"
"3320","      201 16  1"
"3321","      201 19  2"
"3322","      201 21  1"
"3323","      201 26  2"
"3324","      201 26  4"
"3325","      201 28  3"
"3326","      201 28  4"
"3327","      201 31  2"
"3328","      201 33  2"
"3329","      201 40  2"
"3330","      201 40  3"
"3331","      201 45  2"
"3332","      201 48  2"
"3333","      201 48  3"
"3334","      201 50  2"
"3335","      201 55  2"
"3336","      201 57  1"
"3337","      201 59  1"
"3338","      201 59  2"
"3339","      201 62  2"
"3340","      201 64  2"
"3341","      201 67  2"
"3342","      201 74  1"
"3343","      201 74  4"
"3344","      202  1  2"
"3345","      202  1  3"
"3346","      202  2  2"
"3347","      202  4  4"
"3348","      202  8  2"
"3349","      202  8  3"
"3350","      202 25  2"
"3351","      202 26  2"
"3352","      202 27  4"
"3353","      202 27  7"
"3354","      202 29  4"
"3355","      202 30  2"
"3356","      202 32  4"
"3357","      202 49  2"
"3358","      202 49  3"
"3359","      202 50  2"
"3360","      202 50  3"
"3361","      202 51  2"
"3362","      202 52  3"
"3363","      202 52  4"
"3364","      202 55  2"
"3365","      202 56  2"
"3366","      202 74  1"
"3367","      202 76  3"
"3368","      204 18  2"
"3369","      204 19  2"
"3370","      204 19  6"
"3371","      204 22  2"
"3372","      204 23  4"
"3373","      204 23  6"
"3374","      204 23  9"
"3375","      204 49  1"
"3376","      204 51  2"
"3377","      204 52  2"
"3378","      204 53  2"
"3379","      204 53  3"
"3380","      204 55  2"
"3381","      204 56  2"
"3382","      204 84  2"
"3383","      204 85  2"
"3384","      204 86  2"
"3385","      204121  2"
"3386","      204123  2"
"3387","      204127  2"
"3388","      204128  2"
"3389","      204156  2"
"3390","      204157  3"
"3391","      204159  2"
"3392","      204160  2"
"3393","      205  9  2"
"3394","      205 14  2"
"3395","      205 16  2"
"3396","      205 42  2"
"3397","      205 43  2"
"3398","      205 44  3"
"3399","      205 45  2"
"3400","      206 10  2"
"3401","      206 15  1"
"3402","      206 39  2"
"3403","      206 52  2"
"3404","      209  3  1"
"3405","      209  6  1"
"3406","      209 10  1"
"3407","      209 13  2"
"3408","      209 13  5"
"3409","      209 16  2"
"3410","      209 23  1"
"3411","      209 26  2"
"3412","      209 30  2"
"3413","      209 33  2"
"3414","      209 33  3"
"3415","      209 37  2"
"3416","      209 40  2"
"3417","      209 43  3"
"3418","      209 50  2"
"3419","      209 57  2"
"3420","      209 57  4"
"3421","      209 57  7"
"3422","      209 60  2"
"3423","      209 64  3"
"3424","      209 70  2"
"3425","      209 74  2"
"3426","      209 74  3"
"3427","      209 74  4"
"3428","      209 74  8"
"3429","      209 77  1"
"3430","      209 80  2"
"3431","      210  4  2"
"3432","      210  8  1"
"3433","      210 16  1"
"3434","      210 25  1"
"3435","      210 37  3"
"3436","      210 46  2"
"3437","      210 50  4"
"3438","      210 54  2"
"3439","      210 54  4"
"3440","      210 54  5"
"3441","      210 62  2"
"3442","      210 66  2"
"3443","      210 66  7"
"3444","      210 75  5"
"3445","      210 79  2"
"3446","      210 87  2"
"3447","      210 87  4"
"3448","      210 92  1"
"3449","      210 96  2"
"3450","      210 96  3"
"3451","      211  5  1"
"3452","      211  5  2"
"3453","      211  8  3"
"3454","      211 11  2"
"3455","      211 15  1"
"3456","      211 18  4"
"3457","      211 24  1"
"3458","      211 24  2"
"3459","      211 28  2"
"3460","      211 31  1"
"3461","      211 41  1"
"3462","      211 44  2"
"3463","      211 47  1"
"3464","      211 50  1"
"3465","      211 60  2"
"3466","      211 63  2"
"3467","      211 67  2"
"3468","      211 70  2"
"3469","      211 73  4"
"3470","      214  1  2"
"3471","      214  1  3"
"3472","      214  1  4"
"3473","      214  5  2"
"3474","      214  9  2"
"3475","      214 13  1"
"3476","      214 13  2"
"3477","      214 16  2"
"3478","      214 28  1"
"3479","      214 31  2"
"3480","      214 35  2"
"3481","      214 39  4"
"3482","      214 50  3"
"3483","      214 62  1"
"3484","      215  7  4"
"3485","      215 12  5"
"3486","      215 21  4"
"3487","      215 21  5"
"3488","      215 25  2"
"3489","      215 30  2"
"3490","      215 35  2"
"3491","      215 35  3"
"3492","      215 35  5"
"3493","      215 62  2"
"3494","      215 66  2"
"3495","      215 71  2"
"3496","      215 75  2"
"3497","      215 75  3"
"3498","      215 75  8"
"3499","      215 80  2"
"3500","      215 94  2"
"3501","      215 94  4"
"3502","      215 98  3"
"3503","      215103  3"
"3504","      215103  4"
"3505","      215107  2"
"3506","      215107  3"
"3507","      215112  2"
"3508","      215116  2"
"3509","      215121  2"
"3510","      215121  5"
"3511","      215130  2"
"3512","      215135  2"
"3513","      215135  3"
"3514","      215139  7"
"3515","      215139 10"
"3516","      215144  2"
"3517","      215148  2"
"3518","      215153  2"
"3519","      215153  6"
"3520","      215166  6"
"3521","      215171  2"
"3522","      215176  2"
"3523","      215180  2"
"3524","      216  7  2"
"3525","      216 11  2"
"3526","      216 14  2"
"3527","      216 18  2"
"3528","      216 26  3"
"3529","      216 26  4"
"3530","      216 29  2"
"3531","      216 29  5"
"3532","      216 33  2"
"3533","      216 41  6"
"3534","      216 45  2"
"3535","      216 48  2"
"3536","      216 52  2"
"3537","      216 52  3"
"3538","      216 56  2"
"3539","      216 63  2"
"3540","      216 67  2"
"3541","      216 67  3"
"3542","      216 75  2"
"3543","      216 79  2"
"3544","      216 79  5"
"3545","      216 82  2"
"3546","      216 82  4"
"3547","      216 86  7"
"3548","      216 86  9"
"3549","      216 90  2"
"3550","      216 94  2"
"3551","      216 94  4"
"3552","      216 98  2"
"3553","      216101  2"
"3554","      216109  1"
"3555","      216116  3"
"3556","      216120  2"
"3557","      216120  6"
"3558","      219  1  3"
"3559","      219  1  4"
"3560","      219  9  2"
"3561","      219 12  2"
"3562","      219 16  6"
"3563","      219 31  2"
"3564","      219 35  2"
"3565","      219 42  2"
"3566","      219 42  6"
"3567","      219 46  3"
"3568","      219 46  4"
"3569","      219 46  6"
"3570","      219 49  2"
"3571","      219 57  3"
"3572","      219 61  1"
"3573","      219 61  3"
"3574","      219 72  2"
"3575","      219 72  5"
"3576","      219 72  7"
"3577","      219 75  4"
"3578","      219 75  5"
"3579","      220  3  4"
"3580","      220  7  3"
"3581","      220  7  4"
"3582","      220  7  7"
"3583","      220 10  4"
"3584","      220 14  2"
"3585","      220 18  2"
"3586","      220 22  3"
"3587","      220 26  4"
"3588","      220 29  1"
"3589","      220 41  2"
"3590","      220 45  2"
"3591","      220 49  3"
"3592","      220 52  2"
"3593","      220 60  2"
"3594","      220 68  2"
"3595","      220 68  4"
"3596","      220 68  6"
"3597","      220 75  2"
"3598","      220 79  4"
"3599","      220 79  6"
"3600","      220 87  1"
"3601","      220 94  2"
"3602","      220 98  8"
"3603","      221  2  2"
"3604","      221  5  2"
"3605","      221 12  2"
"3606","      221 18  8"
"3607","      221 24  2"
"3608","      221 24  5"
"3609","      221 24  6"
"3610","      221 31  2"
"3611","      221 34  2"
"3612","      221 37  1"
"3613","      221 40  2"
"3614","      221 43  3"
"3615","      222  1  5"
"3616","      222  2  2"
"3617","      222  6  4"
"3618","      222  6  5"
"3619","      222  8  1"
"3620","      222 18  2"
"3621","      222 27  2"
"3622","      222 31  2"
"3623","      222 34  4"
"3624","      222 34  7"
"3625","      222 37  2"
"3626","      222 37  7"
"3627","      222 40  3"
"3628","      222 43  2"
"3629","      222 46  2"
"3630","      222 49  3"
"3631","      222 49  5"
"3632","      222 53  2"
"3633","      222 56  2"
"3634","      222 56  4"
"3635","      222 65  1"
"3636","      222 68  2"
"3637","      222 68  4"
"3638","      222 72  3"
"3639","      222 72  6"
"3640","      222 72  7"
"3641","      222 75  2"
"3642","      222 81  1"
"3643","      224  2  2"
"3644","      224  6  2"
"3645","      224 10  2"
"3646","      224 14  3"
"3647","      224 14  5"
"3648","      224 22  1"
"3649","      224 26  2"
"3650","      224 39  2"
"3651","      224 39  5"
"3652","      224 47  1"
"3653","      225  1  2"
"3654","      225  5  2"
"3655","      225  8  2"
"3656","      225 12  2"
"3657","      225 22  2"
"3658","      225 26  2"
"3659","      225 30  2"
"3660","      225 33  1"
"3661","      225 37  1"
"3662","      225 37  3"
"3663","      225 40  4"
"3664","      225 44  2"
"3665","      225 54  1"
"3666","      225 54  2"
"3667","      225 54  3"
"3668","      225 62  1"
"3669","      225 62  2"
"3670","      225 76  2"
"3671","      225 79  2"
"3672","      225 83  2"
"3673","      225 83  4"
"3674","      225 86  2"
"3675","      225 86  4"
"3676","      225 86  7"
"3677","      225 90  2"
"3678","      225 97  3"
"3679","      225 97  6"
"3680","      225101  6"
"3681","      225108  1"
"3682","      225108  2"
"3683","      225111  2"
"3684","      225119  2"
"3685","      226  2  2"
"3686","      226  8  2"
"3687","      226 11  2"
"3688","      226 15  1"
"3689","      226 19  2"
"3690","      226 22  1"
"3691","      226 26  2"
"3692","      226 28  2"
"3693","      226 31  2"
"3694","      226 33  2"
"3695","      226 35  2"
"3696","      226 35  3"
"3697","      226 40  2"
"3698","      226 44  2"
"3699","      226 44  3"
"3700","      226 46  2"
"3701","      226 48  2"
"3702","      226 48  4"
"3703","      226 53  2"
"3704","      226 60  1"
"3705","      226 60  3"
"3706","      226 60  4"
"3707","      226 62  1"
"3708","      226 62  5"
"3709","      226 62  6"
"3710","      226 68  2"
"3711","      226 68  3"
"3712","      226 73  2"
"3713","      226 75  2"
"3714","      226 77  2"
"3715","      226 77  3"
"3716","      226 80  2"
"3717","      226 82  1"
"3718","      226 82  5"
"3719","      226 82  7"
"3720","      226 86  1"
"3721","      226 88  2"
"3722","      229  3  1"
"3723","      229  8  1"
"3724","      229 23  3"
"3725","      229 23  5"
"3726","      229 28  2"
"3727","      229 33  3"
"3728","      229 33  6"
"3729","      229 38  2"
"3730","      229 38  3"
"3731","      229 38  4"
"3732","      229 43  2"
"3733","      229 48  2"
"3734","      229 53  2"
"3735","      229 77  2"
"3736","      229 82  2"
"3737","      230  2  1"
"3738","      230  6  2"
"3739","      230  9  3"
"3740","      230 12  2"
"3741","      230 15  2"
"3742","      230 22  2"
"3743","      230 25  2"
"3744","      230 28  2"
"3745","      230 38  1"
"3746","      230 41  1"
"3747","      230 44  2"
"3748","      230 48  1"
"3749","      230 57  2"
"3750","      230 64  2"
"3751","      230 73  2"
"3752","      230 73  4"
"3753","      230 77  1"
"3754","      230 83  2"
"3755","      230 86  2"
"3756","      230 93  2"
"3757","      230 99  2"
"3758","      230106  2"
"3759","      230106  3"
"3760","      230115  2"
"3761","      230122  2"
"3762","      231  2  2"
"3763","      231  7  2"
"3764","      231  7  3"
"3765","      231 22  2"
"3766","      231 32  2"
"3767","      231 37  2"
"3768","      231 47  2"
"3769","      231 47  3"
"3770","      231 57  1"
"3771","      231 57  4"
"3772","      231 68  1"
"3773","      231 73  3"
"3774","      231 83  2"
"3775","      231 93  2"
"3776","      231103  2"
"3777","      231118  1"
"3778","      234  3  2"
"3779","      234  5  2"
"3780","      234  8  2"
"3781","      234 10  5"
"3782","      234 17  2"
"3783","      234 19  2"
"3784","      234 19  3"
"3785","      234 25  2"
"3786","      234 27  2"
"3787","      234 32  6"
"3788","      234 34  1"
"3789","      234 37  2"
"3790","      234 39  2"
"3791","      234 39  5"
"3792","      234 39 10"
"3793","      234 42  2"
"3794","      234 48  2"
"3795","      234 51  3"
"3796","      235  8  1"
"3797","      235  8  2"
"3798","      235  8  3"
"3799","      235 10  3"
"3800","      235 12  2"
"3801","      235 13  1"
"3802","      235 15  1"
"3803","      235 19  2"
"3804","      235 20  2"
"3805","      235 20  6"
"3806","      235 22  1"
"3807","      235 26  3"
"3808","      235 27  2"
"3809","      235 29  2"
"3810","      235 31  3"
"3811","      235 36  1"
"3812","      235 36  2"
"3813","      235 38  3"
"3814","      235 38  5"
"3815","      235 39  3"
"3816","      235 41  2"
"3817","      235 41  3"
"3818","      235 45  2"
"3819","      235 46  2"
"3820","      235 55  2"
"3821","      235 58  3"
"3822","      235 62  2"
"3823","      235 63  2"
"3824","      235 69  2"
"3825","      236  2  2"
"3826","      236  3  2"
"3827","      236  3  4"
"3828","      236  7  2"
"3829","      236  9  2"
"3830","      236 14  1"
"3831","      236 16  2"
"3832","      236 16  4"
"3833","      236 21  2"
"3834","      236 23  3"
"3835","      236 25  2"
"3836","      236 29  1"
"3837","      236 41  2"
"3838","      236 47  2"
"3839","      236 50  3"
"3840","      236 54  1"
"3841","      236 57  2"
"3842","      236 61  2"
"3843","      236 63  2"
"3844","      236 63  4"
"3845","      236 65  2"
"3846","      236 68  2"
"3847","      236 68  3"
"3848","      236 68  4"
"3849","      236 68  5"
"3850","      239  7  2"
"3851","      239 10  1"
"3852","      239 12  1"
"3853","      239 14  1"
"3854","      239 16  2"
"3855","      239 16  3"
"3856","      239 16  4"
"3857","      239 18  2"
"3858","      239 21  2"
"3859","      239 25  2"
"3860","      239 27  1"
"3861","      239 32  1"
"3862","      239 34  1"
"3863","      239 36  2"
"3864","      239 38  2"
"3865","      239 38  3"
"3866","      239 43  2"
"3867","      239 45  3"
"3868","      239 49  1"
"3869","      239 49  2"
"3870","      239 62  1"
"3871","      239 67  2"
"3872","      239 67  3"
"3873","      239 67  5"
"3874","      239 71  1"
"3875","      239 76  2"
"3876","      239 78  1"
"3877","      239 87  1"
"3878","      240 17  2"
"3879","      240 20  2"
"3880","      240 22  2"
"3881","      240 23  2"
"3882","      240 43  2"
"3883","      240 43  3"
"3884","      240 43  9"
"3885","      240 46  2"
"3886","      240 48  2"
"3887","      240 75  2"
"3888","      240 76  3"
"3889","      240 79  5"
"3890","      240 79  7"
"3891","      240 80  5"
"3892","      240 98  2"
"3893","      240 99  2"
"3894","      240100  2"
"3895","      240100  5"
"3896","      240102  2"
"3897","      240104  2"
"3898","      240121  2"
"3899","      240122  2"
"3900","      240123  2"
"3901","      240125  2"
"3902","      240126  2"
"3903","      240127  2"
"3904","      240127  4"
"3905","      241 11  2"
"3906","      241 12  2"
"3907","      241 13  2"
"3908","      241 13  3"
"3909","      241 14  2"
"3910","      241 15  6"
"3911","      241 16  2"
"3912","      241 16  3"
"3913","      241 28  2"
"3914","      241 29  2"
"3915","      241 29  4"
"3916","      241 30  2"
"3917","      241 31  2"
"3918","      241 32  3"
"3919","      241 41  2"
"3920","      241 42  3"
"3921","      241 42  5"
"3922","      241 43  3"
"3923","      241 43  6"
"3924","      241 44  4"
"3925","      241 57  2"
"3926","      241 57  3"
"3927","      241 59  2"
"3928","      241 64  4"
"3929","      241 64  7"
"3930","      241 74  2"
"3931","      241 76  2"
"3932","      241 77  4"
"3933","      241 79  2"
"3934","      241 80  3"
"3935","      242  5  2"
"3936","      242  7  2"
"3937","      242  7  8"
"3938","      242  8  2"
"3939","      242 26  2"
"3940","      242 27  2"
"3941","      242 29  1"
"3942","      242 30  2"
"3943","      242 31  2"
"3944","      242 43  1"
"3945","      242 45  4"
"3946","      242 46  2"
"3947","      242 47  2"
"3948","      242 48  2"
"3949","      242 48  3"
"3950","      242 57  2"
"3951","      242 57  4"
"3952","      242 58  2"
"3953","      242 59  2"
"3954","      242 60  2"
"3955","      242 63  4"
"3956","      242 81  2"
"3957","      242 83  3"
"3958","      242 84  2"
"3959","      242 85  2"
"3960","      242 86  2"
"3961","      242 88  2"
"3962","      244  1  2"
"3963","      244  3  2"
"3964","      244  4  2"
"3965","      244  5  2"
"3966","      244 27  2"
"3967","      244 28  2"
"3968","      244 30  2"
"3969","      244 31  2"
"3970","      244 32  2"
"3971","      244 49  2"
"3972","      244 49  4"
"3973","      244 53  2"
"3974","      244 54  2"
"3975","      244 56  2"
"3976","      244 74  2"
"3977","      244 75  2"
"3978","      244 77  2"
"3979","      244 77  3"
"3980","      244 77  4"
"3981","      244 78  1"
"3982","      244 79  2"
"3983","      244 80  2"
"3984","      244 97  2"
"3985","      244 99  2"
"3986","      244101  2"
"3987","      244103  2"
"3988","      244104  2"
"3989","      245  1  3"
"3990","      245  4  1"
"3991","      245  7  2"
"3992","      245  8  2"
"3993","      245 19  2"
"3994","      245 19  3"
"3995","      245 20  1"
"3996","      245 22  2"
"3997","      245 23  2"
"3998","      245 23  3"
"3999","      245 29  1"
"4000","      245 30  3"
"4001","      245 32  2"
"4002","      245 45  2"
"4003","      245 46  2"
"4004","      245 47  2"
"4005","      245 48  2"
"4006","      245 57  2"
"4007","      245 58  2"
"4008","      245 59  2"
"4009","      245 61  4"
"4010","      245 63  2"
"4011","      245 64  2"
"4012","      246 11  3"
"4013","      246 12  2"
"4014","      246 12  3"
"4015","      246 14  2"
"4016","      246 16  2"
"4017","      246 25  1"
"4018","      246 26  3"
"4019","      246 28  2"
"4020","      246 31  2"
"4021","      246 32  1"
"4022","      246 41  1"
"4023","      246 41  2"
"4024","      246 42  2"
"4025","      246 43  2"
"4026","      246 48  2"
"4027","      246 57  2"
"4028","      246 73  2"
"4029","      246 74  1"
"4030","      246 75  2"
"4031","      246 76  2"
"4032","      249  1  4"
"4033","      249  2  2"
"4034","      249  3  2"
"4035","      249  3  8"
"4036","      249  5  2"
"4037","      249  6  2"
"4038","      249  6  3"
"4039","      249 25  1"
"4040","      249 25  3"
"4041","      249 26  3"
"4042","      249 28  3"
"4043","      249 30  2"
"4044","      249 41  2"
"4045","      249 42  2"
"4046","      249 44  2"
"4047","      249 45  2"
"4048","      249 46  2"
"4049","      249 47  2"
"4050","      249 48  1"
"4051","      249 65  3"
"4052","      249 68  2"
"4053","      249 69  2"
"4054","      249 70  3"
"4055","      249 70  4"
"4056","      249 71  2"
"4057","      249 71  3"
"4058","      249 82  3"
"4059","      249 83  2"
"4060","      249 86  4"
"4061","      250  1  2"
"4062","      250  2  3"
"4063","      250  3  2"
"4064","      250  4  3"
"4065","      250  5  3"
"4066","      250  5  4"
"4067","      250  6  2"
"4068","      250  7  2"
"4069","      250  8  2"
"4070","      250  8  3"
"4071","      250 17  2"
"4072","      250 19  6"
"4073","      250 19  7"
"4074","      250 20  4"
"4075","      250 23  2"
"4076","      250 33  2"
"4077","      250 34  5"
"4078","      250 34  8"
"4079","      250 36  2"
"4080","      250 38  2"
"4081","      250 39  2"
"4082","      250 40  2"
"4083","      250 40  3"
"4084","      250 40  5"
"4085","      250 57  2"
"4086","      250 59  1"
"4087","      250 59  5"
"4088","      250 60  2"
"4089","      250 61  2"
"4090","      250 62  2"
"4091","      250 64  6"
"4092","      250 73  2"
"4093","      250 73  7"
"4094","      250 74  2"
"4095","      250 75  1"
"4096","      250 76  2"
"4097","      250 77  2"
"4098","      250 78  3"
"4099","      251  9  2"
"4100","      251 10  2"
"4101","      251 11  2"
"4102","      251 12  2"
"4103","      251 14  2"
"4104","      251 34  2"
"4105","      251 35  2"
"4106","      251 36  2"
"4107","      251 36  3"
"4108","      251 37  2"
"4109","      251 39  2"
"4110","      251 39  6"
"4111","      251 40  2"
"4112","      251 57  2"
"4113","      251 57  4"
"4114","      251 58  2"
"4115","      251 61  4"
"4116","      251 63  2"
"4117","      251 74  2"
"4118","      251 76  2"
"4119","      251 77  2"
"4120","      251 79  2"
"4121","      251 79  3"
"4122","      251 97  2"
"4123","      251 98  1"
"4124","      251100  5"
"4125","      251101  2"
"4126","      251102  2"
"4127","      251104  2"
"4128","      254  5  2"
"4129","      254  6  3"
"4130","      254 17  1"
"4131","      254 18  2"
"4132","      254 20  2"
"4133","      254 21  2"
"4134","      254 21  4"
"4135","      254 22  1"
"4136","      254 22  3"
"4137","      254 23  1"
"4138","      254 25  2"
"4139","      254 27  3"
"4140","      254 28  1"
"4141","      254 29  1"
"4142","      254 30  2"
"4143","      254 31  2"
"4144","      254 32  2"
"4145","      254 41  1"
"4146","      254 42  2"
"4147","      254 46  3"
"4148","      254 47  3"
"4149","      254 48  2"
"4150","      254 59  2"
"4151","      254 59  3"
"4152","      255  2  2"
"4153","      255  3  1"
"4154","      255  6  2"
"4155","      255  7  2"
"4156","      255 25  4"
"4157","      255 27  2"
"4158","      255 28  2"
"4159","      255 32  2"
"4160","      255 49  2"
"4161","      255 53  2"
"4162","      255 55  1"
"4163","      255 56  3"
"4164","      255 65  2"
"4165","      255 67  2"
"4166","      255 70  2"
"4167","      255 72  2"
"4168","      255 89  2"
"4169","      255 91  2"
"4170","      255 92  2"
"4171","      255 94  2"
"4172","      256  4  3"
"4173","      256 13  2"
"4174","      256 13  4"
"4175","      256 16  2"
"4176","      256 26  2"
"4177","      256 29  2"
"4178","      256 30  3"
"4179","      256 40  3"
"4180","      256 51  3"
"4181","      256 54  3"
"4182","      256 55  2"
"4183","      257  4  2"
"4184","      257 21  3"
"4185","      257 21  7"
"4186","      257 33  1"
"4187","      257 34  2"
"4188","      257 35  3"
"4189","      257 36  2"
"4190","      257 37  2"
"4191","      257 52  2"
"4192","      257 52  6"
"4193","      257 55  2"
"4194","      257 65  2"
"4195","      257 69  2"
"4196","      257 70  3"
"4197","      257 71  2"
"4198","      257 72  2"
"4199","      259  4  2"
"4200","      259  5  2"
"4201","      259  6  2"
"4202","      259  7  2"
"4203","      259 10  3"
"4204","      259 16  2"
"4205","      259 31  2"
"4206","      259 35  2"
"4207","      259 37  2"
"4208","      259 48  2"
"4209","      259 49  2"
"4210","      259 52  2"
"4211","      260  1  2"
"4212","      260  1  3"
"4213","      260  2  2"
"4214","      260  7  2"
"4215","      260  8  2"
"4216","      260  8  4"
"4217","      260 19  1"
"4218","      260 20  1"
"4219","      260 24  2"
"4220","      260 33  3"
"4221","      260 39  2"
"4222","      260 39  3"
"4223","      260 40  3"
"4224","      260 42  2"
"4225","      260 43  4"
"4226","      260 44  3"
"4227","      260 44  4"
"4228","      260 44  6"
"4229","      260 57  2"
"4230","      260 58  2"
"4231","      260 59  2"
"4232","      260 63  1"
"4233","      261  3  1"
"4234","      261  8  1"
"4235","      261 26  2"
"4236","      261 27  1"
"4237","      261 27  2"
"4238","      261 28  2"
"4239","      261 29  2"
"4240","      261 31  2"
"4241","      261 50  2"
"4242","      261 51  2"
"4243","      261 52  2"
"4244","      261 53  2"
"4245","      261 54  2"
"4246","      261 55  2"
"4247","      264 18  2"
"4248","      264 19  6"
"4249","      264 21  2"
"4250","      264 21  4"
"4251","      264 22  2"
"4252","      264 24  2"
"4253","      265  7  1"
"4254","      265 18  2"
"4255","      265 19  2"
"4256","      265 19  3"
"4257","      265 21  8"
"4258","      265 21 10"
"4259","      265 23  2"
"4260","      265 23  4"
"4261","      265 23  5"
"4262","      265 24  2"
"4263","      265 33  2"
"4264","      265 34  2"
"4265","      265 35  2"
"4266","      265 36  2"
"4267","      265 37  2"
"4268","      265 41  2"
"4269","      265 43  2"
"4270","      265 44  2"
"4271","      265 44  3"
"4272","      265 45  3"
"4273","      265 46  2"
"4274","      265 58  4"
"4275","      265 61  2"
"4276","      265 62  2"
"4277","      265 63  1"
"4278","      265 64  2"
"4279","      266  3  2"
"4280","      266  4  3"
"4281","      266  5  2"
"4282","      266 19  2"
"4283","      266 19  3"
"4284","      266 21  1"
"4285","      266 22  2"
"4286","      266 23  2"
"4287","      266 36  2"
"4288","      266 37  2"
"4289","      266 38  2"
"4290","      266 43  2"
"4291","      266 44  2"
"4292","      266 46  2"
"4293","      266 47  1"
"4294","      266 63  2"
"4295","      270  4  1"
"4296","      270  4  4"
"4297","      270  4  7"
"4298","      270 12  2"
"4299","      270 12  5"
"4300","      270 16  2"
"4301","      270 21  2"
"4302","      270 21  5"
"4303","      270 25  2"
"4304","      270 30  2"
"4305","      270 43  2"
"4306","      270 48  2"
"4307","      270 57  2"
"4308","      270 75  2"
"4309","      270 84  4"
"4310","      270 84  5"
"4311","      270 92  2"
"4312","      270 97  3"
"4313","      270 97  5"
"4314","      270101  2"
"4315","      270101  3"
"4316","      270101  4"
"4317","      271  4  2"
"4318","      271  8  2"
"4319","      271  8  3"
"4320","      271 13  4"
"4321","      271 22  1"
"4322","      271 22  2"
"4323","      271 26  2"
"4324","      271 31  1"
"4325","      271 31  4"
"4326","      271 35  3"
"4327","      271 44  2"
"4328","      271 44  4"
"4329","      271 48  2"
"4330","      271 53  2"
"4331","      271 62  2"
"4332","      271 71  3"
"4333","      271 75  2"
"4334","      271 80  2"
"4335","      271 84  2"
"4336","      271 89  2"
"4337","      271 93  2"
"4338","      271 93  4"
"4339","      271 97  2"
"4340","      271106  2"
"4341","      271115  2"
"4342","      272  1  1"
"4343","      272  5  4"
"4344","      272  5  6"
"4345","      272  5  8"
"4346","      272 10  2"
"4347","      272 14  2"
"4348","      272 14  3"
"4349","      272 14  4"
"4350","      272 18  2"
"4351","      272 22  1"
"4352","      272 26  2"
"4353","      272 30  2"
"4354","      272 34  2"
"4355","      272 38  1"
"4356","      272 42  2"
"4357","      272 46  3"
"4358","      272 46  4"
"4359","      272 46  7"
"4360","      273  4  1"
"4361","      273 12  1"
"4362","      273 20  2"
"4363","      273 28  2"
"4364","      273 33  2"
"4365","      273 37  2"
"4366","      273 41  2"
"4367","      273 45  3"
"4368","      273 49  2"
"4369","      273 53  2"
"4370","      273 53  6"
"4371","      273 57  2"
"4372","      273 61  2"
"4373","      273 61  3"
"4374","      273 66  3"
"4375","      273 74  2"
"4376","      273 78  3"
"4377","      273 78  5"
"4378","      273 78  6"
"4379","      273 78  7"
"4380","      273 82  2"
"4381","      273 86  1"
"4382","      273 86  4"
"4383","      273 94  2"
"4384","      273 94  3"
"4385","      273103  3"
"4386","      273103  7"
"4387","      273107  1"
"4388","      273119  2"
"4389","      273123  2"
"4390","      273123  3"
"4391","      273127  2"
"4392","      275  2  2"
"4393","      275  5  2"
"4394","      275 10  1"
"4395","      275 13  3"
"4396","      275 13  6"
"4397","      275 15  4"
"4398","      275 18  1"
"4399","      275 18  4"
"4400","      275 23  2"
"4401","      275 26  1"
"4402","      275 31  2"
"4403","      275 39  2"
"4404","      275 63  3"
"4405","      275 63  4"
"4406","      275 68  2"
"4407","      275 71  2"
"4408","      275 71  4"
"4409","      275 71  5"
"4410","      275 76  2"
"4411","      275 78  1"
"4412","      275 86  2"
"4413","      275 89  2"
"4414","      275 92  2"
"4415","      275 94  3"
"4416","      275 97  1"
"4417","      275 99  2"
"4418","      275105  2"
"4419","      275105  4"
"4420","      275105  5"
"4421","      276  3  2"
"4422","      276  9  1"
"4423","      276  9  2"
"4424","      276 16  2"
"4425","      276 19  2"
"4426","      276 22  2"
"4427","      276 29  2"
"4428","      276 32  2"
"4429","      276 36  2"
"4430","      276 39  2"
"4431","      276 39  3"
"4432","      276 42  2"
"4433","      276 45  2"
"4434","      276 52  2"
"4435","      276 52  3"
"4436","      276 52  7"
"4437","      276 55  2"
"4438","      276 62  2"
"4439","      276 72  3"
"4440","      276 72  4"
"4441","      276 72  5"
"4442","      276 75  2"
"4443","      276 81  1"
"4444","      276 85  2"
"4445","      276 88  2"
"4446","      276 91  2"
"4447","      276 94  2"
"4448","      276104  2"
"4449","      276108  2"
"4450","      276114  2"
"4451","      276117  2"
"4452","      276121  2"
"4453","      276124  3"
"4454","      277  5  1"
"4455","      277  5  2"
"4456","      277  9  2"
"4457","      277 21  2"
"4458","      277 29  2"
"4459","      277 36  2"
"4460","      277 40  4"
"4461","      277 40  8"
"4462","      277 48  5"
"4463","      277 48  7"
"4464","      277 52  2"
"4465","      277 52  3"
"4466","      280  2  2"
"4467","      280  4  2"
"4468","      280  7  1"
"4469","      280  7  3"
"4470","      280  7  4"
"4471","      280 14  2"
"4472","      280 17  6"
"4473","      280 20  2"
"4474","      280 25  1"
"4475","      280 32  2"
"4476","      280 35  2"
"4477","      280 35  3"
"4478","      280 40  2"
"4479","      280 45  2"
"4480","      280 45  5"
"4481","      280 50  2"
"4482","      280 53  1"
"4483","      280 58  1"
"4484","      280 58  5"
"4485","      280 60  1"
"4486","      280 68  3"
"4487","      280 68  7"
"4488","      280 73  2"
"4489","      280 75  2"
"4490","      280 78  2"
"4491","      280 83  2"
"4492","      280 86  2"
"4493","      280 91  2"
"4494","      280 91  4"
"4495","      280 96  2"
"4496","      280 96  4"
"4497","      281 30  2"
"4498","      281 50  1"
"4499","      281 50  2"
"4500","      281 63  1"
"4501","      281 63  3"
"4502","      282  3  2"
"4503","      282 13  3"
"4504","      282 28  2"
"4505","      282 33  2"
"4506","      282 33  5"
"4507","      282 38  2"
"4508","      282 43  2"
"4509","      282 48  3"
"4510","      282 58  2"
"4511","      285 17  3"
"4512","      285 17  4"
"4513","      285 18  2"
"4514","      285 19  2"
"4515","      285 20  2"
"4516","      285 21  2"
"4517","      285 22  2"
"4518","      285 23  4"
"4519","      285 23  5"
"4520","      285 49  2"
"4521","      285 50  2"
"4522","      285 51  2"
"4523","      285 52  2"
"4524","      285 53  2"
"4525","      285 54  3"
"4526","      285 55  2"
"4527","      285 56  4"
"4528","      285 56  7"
"4529","      285 82  2"
"4530","      285 83  2"
"4531","      285 83  3"
"4532","      285 83  6"
"4533","      285 83  8"
"4534","      285 84  4"
"4535","      286  2  3"
"4536","      286  2  4"
"4537","      286  3  1"
"4538","      286  3  3"
"4539","      286  5  2"
"4540","      286  6  2"
"4541","      286  7  2"
"4542","      286  8  2"
"4543","      286  9  2"
"4544","      286 42  2"
"4545","      286 45  2"
"4546","      286 47  2"
"4547","      286 47  4"
"4548","      286 47  7"
"4549","      286 49  2"
"4550","      286 74  1"
"4551","      286 75  2"
"4552","      286 76  2"
"4553","      286 77  2"
"4554","      286 78  2"
"4555","      286 79  2"
"4556","      287 12  3"
"4557","      287 16  2"
"4558","      287 35  1"
"4559","      287 36  3"
"4560","      287 37  2"
"4561","      287 38  2"
"4562","      287 39  2"
"4563","      287 40  2"
"4564","      287 40  4"
"4565","      287 41  3"
"4566","      287 52  2"
"4567","      287 73  2"
"4568","      287 74  2"
"4569","      287 75  2"
"4570","      287 76  3"
"4571","      287 77  2"
"4572","      287 77  3"
"4573","      287 80  2"
"4574","      287 81  3"
"4575","      290  2  2"
"4576","      290  3  2"
"4577","      290  5  2"
"4578","      290  7  4"
"4579","      290 25  1"
"4580","      290 25  6"
"4581","      290 26  2"
"4582","      290 26  3"
"4583","      290 27  2"
"4584","      290 31  2"
"4585","      290 32  1"
"4586","      290 49  2"
"4587","      290 50  2"
"4588","      290 51  2"
"4589","      290 52  2"
"4590","      290 52  3"
"4591","      290 52  5"
"4592","      290 53  2"
"4593","      290 54  2"
"4594","      290 55  1"
"4595","      290 55  2"
"4596","      291  2  2"
"4597","      291  3  3"
"4598","      291  4  2"
"4599","      291  5  2"
"4600","      291  6  2"
"4601","      291  7  2"
"4602","      291  8  4"
"4603","      291 33  2"
"4604","      291 35  2"
"4605","      291 38  2"
"4606","      291 39  4"
"4607","      291 68  2"
"4608","      291 68  3"
"4609","      291 69  2"
"4610","      291 71  2"
"4611","      291 71  4"
"4612","      291 72  2"
"4613","      291 98  2"
"4614","      291 99  2"
"4615","      291100  3"
"4616","      291100  4"
"4617","      291100  5"
"4618","      291102  2"
"4619","      292  1  3"
"4620","      292  3  2"
"4621","      292  4  3"
"4622","      292  4  4"
"4623","      292  4  5"
"4624","      292  6  3"
"4625","      292  6  5"
"4626","      292  9  2"
"4627","      292  9  5"
"4628","      292 19  2"
"4629","      292 42  2"
"4630","      292 42  3"
"4631","      292 43  2"
"4632","      292 44  1"
"4633","      292 44  5"
"4634","      292 45  2"
"4635","      292 46  2"
"4636","      292 47  2"
"4637","      292 83  2"
"4638","      292 83  3"
"4639","      292 83  4"
"4640","      292 84  2"
"4641","      292 84  5"
"4642","      292 84  6"
"4643","      292 86  2"
"4644","      292 87  6"
"4645","      292 88  2"
"4646","      292 88  4"
"4647","      292129  2"
"4648","      292130  2"
"4649","      292131  4"
"4650","      292132  2"
"4651","      292132  3"
"4652","      292132  4"
"4653","      292132  7"
"4654","      292133  2"
"4655","      292133  4"
"4656","      292134  1"
"4657","      292134  4"
"4658","      292136  1"
"4659","      292136  3"
"4660","      292137  3"
"4661","      292137  4"
"4662","      292137  8"
"4663","      293  9  2"
"4664","      293 10  3"
"4665","      293 10  6"
"4666","      293 10  7"
"4667","      293 11  2"
"4668","      293 12  2"
"4669","      293 13  1"
"4670","      293 14  2"
"4671","      293 15  2"
"4672","      293 16  2"
"4673","      293 67  3"
"4674","      293 67  4"
"4675","      293 68  3"
"4676","      293 69  3"
"4677","      293 70  3"
"4678","      293 71  2"
"4679","      293121  2"
"4680","      293121  4"
"4681","      293122  2"
"4682","      293123  2"
"4683","      293124  2"
"4684","      295  1  2"
"4685","      295  2  2"
"4686","      295  3  2"
"4687","      295  5  2"
"4688","      295  6  3"
"4689","      295  8  2"
"4690","      295 26  2"
"4691","      295 27  5"
"4692","      295 28  1"
"4693","      295 29  2"
"4694","      295 30  2"
"4695","      295 32  2"
"4696","      295 51  2"
"4697","      295 51  6"
"4698","      295 53  2"
"4699","      295 55  2"
"4700","      295 56  3"
"4701","      295 57  2"
"4702","      295 58  2"
"4703","      296 10  2"
"4704","      296 10  3"
"4705","      296 11  2"
"4706","      296 12  2"
"4707","      296 13  1"
"4708","      296 14  2"
"4709","      296 15  2"
"4710","      296 16  2"
"4711","      296 16  3"
"4712","      296 49  2"
"4713","      296 50  2"
"4714","      296 51  2"
"4715","      296 52  4"
"4716","      296 52  6"
"4717","      296 56  2"
"4718","      296 81  3"
"4719","      296 82  2"
"4720","      296 82  3"
"4721","      296 83  2"
"4722","      296 84  2"
"4723","      296 84  3"
"4724","      296 85  3"
"4725","      296 86  2"
"4726","      296 87  2"
"4727","      296 87  3"
"4728","      296 87  4"
"4729","      296 88  2"
"4730","      296121  2"
"4731","      296121  3"
"4732","      296121  8"
"4733","      296122  2"
"4734","      296123  3"
"4735","      296123  4"
"4736","      296123  5"
"4737","      296123  7"
"4738","      296124  5"
"4739","      297 17  2"
"4740","      297 18  2"
"4741","      297 19  4"
"4742","      297 20  2"
"4743","      297 21  3"
"4744","      297 22  2"
"4745","      297 23  3"
"4746","      297 24  2"
"4747","      297 25  2"
"4748","      297 25  3"
"4749","      297 25  4"
"4750","      297 25  5"
"4751","      297 41  4"
"4752","      297 42  2"
"4753","      297 43  3"
"4754","      297 44  2"
"4755","      297 45  2"
"4756","      297 46  2"
"4757","      297 48  3"
"4758","      297 49  2"
"4759","      297 49  3"
"4760","      297 73  3"
"4761","      297 73  6"
"4762","      297 74  2"
"4763","      297 75  2"
"4764","      297 76  2"
"4765","      297 78  2"
"4766","      297 79  2"
"4767","      297 80  2"
"4768","      297 80  3"
"4769","      297 81  4"
"4770","      300  1  2"
"4771","      300  1  3"
"4772","      300  1  4"
"4773","      300  2  1"
"4774","      300  3  3"
"4775","      300  4  2"
"4776","      300  6  2"
"4777","      300  7  2"
"4778","      300 27  2"
"4779","      300 28  1"
"4780","      300 30  2"
"4781","      300 31  2"
"4782","      300 50  2"
"4783","      300 50  3"
"4784","      300 51  3"
"4785","      300 51  4"
"4786","      300 51  7"
"4787","      300 52  2"
"4788","      300 53  2"
"4789","      300 54  4"
"4790","      300 55  2"
"4791","      300 56  2"
"4792","      300 57  2"
"4793","      300 57  3"
"4794","      300 75  3"
"4795","      300 75  4"
"4796","      300 76  2"
"4797","      300 77  1"
"4798","      300 79  2"
"4799","      300 80  2"
"4800","      300 98  2"
"4801","      300 99  2"
"4802","      300100  2"
"4803","      300100  4"
"4804","      300105  2"
"4805","      301  9  4"
"4806","      301  9  5"
"4807","      301 13  2"
"4808","      301 15  2"
"4809","      301 16  2"
"4810","      301 34  2"
"4811","      301 35  3"
"4812","      301 36  1"
"4813","      301 37  2"
"4814","      301 39  1"
"4815","      301 60  2"
"4816","      302  1  2"
"4817","      302  2  1"
"4818","      302  3  5"
"4819","      302  4  2"
"4820","      302  4  4"
"4821","      302  5  1"
"4822","      302  6  2"
"4823","      302  7  4"
"4824","      302  7  5"
"4825","      302  7  7"
"4826","      302  8  2"
"4827","      302 25  6"
"4828","      302 26  2"
"4829","      302 30  2"
"4830","      302 32  2"
"4831","      302 49  2"
"4832","      302 50  2"
"4833","      302 51  3"
"4834","      302 52  2"
"4835","      302 55  2"
"4836","      302 56  2"
"4837","      302 73  2"
"4838","      302 73  4"
"4839","      302 74  2"
"4840","      302 75  3"
"4841","      305 10  2"
"4842","      305 11  2"
"4843","      305 13  2"
"4844","      305 13  4"
"4845","      305 14  2"
"4846","      305 14  5"
"4847","      305 15  5"
"4848","      305 16  2"
"4849","      305 41  2"
"4850","      305 42  2"
"4851","      305 44  2"
"4852","      305 45  2"
"4853","      305 45  3"
"4854","      305 46  6"
"4855","      305 46  8"
"4856","      305 48  2"
"4857","      305 74  2"
"4858","      306 17  2"
"4859","      306 17  7"
"4860","      306 19  2"
"4861","      306 21  2"
"4862","      306 23  2"
"4863","      306 24  2"
"4864","      306 25  5"
"4865","      306 58  2"
"4866","      306 60  2"
"4867","      306 60  3"
"4868","      306 60  7"
"4869","      306 61  2"
"4870","      306 62  2"
"4871","      306 64  2"
"4872","      306 64  3"
"4873","      306 65  2"
"4874","      306 66  3"
"4875","      307 18  2"
"4876","      307 18  4"
"4877","      307 19  2"
"4878","      307 20  2"
"4879","      307 21  2"
"4880","      307 22  2"
"4881","      307 22  4"
"4882","      307 23  3"
"4883","      307 24  2"
"4884","      307 24  4"
"4885","      307 42  1"
"4886","      307 46  2"
"4887","      307 47  2"
"4888","      307 65  3"
"4889","      307 66  2"
"4890","      307 67  2"
"4891","      307 68  2"
"4892","      307 70  2"
"4893","      307 71  2"
"4894","      307 72  2"
"4895","      308 10  2"
"4896","      308 12  2"
"4897","      308 13  2"
"4898","      308 15  2"
"4899","      308 15  3"
"4900","      308 49  2"
"4901","      308 50  2"
"4902","      308 50  3"
"4903","      308 51  2"
"4904","      310  1  2"
"4905","      310  2  4"
"4906","      310  4  2"
"4907","      310  5  2"
"4908","      310  6  2"
"4909","      310 34  2"
"4910","      310 35  2"
"4911","      310 37  1"
"4912","      310 38  2"
"4913","      310 39  2"
"4914","      310 66  2"
"4915","      310 68  2"
"4916","      310 69  2"
"4917","      310 70  2"
"4918","      310 73  2"
"4919","      311  9  3"
"4920","      311 10  2"
"4921","      311 11  3"
"4922","      311 12  3"
"4923","      311 12  7"
"4924","      311 13  2"
"4925","      311 15  4"
"4926","      311 16  4"
"4927","      311 33  4"
"4928","      311 34  2"
"4929","      311 35  2"
"4930","      311 36  2"
"4931","      311 38  3"
"4932","      311 39  2"
"4933","      311 39  4"
"4934","      311 40  2"
"4935","      311 65  2"
"4936","      311 65  4"
"4937","      311 66  2"
"4938","      311 66  5"
"4939","      311 66  7"
"4940","      311 67  1"
"4941","      311 67  2"
"4942","      311 68  2"
"4943","      311 70  1"
"4944","      311 71  2"
"4945","      311 72  2"
"4946","      311 89  2"
"4947","      311 93  2"
"4948","      311 94  2"
"4949","      311 95  1"
"4950","      311 96  2"
"4951","      311122  2"
"4952","      311123  2"
"4953","      311125  2"
"4954","      312  9  2"
"4955","      312  9  7"
"4956","      312 12  2"
"4957","      312 13  2"
"4958","      312 13  7"
"4959","      312 14  2"
"4960","      312 14  3"
"4961","      312 15  2"
"4962","      312 16  4"
"4963","      312 34  3"
"4964","      312 34  4"
"4965","      312 37  3"
"4966","      312 37  4"
"4967","      312 38  2"
"4968","      312 39  2"
"4969","      312 40  2"
"4970","      312 57  2"
"4971","      312 59  2"
"4972","      312 62  2"
"4973","      312 91  2"
"4974","      315 19  4"
"4975","      315 20  2"
"4976","      315 21  2"
"4977","      315 21  4"
"4978","      315 22  2"
"4979","      315 22  3"
"4980","      315 23  2"
"4981","      315 24  2"
"4982","      315 52  2"
"4983","      315 56  5"
"4984","      315 57  2"
"4985","      316 18  2"
"4986","      316 19  2"
"4987","      316 20  2"
"4988","      316 21  2"
"4989","      316 22  2"
"4990","      316 24  2"
"4991","      316 25  2"
"4992","      316 57  3"
"4993","      316 57  5"
"4994","      316 58  2"
"4995","      316 58  3"
"4996","      316 60  1"
"4997","      316 61  2"
"4998","      316 63  4"
"4999","      316 64  1"
"5000","      316 64  2"
"5001","      316 64  5"
"5002","      316 65  2"
"5003","      316 65  5"
"5004","      316 89  2"
"5005","      316 89  3"
"5006","      316 90  2"
"5007","      316 91  2"
"5008","      316 92  2"
"5009","      316 93  2"
"5010","      316 94  1"
"5011","      316 95  1"
"5012","      316 97  1"
"5013","      317  1  3"
"5014","      317  1  9"
"5015","      317  2  2"
"5016","      317  3  4"
"5017","      317  3  6"
"5018","      317  3  8"
"5019","      317  4  2"
"5020","      317  5  2"
"5021","      317  5  3"
"5022","      317  6  2"
"5023","      317  8  1"
"5024","      317 26  2"
"5025","      317 27  3"
"5026","      317 28  3"
"5027","      317 28  7"
"5028","      317 29  2"
"5029","      317 30  2"
"5030","      317 31  4"
"5031","      317 32  2"
"5032","      317 49  2"
"5033","      317 50  3"
"5034","      317 50  5"
"5035","      317 51  2"
"5036","      317 52  8"
"5037","      317 53  4"
"5038","      317 53  5"
"5039","      317 53  6"
"5040","      317 55  4"
"5041","      317 56  2"
"5042","      317 73  2"
"5043","      317 74  2"
"5044","      317 76  1"
"5045","      317 76  3"
"5046","      317 77  2"
"5047","      317 77  4"
"5048","      317 78  2"
"5049","      317 80  2"
"5050","      317 97  2"
"5051","      317 98  2"
"5052","      317 98  3"
"5053","      317 99  2"
"5054","      317101  1"
"5055","      317101  2"
"5056","      317101  3"
"5057","      319  2  2"
"5058","      319  2  3"
"5059","      319  5  1"
"5060","      319 11  1"
"5061","      319 14  2"
"5062","      319 14  6"
"5063","      319 14  7"
"5064","      319 20  1"
"5065","      319 20  3"
"5066","      319 23  2"
"5067","      319 23  3"
"5068","      319 29  3"
"5069","      319 29  5"
"5070","      319 32  2"
"5071","      319 35  2"
"5072","      319 41  2"
"5073","      319 44  3"
"5074","      319 44  4"
"5075","      319 47  3"
"5076","      319 56  2"
"5077","      319 59  1"
"5078","      319 64  1"
"5079","      319 70  3"
"5080","      319 70  4"
"5081","      319 70  5"
"5082","      319 73  2"
"5083","      319 76  2"
"5084","      319 79  2"
"5085","      319 79  3"
"5086","      319 91  2"
"5087","      320  3  3"
"5088","      320  3  4"
"5089","      320  3  5"
"5090","      320  7  2"
"5091","      320  7  3"
"5092","      320 10  3"
"5093","      320 16  2"
"5094","      320 23  1"
"5095","      320 23  3"
"5096","      320 23  4"
"5097","      320 30  1"
"5098","      320 30  2"
"5099","      320 30  5"
"5100","      320 33  2"
"5101","      320 33  5"
"5102","      320 36  2"
"5103","      320 40  2"
"5104","      320 40  3"
"5105","      320 40  4"
"5106","      320 43  2"
"5107","      320 46  2"
"5108","      320 46  3"
"5109","      320 49  4"
"5110","      320 56  1"
"5111","      320 59  1"
"5112","      320 59  2"
"5113","      320 69  2"
"5114","      320 72  1"
"5115","      320 72  6"
"5116","      320 76  1"
"5117","      320 79  3"
"5118","      320 82  2"
"5119","      320 86  1"
"5120","      323  2  2"
"5121","      323  2  5"
"5122","      323  6  2"
"5123","      323  6  4"
"5124","      323  9  2"
"5125","      323 17  1"
"5126","      323 20  2"
"5127","      323 20  3"
"5128","      323 24  2"
"5129","      323 31  2"
"5130","      323 38  2"
"5131","      323 46  3"
"5132","      323 57  2"
"5133","      323 64  2"
"5134","      323 64  5"
"5135","      323 64  8"
"5136","      323 64  9"
"5137","      323 67  2"
"5138","      323 67  5"
"5139","      323 75  3"
"5140","      323 78  1"
"5141","      323 82  3"
"5142","      324  8  5"
"5143","      324 14  2"
"5144","      324 14  4"
"5145","      324 21  2"
"5146","      324 30  2"
"5147","      324 30  3"
"5148","      324 33  1"
"5149","      324 36  2"
"5150","      324 40  2"
"5151","      324 43  1"
"5152","      324 43  3"
"5153","      324 46  1"
"5154","      324 46  2"
"5155","      324 49  2"
"5156","      324 56  2"
"5157","      324 59  2"
"5158","      324 59  5"
"5159","      324 62  3"
"5160","      324 65  3"
"5161","      324 65  4"
"5162","      324 65  8"
"5163","      324 68  1"
"5164","      324 78  2"
"5165","      324 81  2"
"5166","      324 84  3"
"5167","      324 87  2"
"5168","      324 97  1"
"5169","      324100  1"
"5170","      324110  1"
"5171","      324110  5"
"5172","      324113  2"
"5173","      324116  2"
"5174","      324116  5"
"5175","      324119  2"
"5176","      325  2  2"
"5177","      325  8  2"
"5178","      325 15  2"
"5179","      325 15  3"
"5180","      325 18  2"
"5181","      325 22  2"
"5182","      325 25  1"
"5183","      325 31  3"
"5184","      325 38  2"
"5185","      325 38  4"
"5186","      325 38  5"
"5187","      325 48  2"
"5188","      325 48  4"
"5189","      325 51  1"
"5190","      325 51  2"
"5191","      325 51  4"
"5192","      325 55  3"
"5193","      325 58  1"
"5194","      325 64  4"
"5195","      328  3  6"
"5196","      328 19  1"
"5197","      328 27  2"
"5198","      328 31  1"
"5199","      328 46  3"
"5200","      328 50  7"
"5201","      328 54  2"
"5202","      328 54  3"
"5203","      328 54  5"
"5204","      328 58  2"
"5205","      328 58  3"
"5206","      328 58  4"
"5207","      328 62  3"
"5208","      328 66  2"
"5209","      328 69  3"
"5210","      328 69  4"
"5211","      328 69  5"
"5212","      328 69  6"
"5213","      328 81  2"
"5214","      328 85  2"
"5215","      328 89  2"
"5216","      328 93  3"
"5217","      328 93  4"
"5218","      328 93  6"
"5219","      328 93  8"
"5220","      328 93  9"
"5221","      328 97  2"
"5222","      328100  2"
"5223","      328104  2"
"5224","      328120  1"
"5225","      328124  2"
"5226","      329  3  2"
"5227","      329 19  2"
"5228","      329 22  2"
"5229","      329 22  3"
"5230","      329 29  2"
"5231","      329 29  5"
"5232","      329 32  2"
"5233","      329 35  2"
"5234","      329 45  1"
"5235","      329 48  1"
"5236","      330  2  2"
"5237","      330  6  2"
"5238","      330  9  2"
"5239","      330 17  2"
"5240","      330 21  2"
"5241","      330 32  4"
"5242","      330 36  2"
"5243","      330 36  4"
"5244","      330 43  2"
"5245","      330 47  2"
"5246","      330 54  2"
"5247","      331  3  4"
"5248","      331  3  5"
"5249","      331 11  2"
"5250","      331 15  4"
"5251","      331 19  2"
"5252","      331 22  2"
"5253","      331 26  2"
"5254","      331 45  2"
"5255","      331 49  2"
"5256","      331 53  2"
"5257","      331 61  2"
"5258","      331 65  3"
"5259","      331 68  2"
"5260","      331 72  2"
"5261","      331 72  3"
"5262","      331 72  5"
"5263","      331 76  2"
"5264","      331 76  4"
"5265","      331 80  1"
"5266","      331 80  2"
"5267","      331 84  1"
"5268","      331 91  2"
"5269","      333  7  3"
"5270","      333 20  2"
"5271","      333 29  4"
"5272","      333 33  1"
"5273","      333 38  1"
"5274","      333 42  2"
"5275","      333 47  2"
"5276","      333 47  3"
"5277","      333 56  3"
"5278","      333 60  2"
"5279","      334  5  2"
"5280","      334  8  2"
"5281","      334 14  1"
"5282","      334 14  2"
"5283","      334 14  3"
"5284","      334 17  1"
"5285","      334 17  2"
"5286","      334 20  3"
"5287","      334 23  2"
"5288","      334 26  2"
"5289","      334 28  2"
"5290","      334 31  2"
"5291","      334 40  4"
"5292","      334 40  8"
"5293","      334 43  1"
"5294","      334 46  2"
"5295","      334 49  5"
"5296","      334 52  2"
"5297","      334 55  2"
"5298","      334 57  4"
"5299","      334 57  5"
"5300","      334 63  2"
"5301","      334 69  2"
"5302","      334 72  2"
"5303","      334 75  2"
"5304","      334 75  3"
"5305","      334 78  2"
"5306","      334 81  2"
"5307","      334 81  3"
"5308","      334 81  4"
"5309","      334 86  2"
"5310","      334 89  2"
"5311","      334 92  2"
"5312","      334 92  3"
"5313","      334 95  2"
"5314","      334 98  2"
"5315","      334101  2"
"5316","      334101  3"
"5317","      334101  4"
"5318","      334104  2"
"5319","      334107  1"
"5320","      334107  3"
"5321","      334107  4"
"5322","      334113  2"
"5323","      334115  2"
"5324","      335  1  2"
"5325","      335  5  2"
"5326","      335  8  2"
"5327","      335 10  3"
"5328","      335 13  2"
"5329","      335 15  2"
"5330","      335 18  2"
"5331","      335 20  3"
"5332","      335 23  2"
"5333","      335 33  1"
"5334","      338  8  3"
"5335","      338  8  7"
"5336","      338 17  2"
"5337","      338 21  1"
"5338","      338 38  6"
"5339","      338 38  8"
"5340","      338 46  2"
"5341","      339  4  2"
"5342","      339  4  3"
"5343","      339  4  5"
"5344","      339  9  1"
"5345","      339  9  4"
"5346","      339 18  2"
"5347","      339 27  2"
"5348","      339 40  2"
"5349","      339 49  2"
"5350","      339 49  5"
"5351","      339 54  2"
"5352","      339 54  4"
"5353","      339 54  5"
"5354","      341  9  2"
"5355","      341 10  2"
"5356","      341 11  2"
"5357","      341 12  2"
"5358","      341 13  2"
"5359","      341 14  2"
"5360","      341 15  2"
"5361","      341 15  3"
"5362","      341 16  2"
"5363","      341 16  6"
"5364","      341 33  2"
"5365","      341 34  2"
"5366","      341 35  2"
"5367","      341 36  2"
"5368","      341 37  2"
"5369","      341 39  2"
"5370","      341 57  2"
"5371","      341 57  4"
"5372","      341 57  6"
"5373","      341 58  2"
"5374","      341 59  2"
"5375","      341 60  1"
"5376","      341 61  2"
"5377","      341 62  2"
"5378","      341 63  2"
"5379","      341 81  2"
"5380","      341 83  1"
"5381","      341 84  1"
"5382","      341 85  2"
"5383","      341105  3"
"5384","      341107  2"
"5385","      341109  2"
"5386","      341109  3"
"5387","      341111  2"
"5388","      341112  2"
"5389","      343  9  2"
"5390","      343 12  1"
"5391","      343 17  2"
"5392","      343 18  2"
"5393","      343 19  2"
"5394","      343 21  2"
"5395","      343 24  2"
"5396","      343 33  2"
"5397","      343 34  2"
"5398","      343 36  2"
"5399","      343 37  2"
"5400","      343 37  4"
"5401","      343 38  2"
"5402","      343 49  2"
"5403","      343 51  2"
"5404","      343 55  2"
"5405","      343 56  2"
"5406","      343 58  2"
"5407","      343 59  2"
"5408","      343 60  2"
"5409","      343 61  2"
"5410","      343 63  1"
"5411","      343 64  1"
"5412","      344 13  2"
"5413","      344 14  3"
"5414","      344 15  2"
"5415","      344 15  3"
"5416","      344 15  4"
"5417","      344 16  2"
"5418","      344 28  3"
"5419","      344 29  2"
"5420","      344 31  2"
"5421","      344 32  2"
"5422","      344 32  4"
"5423","      344 32  5"
"5424","      344 49  2"
"5425","      344 51  2"
"5426","      344 52  2"
"5427","      344 54  2"
"5428","      344 54  3"
"5429","      344 56  2"
"5430","      344 65  2"
"5431","      344 66  3"
"5432","      344 67  1"
"5433","      344 68  4"
"5434","      344 70  2"
"5435","      344 71  1"
"5436","      344 81  3"
"5437","      344 85  2"
"5438","      344 85  3"
"5439","      344 85  4"
"5440","      345  9  2"
"5441","      345 14  2"
"5442","      345 16  2"
"5443","      345 16  7"
"5444","      345 27  2"
"5445","      345 28  2"
"5446","      345 29  3"
"5447","      345 32  2"
"5448","      345 51  1"
"5449","      345 52  2"
"5450","      345 52  3"
"5451","      345 53  1"
"5452","      345 54  2"
"5453","      345 56  2"
"5454","      345 65  2"
"5455","      345 67  2"
"5456","      345 68  2"
"5457","      345 70  2"
"5458","      345 71  2"
"5459","      345 72  2"
"5460","      345 72  5"
"5461","      345 81  2"
"5462","      345 82  2"
"5463","      345 84  3"
"5464","      345 85  1"
"5465","      348 17  2"
"5466","      348 18  2"
"5467","      348 19  2"
"5468","      348 20  2"
"5469","      348 21  4"
"5470","      348 22  2"
"5471","      348 24  2"
"5472","      348 49  3"
"5473","      348 50  2"
"5474","      348 50  3"
"5475","      348 53  2"
"5476","      348 53  3"
"5477","      348 54  2"
"5478","      348 55  2"
"5479","      348 56  2"
"5480","      349 17  2"
"5481","      349 18  2"
"5482","      349 18  3"
"5483","      349 21  2"
"5484","      349 23  2"
"5485","      349 42  1"
"5486","      349 42  2"
"5487","      349 43  2"
"5488","      349 57  2"
"5489","      349 60  2"
"5490","      349 63  2"
"5491","      349 64  2"
"5492","      349 81  2"
"5493","      349 82  2"
"5494","      349 83  2"
"5495","      349 84  3"
"5496","      349 85  2"
"5497","      349 87  4"
"5498","      349 88  1"
"5499","      349106  1"
"5500","      349107  2"
"5501","      349109  2"
"5502","      349110  2"
"5503","      349110  5"
"5504","      350 18  2"
"5505","      350 19  2"
"5506","      350 22  2"
"5507","      350 23  5"
"5508","      350 51  3"
"5509","      350 53  2"
"5510","      350 55  2"
"5511","      350 74  2"
"5512","      351  1  1"
"5513","      351  3  4"
"5514","      351  4  2"
"5515","      351  4  4"
"5516","      351  5  2"
"5517","      351  8  1"
"5518","      351 17  2"
"5519","      351 20  2"
"5520","      351 21  2"
"5521","      351 22  2"
"5522","      351 22  3"
"5523","      351 42  3"
"5524","      351 47  2"
"5525","      351 68  2"
"5526","      351 69  3"
"5527","      351 70  3"
"5528","      351 72  3"
"5529","      351 82  2"
"5530","      351 83  2"
"5531","      351 85  4"
"5532","      351 86  2"
"5533","      351 86  4"
"5534","      353  9  2"
"5535","      353 13  2"
"5536","      353 15  2"
"5537","      353 26  2"
"5538","      353 29  2"
"5539","      353 30  2"
"5540","      353 31  2"
"5541","      353 31  5"
"5542","      353 32  2"
"5543","      353 33  2"
"5544","      353 54  2"
"5545","      353 54  3"
"5546","      353 56  2"
"5547","      353 57  2"
"5548","      353 59  3"
"5549","      354  2  2"
"5550","      354  4  2"
"5551","      354  4  3"
"5552","      354  5  2"
"5553","      354  6  2"
"5554","      354  7  2"
"5555","      354 21  2"
"5556","      354 21  6"
"5557","      354 22  2"
"5558","      354 24  2"
"5559","      354 33  2"
"5560","      354 37  2"
"5561","      354 38  2"
"5562","      354 39  2"
"5563","      354 49  2"
"5564","      354 51  3"
"5565","      354 53  1"
"5566","      354 54  8"
"5567","      354 55  2"
"5568","      354 56  2"
"5569","      354 65  3"
"5570","      354 66  2"
"5571","      354 68  2"
"5572","      354 69  2"
"5573","      355  2  2"
"5574","      355  8  2"
"5575","      358 17  3"
"5576","      358 18  1"
"5577","      358 19  1"
"5578","      358 19  2"
"5579","      358 21  2"
"5580","      358 22  2"
"5581","      358 22  5"
"5582","      358 23  2"
"5583","      358 49  3"
"5584","      358 50  2"
"5585","      358 54  4"
"5586","      358 56  2"
"5587","      359  9  6"
"5588","      359 12  3"
"5589","      359 14  2"
"5590","      359 15  2"
"5591","      359 16  2"
"5592","      359 41  2"
"5593","      359 41  4"
"5594","      359 42  2"
"5595","      359 44  2"
"5596","      359 45  4"
"5597","      359 46  2"
"5598","      360  1  2"
"5599","      360  3  2"
"5600","      360  6  2"
"5601","      360  6  3"
"5602","      360  6  4"
"5603","      360  8  2"
"5604","      360 25  2"
"5605","      360 26  2"
"5606","      360 27  2"
"5607","      360 28  2"
"5608","      360 31  2"
"5609","      360 41  2"
"5610","      360 43  2"
"5611","      360 44  2"
"5612","      360 46  2"
"5613","      360 46  3"
"5614","      363  7  2"
"5615","      363  8  2"
"5616","      363 25  2"
"5617","      363 29  2"
"5618","      363 30  2"
"5619","      363 31  2"
"5620","      363 32  2"
"5621","      363 41  2"
"5622","      363 42  2"
"5623","      363 43  2"
"5624","      363 45  2"
"5625","      363 47  2"
"5626","      363 48  2"
"5627","      363 73  2"
"5628","      363 74  2"
"5629","      363 76  2"
"5630","      363 77  2"
"5631","      363 79  2"
"5632","      363 91  3"
"5633","      363 92  2"
"5634","      363 92  3"
"5635","      363 93  3"
"5636","      363 96  2"
"5637","      363 97  2"
"5638","      364  1  2"
"5639","      364  2  2"
"5640","      364  3  2"
"5641","      364  4  2"
"5642","      364  7  2"
"5643","      364  8  2"
"5644","      364  8  3"
"5645","      364 33  2"
"5646","      364 33  5"
"5647","      364 34  2"
"5648","      364 35  2"
"5649","      364 36  2"
"5650","      364 37  2"
"5651","      364 38  2"
"5652","      364 40  2"
"5653","      364 65  2"
"5654","      364 66  2"
"5655","      364 67  2"
"5656","      364 68  2"
"5657","      364 69  1"
"5658","      364 72  2"
"5659","      364 91  2"
"5660","      364 92  2"
"5661","      364 93  2"
"5662","      365 17  3"
"5663","      365 18  2"
"5664","      365 19  2"
"5665","      365 20  2"
"5666","      365 22  2"
"5667","      365 23  2"
"5668","      365 24  2"
"5669","      365 57  2"
"5670","      365 58  2"
"5671","      365 59  2"
"5672","      365 61  2"
"5673","      365 62  2"
"5674","      365 63  2"
"5675","      365 64  2"
"5676","      365 97  2"
"5677","      365 98  2"
"5678","      365 99  2"
"5679","      365100  2"
"5680","      366 19  2"
"5681","      366 20  2"
"5682","      366 22  2"
"5683","      366 51  2"
"5684","      366 51  3"
"5685","      366 51  4"
"5686","      366 52  1"
"5687","      366 54  2"
"5688","      366 55  2"
"5689","      366 56  2"
"5690","      366 74  2"
"5691","      366 74  3"
"5692","      366 75  2"
"5693","      366 76  1"
"5694","      366 76  2"
"5695","      366 77  5"
"5696","      366 78  3"
"5697","      366 79  2"
"5698","      366 80  2"
"5699","      366 80  3"
"5700","      366 80  4"
"5701","      366 80  6"
"5702","      366 99  2"
"5703","      366101  2"
"5704","      366101  3"
"5705","      366102  2"
"5706","      366103  2"
"5707","      366104  2"
"5708","      366129  2"
"5709","      366132  3"
"5710","      366135  2"
"5711","      368 11  2"
"5712","      368 12  2"
"5713","      368 13  2"
"5714","      368 14  2"
"5715","      368 15  2"
"5716","      368 16  2"
"5717","      368 17  2"
"5718","      368 44  2"
"5719","      368 45  4"
"5720","      368 45  5"
"5721","      368 46  2"
"5722","      368 48  2"
"5723","      368 49  2"
"5724","      368 68  2"
"5725","      368 69  2"
"5726","      368 71  2"
"5727","      368 72  1"
"5728","      368 72  2"
"5729","      368 72  4"
"5730","      368 73  2"
"5731","      368 74  2"
"5732","      368 75  2"
"5733","      368100  2"
"5734","      368100  3"
"5735","      368100  8"
"5736","      368101  2"
"5737","      368101  3"
"5738","      368102  3"
"5739","      368103  1"
"5740","      368103  2"
"5741","      368104  1"
"5742","      368105  2"
"5743","      369  2  2"
"5744","      369  6  2"
"5745","      369 11  2"
"5746","      369 16  2"
"5747","      369 20  2"
"5748","      369 20  5"
"5749","      369 25  2"
"5750","      369 34  1"
"5751","      369 38  2"
"5752","      369 38  3"
"5753","      369 38  4"
"5754","      369 47  2"
"5755","      369 52  2"
"5756","      369 56  2"
"5757","      369 61  2"
"5758","      369 61  3"
"5759","      369 88  2"
"5760","      369 93  3"
"5761","      369 93  7"
"5762","      369 97  2"
"5763","      369102  2"
"5764","      369116  2"
"5765","      369120  2"
"5766","      369125  4"
"5767","      369134  1"
"5768","      369138  2"
"5769","      370  6  2"
"5770","      370 12  2"
"5771","      370 17  5"
"5772","      370 23  2"
"5773","      370 35  2"
"5774","      370 41  2"
"5775","      370 53  2"
"5776","      370 64  4"
"5777","      370 64  8"
"5778","      370 70  3"
"5779","      370 94  2"
"5780","      370 99  2"
"5781","      370111  2"
"5782","      370123  2"
"5783","      370123  3"
"5784","      370123  4"
"5785","      370129  2"
"5786","      370134  2"
"5787","      370134  3"
"5788","      370146  1"
"5789","      370152  2"
"5790","      370158  3"
"5791","      370164  2"
"5792","      370170  2"
"5793","      370170  7"
"5794","      370175  2"
"5795","      370181  2"
"5796","      370199  2"
"5797","      370199  3"
"5798","      370211  2"
"5799","      370211  3"
"5800","      370211  4"
"5801","      370216  3"
"5802","      370222  4"
"5803","      370228  2"
"5804","      370228  4"
"5805","      370228  5"
"5806","      370228  9"
"5807","      370234  2"
"5808","      371  3  6"
"5809","      371  7  2"
"5810","      371  7  3"
"5811","      371 11  6"
"5812","      371 15  2"
"5813","      371 19  2"
"5814","      371 19  4"
"5815","      371 32  2"
"5816","      371 36  2"
"5817","      371 41  3"
"5818","      371 41  6"
"5819","      371 45  4"
"5820","      371 49  1"
"5821","      371 53  2"
"5822","      371 57  2"
"5823","      371 57  3"
"5824","      371 57  4"
"5825","      371 57  7"
"5826","      371 62  2"
"5827","      371 66  1"
"5828","      371 66  2"
"5829","      371 74  2"
"5830","      371 83  3"
"5831","      371 83  4"
"5832","      371 87  2"
"5833","      371 91  2"
"5834","      371 95  3"
"5835","      371 95  4"
"5836","      371 99  2"
"5837","      371104  2"
"5838","      371108  2"
"5839","      371112  1"
"5840","      371116  2"
"5841","      371121  2"
"5842","      371125  2"
"5843","      371129  2"
"5844","      371137  2"
"5845","      371150  2"
"5846","      371158  6"
"5847","      373  4  2"
"5848","      373  9  2"
"5849","      373 24  2"
"5850","      373 33  1"
"5851","      373 38  5"
"5852","      373 48  1"
"5853","      373 48  2"
"5854","      373 53  1"
"5855","      373 73  2"
"5856","      373 78  1"
"5857","      373 83  2"
"5858","      373 88  2"
"5859","      373 88  3"
"5860","      373 88  4"
"5861","      373 98  2"
"5862","      373103  1"
"5863","      373108  7"
"5864","      373113  3"
"5865","      373123  2"
"5866","      373123  3"
"5867","      373123  4"
"5868","      374  1  1"
"5869","      374  6  1"
"5870","      374 11  2"
"5871","      374 16  1"
"5872","      374 16  2"
"5873","      374 21  2"
"5874","      374 31  2"
"5875","      374 36  2"
"5876","      374 67  2"
"5877","      374 77  2"
"5878","      374 87  2"
"5879","      374 92  2"
"5880","      374 92  3"
"5881","      374 97  2"
"5882","      374102  1"
"5883","      374102  4"
"5884","      374102  5"
"5885","      374107  1"
"5886","      374112  1"
"5887","      374117  3"
"5888","      374122  1"
"5889","      374122  2"
"5890","      374127  2"
"5891","      374137  1"
"5892","      374142  1"
"5893","      374152  2"
"5894","      374152  3"
"5895","      374152  4"
"5896","      375  2  2"
"5897","      375  5  2"
"5898","      375  5  6"
"5899","      375  9  1"
"5900","      375  9  2"
"5901","      375 12  2"
"5902","      375 12  3"
"5903","      375 25  2"
"5904","      375 29  2"
"5905","      375 32  2"
"5906","      375 35  2"
"5907","      375 48  2"
"5908","      375 48  6"
"5909","      375 55  2"
"5910","      375 68  2"
"5911","      375 72  3"
"5912","      375 75  2"
"5913","      375 78  2"
"5914","      375 81  2"
"5915","      375 85  2"
"5916","      375 88  2"
"5917","      375 88  3"
"5918","      375 95  2"
"5919","      375 98  2"
"5920","      375101  2"
"5921","      375101  3"
"5922","      375101  8"
"5923","      375105  1"
"5924","      375108  1"
"5925","      375118  2"
"5926","      375121  2"
"5927","      375121  4"
"5928","      375124  2"
"5929","      375128  3"
"5930","      378  5  2"
"5931","      378  7  2"
"5932","      378  9  2"
"5933","      378 12  2"
"5934","      378 14  2"
"5935","      378 14  3"
"5936","      378 14  4"
"5937","      378 16  2"
"5938","      378 16  5"
"5939","      378 19  2"
"5940","      378 19  5"
"5941","      378 21  1"
"5942","      378 23  2"
"5943","      378 30  2"
"5944","      378 33  2"
"5945","      378 35  2"
"5946","      378 40  1"
"5947","      378 40  2"
"5948","      378 42  1"
"5949","      378 49  2"
"5950","      378 49  3"
"5951","      378 49  4"
"5952","      378 56  2"
"5953","      378 61  3"
"5954","      378 63  1"
"5955","      378 65  2"
"5956","      378 68  4"
"5957","      378 70  2"
"5958","      378 72  2"
"5959","      378 75  2"
"5960","      378 77  2"
"5961","      378 80  3"
"5962","      378 80  4"
"5963","      378 80  5"
"5964","      378 82 10"
"5965","      378 82 12"
"5966","      378 84  2"
"5967","      378 89  2"
"5968","      379  1  2"
"5969","      379  1  5"
"5970","      379  6  1"
"5971","      379  6  2"
"5972","      379 12  2"
"5973","      379 15  2"
"5974","      379 21  2"
"5975","      379 23  1"
"5976","      379 26  2"
"5977","      379 28  2"
"5978","      379 30  1"
"5979","      379 35  1"
"5980","      379 35  2"
"5981","      379 37  2"
"5982","      379 37  4"
"5983","      379 39  2"
"5984","      379 40  2"
"5985","      379 42  2"
"5986","      379 42  8"
"5987","      379 44  2"
"5988","      379 46  2"
"5989","      379 48  2"
"5990","      379 48  3"
"5991","      379 48  4"
"5992","      380  9  1"
"5993","      380 12  2"
"5994","      380 14  1"
"5995","      380 16  2"
"5996","      380 18  4"
"5997","      380 20  2"
"5998","      380 20  7"
"5999","      380 22  2"
"6000","      380 24  1"
"6001","      380 38  2"
"6002","      380 40  1"
"6003","      380 42  2"
"6004","      380 42  7"
"6005","      380 45  2"
"6006","      380 45  3"
"6007","      380 47  2"
"6008","      380 49  2"
"6009","      380 51  3"
"6010","      380 51  4"
"6011","      380 53  2"
"6012","      380 55  2"
"6013","      380 57  2"
"6014","      380 61  2"
"6015","      380 63  3"
"6016","      381  1  1"
"6017","      381  4  1"
"6018","      381  8  2"
"6019","      381 15  2"
"6020","      381 17  1"
"6021","      381 22  3"
"6022","      381 24  2"
"6023","      381 26  1"
"6024","      381 28  2"
"6025","      381 33  2"
"6026","      381 37  2"
"6027","      381 40  2"
"6028","      381 42  2"
"6029","      381 46  2"
"6030","      381 49  2"
"6031","      381 51  2"
"6032","      381 58  3"
"6033","      381 62  4"
"6034","      381 69  2"
"6035","      381 71  2"
"6036","      381 71  7"
"6037","      381 76  2"
"6038","      381 80  2"
"6039","      381 89  2"
"6040","      383  1  1"
"6041","      383  3  6"
"6042","      383  5  2"
"6043","      383  7  2"
"6044","      383  7  5"
"6045","      383 14  2"
"6046","      383 14  9"
"6047","      383 16  2"
"6048","      383 18  2"
"6049","      383 18  6"
"6050","      383 20  3"
"6051","      383 26  1"
"6052","      383 30  2"
"6053","      383 30  3"
"6054","      383 32  2"
"6055","      383 34  1"
"6056","      383 38  2"
"6057","      383 38  3"
"6058","      383 38  5"
"6059","      383 38  6"
"6060","      383 41  2"
"6061","      383 43  2"
"6062","      383 43  4"
"6063","      383 47  2"
"6064","      383 47  3"
"6065","      383 49  2"
"6066","      383 55  2"
"6067","      383 59  2"
"6068","      383 63  1"
"6069","      383 70  2"
"6070","      383 72  3"
"6071","      383 74  1"
"6072","      383 78  1"
"6073","      383 78  2"
"6074","      383 80  4"
"6075","      383 82  2"
"6076","      384  4  2"
"6077","      384  7  2"
"6078","      384 10  2"
"6079","      384 22  2"
"6080","      384 25  2"
"6081","      384 31  2"
"6082","      384 43  2"
"6083","      384 46  2"
"6084","      384 52  2"
"6085","      384 55  2"
"6086","      384 79  2"
"6087","      385  2  3"
"6088","      385  8  2"
"6089","      385 14  1"
"6090","      385 20  2"
"6091","      385 23  2"
"6092","      385 38  2"
"6093","      385 41  2"
"6094","      385 41  3"
"6095","      385 50  1"
"6096","      385 50  2"
"6097","      385 53  1"
"6098","      385 53  2"
"6099","      385 57  2"
"6100","      385 57  3"
"6101","      388  3  2"
"6102","      388  4  2"
"6103","      388  5  2"
"6104","      388  6  2"
"6105","      388  7  2"
"6106","      388 19  1"
"6107","      388 20  2"
"6108","      388 23  2"
"6109","      388 24  2"
"6110","      388 42  2"
"6111","      388 43  2"
"6112","      388 44  2"
"6113","      388 48  2"
"6114","      388 48  5"
"6115","      388 57  1"
"6116","      388 58  2"
"6117","      388 59  2"
"6118","      388 60  2"
"6119","      388 64  2"
"6120","      388 73  2"
"6121","      388 75  2"
"6122","      388 77  2"
"6123","      388 78  3"
"6124","      388 79  2"
"6125","      388 80  2"
"6126","      389  9  2"
"6127","      389 12  2"
"6128","      389 15  2"
"6129","      389 33  2"
"6130","      389 33  5"
"6131","      389 37  2"
"6132","      389 38  2"
"6133","      389 39  2"
"6134","      389 39  5"
"6135","      389 40  2"
"6136","      389 40  3"
"6137","      389 58  2"
"6138","      389 59  2"
"6139","      389 59  3"
"6140","      389 60  2"
"6141","      389 60  4"
"6142","      389 61  2"
"6143","      389 63  2"
"6144","      389 81  2"
"6145","      389 81  5"
"6146","      389 82  2"
"6147","      389 83  3"
"6148","      389 84  2"
"6149","      389 84  6"
"6150","      389 85  2"
"6151","      389 86  2"
"6152","      389 87  2"
"6153","      389 88  5"
"6154","      389107  1"
"6155","      389108  2"
"6156","      389110  2"
"6157","      389111  2"
"6158","      390  1  2"
"6159","      390  2  2"
"6160","      390  3  2"
"6161","      390  5  2"
"6162","      390  6  2"
"6163","      390  7  1"
"6164","      390 17  2"
"6165","      390 18  1"
"6166","      390 18  2"
"6167","      390 19  2"
"6168","      390 21  2"
"6169","      390 21 10"
"6170","      390 22  2"
"6171","      390 23  1"
"6172","      390 24  2"
"6173","      390 33  4"
"6174","      390 36  2"
"6175","      390 37  2"
"6176","      390 37  3"
"6177","      390 38  2"
"6178","      390 40  2"
"6179","      390 40  3"
"6180","      390 41  2"
"6181","      390 45  3"
"6182","      390 45  4"
"6183","      390 47  8"
"6184","      390 48  2"
"6185","      390 57  2"
"6186","      390 58  3"
"6187","      391  9  1"
"6188","      391 10  2"
"6189","      391 10  3"
"6190","      391 11  1"
"6191","      391 12  1"
"6192","      391 15  2"
"6193","      391 33  2"
"6194","      391 33  7"
"6195","      391 60  2"
"6196","      391 60  4"
"6197","      391 62  2"
"6198","      391 63  2"
"6199","      391 64  2"
"6200","      391165  2"
"6201","      393  1  2"
"6202","      393  2  2"
"6203","      393  3  3"
"6204","      393  5  2"
"6205","      393  7  2"
"6206","      393 18  2"
"6207","      393 19  2"
"6208","      393 19  4"
"6209","      393 20  2"
"6210","      393 22  3"
"6211","      393 35  2"
"6212","      393 38  2"
"6213","      393 40  2"
"6214","      393 49  2"
"6215","      393 50  2"
"6216","      393 53  3"
"6217","      393 55  2"
"6218","      393 56  2"
"6219","      393 59  3"
"6220","      394  1  3"
"6221","      394  1  4"
"6222","      394  2  2"
"6223","      394  2  7"
"6224","      394  5  2"
"6225","      394  6  2"
"6226","      394 27  2"
"6227","      394 29  1"
"6228","      394 30  3"
"6229","      394 31  2"
"6230","      394 32  1"
"6231","      394 42  2"
"6232","      394 43  2"
"6233","      394 44  2"
"6234","      394 46  2"
"6235","      394 48  2"
"6236","      394 65  3"
"6237","      394 65  9"
"6238","      394 67  2"
"6239","      394 69  2"
"6240","      394 70  2"
"6241","      394 71  2"
"6242","      394 72  2"
"6243","      394 90  2"
"6244","      394 92  2"
"6245","      394 94  2"
"6246","      394 95  1"
"6247","      395 11  2"
"6248","      395 12  2"
"6249","      395 13  2"
"6250","      395 15  2"
"6251","      395 39  2"
"6252","      395 49  2"
"6253","      395 51  2"
"6254","      395 52  3"
"6255","      398  9  2"
"6256","      398 10  2"
"6257","      398 11  2"
"6258","      398 11  3"
"6259","      398 11 12"
"6260","      398 13  2"
"6261","      398 13  3"
"6262","      398 13  4"
"6263","      398 14  2"
"6264","      398 14  3"
"6265","      398 15  2"
"6266","      398 16  2"
"6267","      398 33  3"
"6268","      398 33  4"
"6269","      398 37  2"
"6270","      398 57  2"
"6271","      398 58  2"
"6272","      398 59  6"
"6273","      398 59  7"
"6274","      398 60  2"
"6275","      398 61  2"
"6276","      398 65  2"
"6277","      398 65  3"
"6278","      398 65  5"
"6279","      398 66  4"
"6280","      399  9  2"
"6281","      399 11  2"
"6282","      399 12  3"
"6283","      399 13  2"
"6284","      399 14  1"
"6285","      399 26  2"
"6286","      399 32  3"
"6287","      399 41  2"
"6288","      399 42  2"
"6289","      399 44  2"
"6290","      399 45  2"
"6291","      399 46  2"
"6292","      399 47  2"
"6293","      399 65  2"
"6294","      399 66  2"
"6295","      399 68  2"
"6296","      399 69  1"
"6297","      399 70  2"
"6298","      399 70  3"
"6299","      399 70  4"
"6300","      399 71  2"
"6301","      399 71  4"
"6302","      399 72  2"
"6303","      399 81  3"
"6304","      399 83  3"
"6305","      399 84  2"
"6306","      399 85  2"
"6307","      399 86  5"
"6308","      399 87  2"
"6309","      399 88  2"
"6310","      400  1  2"
"6311","      400  3  2"
"6312","      400  5  2"
"6313","      400  8  2"
"6314","      400 17  2"
"6315","      400 18  1"
"6316","      400 19  2"
"6317","      400 20  2"
"6318","      400 36  2"
"6319","      400 38  2"
"6320","      400 39  2"
"6321","      400 50  3"
"6322","      400 50  4"
"6323","      400 50  7"
"6324","      400 51  2"
"6325","      400 51  4"
"6326","      400 52  2"
"6327","      400 54  2"
"6328","      400 65  1"
"6329","      400 66  2"
"6330","      400 67  2"
"6331","      400 68  2"
"6332","      400 69  2"
"6333","      400 71  2"
"6334","      400 72  2"
"6335","      403 13  2"
"6336","      403 16  2"
"6337","      403 25  2"
"6338","      403 26  2"
"6339","      403 27  2"
"6340","      403 29  2"
"6341","      403 30  2"
"6342","      403 31  2"
"6343","      403 32  1"
"6344","      403 42  2"
"6345","      403 43  2"
"6346","      403 45  5"
"6347","      403 45  6"
"6348","      403 46  2"
"6349","      403 47  2"
"6350","      403 47  4"
"6351","      403 48  2"
"6352","      403 65  2"
"6353","      403 67  2"
"6354","      403 69  2"
"6355","      403 70  3"
"6356","      403 70  4"
"6357","      403 70  6"
"6358","      403 71  2"
"6359","      403 71  3"
"6360","      403 83  2"
"6361","      403 84  2"
"6362","      403 86  2"
"6363","      403 88  2"
"6364","      404 17  2"
"6365","      404 18  2"
"6366","      404 20  3"
"6367","      404 21  2"
"6368","      404 22  2"
"6369","      404 22  4"
"6370","      404 23  2"
"6371","      404 23  4"
"6372","      404 24  2"
"6373","      404 49  2"
"6374","      404 51  2"
"6375","      404 53  2"
"6376","      404 55  2"
"6377","      404 56  2"
"6378","      404 73  2"
"6379","      404 73  8"
"6380","      404 74  2"
"6381","      404 75  2"
"6382","      404 76  1"
"6383","      404 76  9"
"6384","      404 77  2"
"6385","      404 78  2"
"6386","      404 78  7"
"6387","      404 79  2"
"6388","      404105  2"
"6389","      404105  9"
"6390","      404106  2"
"6391","      404107  2"
"6392","      404108  2"
"6393","      404110  2"
"6394","      404110  4"
"6395","      404111  2"
"6396","      404112  2"
"6397","      404112  3"
"6398","      404138  2"
"6399","      404141  2"
"6400","      404142  2"
"6401","      404143  2"
"6402","      404144  2"
"6403","      405  2  2"
"6404","      405  3  2"
"6405","      405  5  2"
"6406","      405  8  2"
"6407","      405 18  1"
"6408","      405 23  2"
"6409","      405 25  2"
"6410","      405 27  2"
"6411","      405 29  2"
"6412","      406  3  2"
"6413","      406  5  2"
"6414","      406  5  3"
"6415","      406  8  2"
"6416","      406  9  2"
"6417","      406  9  3"
"6418","      406 18  2"
"6419","      406 21  2"
"6420","      406 22  2"
"6421","      406 23  2"
"6422","      406 24  2"
"6423","      406 26  2"
"6424","      406 30  3"
"6425","      406 32  2"
"6426","      406 43  2"
"6427","      406 44  2"
"6428","      406 47  2"
"6429","      406 49  2"
"6430","      406 50  2"
"6431","      406 53  2"
"6432","      406 55  2"
"6433","      406 56  2"
"6434","      408 10  2"
"6435","      408 11  2"
"6436","      408 12  1"
"6437","      408 12  3"
"6438","      408 14  1"
"6439","      408 15  2"
"6440","      408 16  2"
"6441","      408 16  6"
"6442","      408 25  5"
"6443","      408 26  1"
"6444","      408 27  2"
"6445","      408 29  1"
"6446","      408 30  2"
"6447","      408 31  3"
"6448","      408 32  3"
"6449","      408 49  2"
"6450","      408 51  2"
"6451","      408 53  2"
"6452","      408 56  2"
"6453","      408 66  2"
"6454","      408 67  2"
"6455","      408 68  3"
"6456","      408 69  2"
"6457","      408 81  2"
"6458","      408 84  2"
"6459","      408 85  2"
"6460","      408 86  2"
"6461","      408 87  6"
"6462","      408 88  2"
"6463","      409  2  2"
"6464","      409  4  2"
"6465","      409  5  2"
"6466","      409  6  1"
"6467","      409  6  2"
"6468","      409  6  3"
"6469","      409  7  2"
"6470","      409 17  2"
"6471","      409 18  2"
"6472","      409 19  3"
"6473","      409 20  1"
"6474","      409 20  2"
"6475","      409 21  3"
"6476","      409 21  4"
"6477","      409 23  3"
"6478","      409 33  3"
"6479","      409 35  2"
"6480","      409 35  3"
"6481","      409 36  2"
"6482","      409 37  3"
"6483","      409 38  4"
"6484","      409 39  2"
"6485","      409 40  1"
"6486","      409 41  3"
"6487","      409 41  5"
"6488","      409 42  5"
"6489","      409 43  2"
"6490","      409 44  2"
"6491","      409 45  2"
"6492","      410 12  2"
"6493","      410 13  2"
"6494","      410 14  2"
"6495","      410 16  2"
"6496","      410 27  2"
"6497","      410 28  2"
"6498","      410 31  2"
"6499","      410 32  2"
"6500","      410 32  3"
"6501","      410 41  2"
"6502","      410 42  2"
"6503","      410 43  2"
"6504","      410 44  2"
"6505","      410 44  7"
"6506","      410 45  2"
"6507","      410 47  2"
"6508","      410 57  2"
"6509","      410 60  4"
"6510","      410 76  2"
"6511","      410 77  2"
"6512","      410 78  2"
"6513","      410 79  2"
"6514","      410 80  2"
"6515","      413 10  2"
"6516","      413 11  3"
"6517","      413 12  2"
"6518","      413 15  2"
"6519","      413 16  2"
"6520","      413 35  2"
"6521","      413 36  4"
"6522","      413 39  2"
"6523","      413 40  2"
"6524","      413 41  2"
"6525","      413 42  2"
"6526","      413 60  2"
"6527","      413 61  2"
"6528","      413 61  4"
"6529","      413 62  2"
"6530","      413 64  2"
"6531","      413 64  4"
"6532","      413 65  2"
"6533","      413 65  3"
"6534","      413 66  2"
"6535","      413 67  2"
"6536","      413 84  2"
"6537","      413 85  2"
"6538","      413 86  2"
"6539","      413 88  2"
"6540","      413 89  2"
"6541","      413 91  2"
"6542","      413109  2"
"6543","      413110  2"
"6544","      413111  2"
"6545","      413113  4"
"6546","      413115  2"
"6547","      414 11  2"
"6548","      414 14  1"
"6549","      414 33  2"
"6550","      414 39  3"
"6551","      414 40  3"
"6552","      414 41  1"
"6553","      414 60  2"
"6554","      414 61  2"
"6555","      414 63  2"
"6556","      414 81  1"
"6557","      414 81  2"
"6558","      414 83  2"
"6559","      414 84  2"
"6560","      414 85  2"
"6561","      414 87  2"
"6562","      415  1  2"
"6563","      415  1  3"
"6564","      415  6  2"
"6565","      415  7  2"
"6566","      415  8  2"
"6567","      415 17  2"
"6568","      415 22  2"
"6569","      415 24  1"
"6570","      415 33  2"
"6571","      415 35  2"
"6572","      415 38  2"
"6573","      415 39  2"
"6574","      415 39  3"
"6575","      415 40  2"
"6576","      415 49  2"
"6577","      415 51  4"
"6578","      415 52  2"
"6579","      415 55  4"
"6580","      415 65  2"
"6581","      415 66  2"
"6582","      415 67  2"
"6583","      415 70  2"
"6584","      415 71  2"
"6585","      415 71  3"
"6586","      415 72  3"
"6587","      418 10  2"
"6588","      418 12  2"
"6589","      418 13  2"
"6590","      418 28  2"
"6591","      418 29  2"
"6592","      418 29  4"
"6593","      418 29  5"
"6594","      418 30  3"
"6595","      418 30  4"
"6596","      418 32  2"
"6597","      418 49  2"
"6598","      418 51  2"
"6599","      418 53  2"
"6600","      418 56  2"
"6601","      418 66  2"
"6602","      418 67  2"
"6603","      418 67  3"
"6604","      418 70  2"
"6605","      418 71  2"
"6606","      418 72  3"
"6607","      419  8  1"
"6608","      419  8  6"
"6609","      419  8  7"
"6610","      419 13  2"
"6611","      419 17  2"
"6612","      419 17  4"
"6613","      419 21  2"
"6614","      419 25  2"
"6615","      419 29  1"
"6616","      419 34  1"
"6617","      419 34  5"
"6618","      419 38  2"
"6619","      419 42  2"
"6620","      419 42  3"
"6621","      419 42  4"
"6622","      419 51  2"
"6623","      419 55  2"
"6624","      419 67  1"
"6625","      419 72  2"
"6626","      419 76  2"
"6627","      419 80  2"
"6628","      419 89  3"
"6629","      419 89  4"
"6630","      419 93  2"
"6631","      419 97  4"
"6632","      420  3  2"
"6633","      420  7  2"
"6634","      420 12  5"
"6635","      420 16  1"
"6636","      420 20  2"
"6637","      420 20  3"
"6638","      420 37  2"
"6639","      420 41  3"
"6640","      420 45  2"
"6641","      420 45  4"
"6642","      420 45  7"
"6643","      420 49  3"
"6644","      420 49  4"
"6645","      420 53  2"
"6646","      420 53  4"
"6647","      420 66  2"
"6648","      420 66  3"
"6649","      420 70  2"
"6650","      420 70  3"
"6651","      420 74  2"
"6652","      420 78  2"
"6653","      420 82  2"
"6654","      420 82  3"
"6655","      420 91  2"
"6656","      420 91  3"
"6657","      420 91  4"
"6658","      420 91  5"
"6659","      420 95  2"
"6660","      420 95  3"
"6661","      420 99  2"
"6662","      420 99  3"
"6663","      420103  2"
"6664","      420103  5"
"6665","      421  2  2"
"6666","      421  5  2"
"6667","      421  8  2"
"6668","      421 15  2"
"6669","      421 18  2"
"6670","      421 18  3"
"6671","      421 21  2"
"6672","      421 24  2"
"6673","      421 27  3"
"6674","      421 27  5"
"6675","      421 27  6"
"6676","      421 34  2"
"6677","      421 37  2"
"6678","      421 37  3"
"6679","      421 40  2"
"6680","      421 43  2"
"6681","      421 43  3"
"6682","      421 43  4"
"6683","      421 46  1"
"6684","      421 50  2"
"6685","      421 56  2"
"6686","      421 69  2"
"6687","      421 72  2"
"6688","      421 72  5"
"6689","      423  3  3"
"6690","      423  7  2"
"6691","      423  7  3"
"6692","      423 12  2"
"6693","      423 16  2"
"6694","      423 16  3"
"6695","      423 21  2"
"6696","      423 21  4"
"6697","      423 29  2"
"6698","      423 34  2"
"6699","      423 38  2"
"6700","      423 38  3"
"6701","      423 43  2"
"6702","      423 47  2"
"6703","      423 52  2"
"6704","      423 56  2"
"6705","      423 65  2"
"6706","      423 74  2"
"6707","      423 78  2"
"6708","      423 82  2"
"6709","      423 91  2"
"6710","      423 96  2"
"6711","      423 96  4"
"6712","      423100  5"
"6713","      423105  2"
"6714","      424  2  3"
"6715","      424  2  7"
"6716","      424  9  2"
"6717","      424 22  2"
"6718","      424 22  4"
"6719","      424 22  5"
"6720","      424 22  6"
"6721","      424 29  1"
"6722","      424 36  2"
"6723","      424 42  2"
"6724","      424 49  2"
"6725","      424 56  2"
"6726","      424 69  2"
"6727","      424 76  2"
"6728","      424 76  3"
"6729","      424 83  2"
"6730","      424 90  2"
"6731","      424 96  2"
"6732","      424103  1"
"6733","      424110  2"
"6734","      424123  2"
"6735","      424130  2"
"6736","      424144  2"
"6737","      424150  2"
"6738","      424157  1"
"6739","      424164  2"
"6740","      424164  3"
"6741","      424164  4"
"6742","      424164  5"
"6743","      424171  2"
"6744","      424177  2"
"6745","      424177  4"
"6746","      424184  2"
"6747","      424191  2"
"6748","      424198  2"
"6749","      424204  2"
"6750","      424211  2"
"6751","      424211  3"
"6752","      424218  2"
"6753","      424225  2"
"6754","      424225  5"
"6755","      424231  1"
"6756","      424245  2"
"6757","      424258  2"
"6758","      424258  3"
"6759","      425  2  2"
"6760","      425 11  1"
"6761","      425 15  2"
"6762","      425 21  4"
"6763","      425 27  2"
"6764","      425 27  3"
"6765","      425 31  2"
"6766","      425 34  1"
"6767","      425 40  1"
"6768","      425 53  2"
"6769","      428  8  5"
"6770","      428 13  2"
"6771","      428 22  3"
"6772","      428 27  2"
"6773","      428 27  3"
"6774","      428 32  2"
"6775","      428 32  6"
"6776","      428 36  2"
"6777","      428 36  3"
"6778","      428 36  5"
"6779","      428 36  6"
"6780","      428 41  2"
"6781","      428 41  7"
"6782","      428 41  9"
"6783","      428 46  2"
"6784","      428 51  1"
"6785","      428 51  2"
"6786","      428 55  3"
"6787","      428 60  2"
"6788","      428 60  3"
"6789","      428 60  4"
"6790","      428 60  5"
"6791","      428 60  8"
"6792","      428 65  1"
"6793","      428 65  3"
"6794","      428 65  4"
"6795","      428 70  2"
"6796","      429  4  2"
"6797","      429  4  3"
"6798","      429 12  2"
"6799","      429 19  2"
"6800","      429 19  7"
"6801","      429 19  8"
"6802","      429 19 11"
"6803","      429 19 12"
"6804","      429 23  2"
"6805","      429 27  4"
"6806","      429 39  2"
"6807","      429 47  2"
"6808","      429 55  2"
"6809","      429 74  2"
"6810","      429 78  2"
"6811","      429 94  2"
"6812","      429 94  3"
"6813","      429 97  2"
"6814","      429 97  3"
"6815","      429109  2"
"6816","      429109  3"
"6817","      429117  2"
"6818","      430  3  5"
"6819","      430  7  2"
"6820","      430 14  2"
"6821","      430 18  2"
"6822","      430 18  4"
"6823","      430 22  2"
"6824","      430 29  6"
"6825","      430 40  4"
"6826","      430 43  2"
"6827","      430 51  2"
"6828","      430 54  2"
"6829","      430 58  2"
"6830","      430 65  2"
"6831","      430 69  2"
"6832","      430 76  1"
"6833","      430 76  2"
"6834","      430 87  1"
"6835","      430 87  2"
"6836","      430 87  3"
"6837","      430 94  2"
"6838","      430 98  2"
"6839","      430 98  5"
"6840","      430102  2"
"6841","      430113  3"
"6842","      430120  2"
"6843","      430120  3"
"6844","      433  3  4"
"6845","      433  6  2"
"6846","      433  9  1"
"6847","      433  9  4"
"6848","      433 12  3"
"6849","      433 12  4"
"6850","      433 19  2"
"6851","      433 22  1"
"6852","      433 25  2"
"6853","      433 28  2"
"6854","      433 28  6"
"6855","      433 32  2"
"6856","      433 35  3"
"6857","      433 48  3"
"6858","      433 51  1"
"6859","      433 51  2"
"6860","      433 51  4"
"6861","      433 51  5"
"6862","      433 54  1"
"6863","      433 54  3"
"6864","      433 57  2"
"6865","      433 64  2"
"6866","      433 67  2"
"6867","      433 70  1"
"6868","      433 70  5"
"6869","      433 77  2"
"6870","      433 77  3"
"6871","      433 80  2"
"6872","      433 83  2"
"6873","      433 86  2"
"6874","      433 93  1"
"6875","      433 93  2"
"6876","      433 93  5"
"6877","      433 96  1"
"6878","      433 96  5"
"6879","      433 96 10"
"6880","      433 96 14"
"6881","      433 96 18"
"6882","      433 99  3"
"6883","      433102  2"
"6884","      433106  2"
"6885","      433106  3"
"6886","      433109  2"
"6887","      433112  4"
"6888","      433115  2"
"6889","      434  4  1"
"6890","      434  9  2"
"6891","      434 13  3"
"6892","      434 18  2"
"6893","      434 22  2"
"6894","      434 27  2"
"6895","      434 32  2"
"6896","      434 41  1"
"6897","      434 54  2"
"6898","      434 54  5"
"6899","      434 63  2"
"6900","      434 68  3"
"6901","      434 72  2"
"6902","      434 72  3"
"6903","      434 72  6"
"6904","      434 77  3"
"6905","      434 90  2"
"6906","      434 90  4"
"6907","      434 90  7"
"6908","      434 95  1"
"6909","      434104  2"
"6910","      434108  2"
"6911","      434113  1"
"6912","      434117  3"
"6913","      434122  1"
"6914","      434122  2"
"6915","      435  2  1"
"6916","      435  4  2"
"6917","      435  5  2"
"6918","      435  7  3"
"6919","      435 16  1"
"6920","      435 19  2"
"6921","      435 21  2"
"6922","      435 23  1"
"6923","      435 25  2"
"6924","      435 28  3"
"6925","      435 35  2"
"6926","      435 37  2"
"6927","      435 37  6"
"6928","      435 39  2"
"6929","      435 41  2"
"6930","      435 43  2"
"6931","      435 44  2"
"6932","      435 44  3"
"6933","      435 46  2"
"6934","      435 50  2"
"6935","      435 50  8"
"6936","      435 51  2"
"6937","      435 55  2"
"6938","      435 59  1"
"6939","      435 62  1"
"6940","      435 64  2"
"6941","      435 66  2"
"6942","      435 69  1"
"6943","      438  4  2"
"6944","      438  9  2"
"6945","      438 14  2"
"6946","      438 14  3"
"6947","      438 14  6"
"6948","      438 18  2"
"6949","      438 23  2"
"6950","      438 27  1"
"6951","      438 27  4"
"6952","      438 27  5"
"6953","      438 41  3"
"6954","      438 41  5"
"6955","      438 50  1"
"6956","      438 55  2"
"6957","      438 59  2"
"6958","      438 64  1"
"6959","      438 68  2"
"6960","      438 77  1"
"6961","      438 77  3"
"6962","      438100  2"
"6963","      439  8  2"
"6964","      439  8  4"
"6965","      439  8  5"
"6966","      439 12  3"
"6967","      439 16  2"
"6968","      439 20  2"
"6969","      439 25  2"
"6970","      439 25  3"
"6971","      439 25  4"
"6972","      439 29  2"
"6973","      439 33  2"
"6974","      439 37  2"
"6975","      439 37  3"
"6976","      439 42  1"
"6977","      439 42  3"
"6978","      439 46  3"
"6979","      439 46  4"
"6980","      439 50  3"
"6981","      439 59  2"
"6982","      439 71  1"
"6983","      439 76  2"
"6984","      439 80  2"
"6985","      439 80  4"
"6986","      439 80  5"
"6987","      439 80  6"
"6988","      440 17  2"
"6989","      440 18  2"
"6990","      440 18  7"
"6991","      440 20  2"
"6992","      440 22  2"
"6993","      440 23  1"
"6994","      440 24  2"
"6995","      440 24  4"
"6996","      440 24  9"
"6997","      440 24 12"
"6998","      440 50  2"
"6999","      440 52  2"
"7000","      440 53  2"
"7001","      440 55  2"
"7002","      440 56  2"
"7003","      440 56  3"
"7004","      440 81  3"
"7005","      440 83  3"
"7006","      440 87  2"
"7007","      440 88  2"
"7008","      440 88  3"
"7009","      440105  2"
"7010","      440105  3"
"7011","      440105  4"
"7012","      440106  2"
"7013","      440106  3"
"7014","      440108  5"
"7015","      440109  2"
"7016","      440110  2"
"7017","      440110  4"
"7018","      440110  9"
"7019","      440111  2"
"7020","      443  9  2"
"7021","      443 10  2"
"7022","      443 12  4"
"7023","      443 14  2"
"7024","      443 33  1"
"7025","      443 34  2"
"7026","      443 34  3"
"7027","      443 37  2"
"7028","      443 38  2"
"7029","      443 40  2"
"7030","      443 40  3"
"7031","      443 59  2"
"7032","      443 60  2"
"7033","      443 61  2"
"7034","      443 63  2"
"7035","      443 63  4"
"7036","      443 82  2"
"7037","      443 85  2"
"7038","      443 86  2"
"7039","      443 86  3"
"7040","      443 87  2"
"7041","      443 97  2"
"7042","      443 97  3"
"7043","      443 98  2"
"7044","      443100  2"
"7045","      443101  2"
"7046","      444 27  2"
"7047","      444 28  2"
"7048","      444 31  2"
"7049","      444 32  2"
"7050","      444 57  2"
"7051","      444 58  2"
"7052","      444 63  2"
"7053","      444 92  2"
"7054","      444 94  2"
"7055","      444122  3"
"7056","      444122  6"
"7057","      444148  3"
"7058","      444148  4"
"7059","      445 17  2"
"7060","      445 20  2"
"7061","      445 20  4"
"7062","      445 21  2"
"7063","      445 22  1"
"7064","      445 33  2"
"7065","      445 36  2"
"7066","      445 37  2"
"7067","      445 38  1"
"7068","      445 39  2"
"7069","      445 40  2"
"7070","      445 58  2"
"7071","      445 59  3"
"7072","      445 61  2"
"7073","      445 62  2"
"7074","      445 62  3"
"7075","      445 64  2"
"7076","      445 74  2"
"7077","      445 75  2"
"7078","      445 76  3"
"7079","      445 98  3"
"7080","      445 98  6"
"7081","      445 99  2"
"7082","      445100  2"
"7083","      445102  2"
"7084","      445102  3"
"7085","      445103  2"
"7086","      445103  7"
"7087","      446  4  2"
"7088","      446  7  3"
"7089","      446 27  2"
"7090","      446 28  2"
"7091","      446 29  2"
"7092","      446 30  2"
"7093","      446 32  2"
"7094","      446 41  2"
"7095","      446 42  2"
"7096","      446 42  4"
"7097","      446 43  2"
"7098","      446 45  2"
"7099","      446 46  2"
"7100","      446 47  2"
"7101","      446 48  2"
"7102","      446 65  3"
"7103","      446 66  2"
"7104","      446 67  2"
"7105","      446 68  2"
"7106","      446 69  2"
"7107","      446 70  2"
"7108","      446 82  2"
"7109","      446 84  2"
"7110","      446 85  2"
"7111","      446 86  2"
"7112","      448 17  1"
"7113","      448 19  2"
"7114","      448 19  5"
"7115","      448 20  3"
"7116","      448 22  2"
"7117","      448 23  2"
"7118","      448 24  2"
"7119","      448 42  3"
"7120","      448 42  4"
"7121","      448 44  2"
"7122","      448 44  3"
"7123","      448 45  2"
"7124","      448 46  2"
"7125","      448 46  4"
"7126","      448 47  2"
"7127","      448 48  2"
"7128","      448 48  3"
"7129","      449  1  3"
"7130","      449  2  2"
"7131","      449  3  2"
"7132","      449  8  1"
"7133","      449 25  2"
"7134","      449 25  3"
"7135","      449 26  2"
"7136","      449 27  2"
"7137","      449 28  2"
"7138","      449 29  2"
"7139","      449 29  4"
"7140","      449 30  2"
"7141","      449 31  2"
"7142","      449 32  2"
"7143","      449 49  2"
"7144","      449 50  2"
"7145","      449 52  2"
"7146","      449 56  3"
"7147","      449 56  4"
"7148","      449 57  1"
"7149","      450  1  2"
"7150","      450  1  3"
"7151","      450  3  2"
"7152","      450  4  2"
"7153","      450  4  4"
"7154","      450  5  2"
"7155","      450  5  3"
"7156","      450  7  2"
"7157","      450  8  2"
"7158","      450 25  1"
"7159","      450 28  2"
"7160","      450 29  2"
"7161","      450 30  2"
"7162","      450 32  2"
"7163","      450 49  3"
"7164","      450 49  6"
"7165","      450 51  5"
"7166","      450 52  2"
"7167","      450 55  2"
"7168","      453 10  1"
"7169","      453 10  2"
"7170","      453 11  2"
"7171","      453 15  2"
"7172","      453 15  4"
"7173","      453 17  2"
"7174","      453 17  4"
"7175","      453 27  1"
"7176","      453 28  2"
"7177","      453 33  2"
"7178","      453 52  4"
"7179","      453 56  1"
"7180","      453 56  2"
"7181","      453 58  2"
"7182","      453 59  6"
"7183","      453 59  7"
"7184","      453 71  2"
"7185","      453 73  2"
"7186","      453 73  3"
"7187","      453 74  1"
"7188","      453 75  2"
"7189","      453 75  4"
"7190","      453 86  2"
"7191","      453 88  3"
"7192","      453 89  2"
"7193","      454  9  1"
"7194","      454  9  3"
"7195","      454 11  1"
"7196","      454 12  2"
"7197","      454 12  3"
"7198","      454 14  2"
"7199","      454 16  1"
"7200","      454 33  2"
"7201","      454 34  2"
"7202","      454 35  2"
"7203","      454 37  2"
"7204","      454 37  3"
"7205","      454 38  2"
"7206","      454 39  2"
"7207","      454 40  2"
"7208","      454 57  2"
"7209","      454 58  2"
"7210","      454 59  2"
"7211","      454 59  3"
"7212","      454 61  2"
"7213","      454 62  2"
"7214","      454 63  3"
"7215","      454 63  6"
"7216","      454 64  4"
"7217","      454 64  6"
"7218","      454 65  2"
"7219","      454 81  1"
"7220","      454 82  1"
"7221","      454 84  1"
"7222","      454 85  2"
"7223","      454 85  5"
"7224","      454 86  2"
"7225","      454 87  2"
"7226","      455 10  1"
"7227","      455 12  2"
"7228","      455 13  4"
"7229","      455 13  6"
"7230","      455 15  2"
"7231","      455 15  3"
"7232","      455 16  2"
"7233","      455 44  2"
"7234","      455 44  5"
"7235","      455 64  2"
"7236","      458 32  6"
"7237","      458 90  2"
"7238","      458 91  2"
"7239","      459  1  2"
"7240","      459  2  2"
"7241","      459  3  1"
"7242","      459  4  2"
"7243","      459  4  3"
"7244","      459  5  2"
"7245","      459  6  2"
"7246","      459  7  4"
"7247","      459 25  4"
"7248","      459 25  5"
"7249","      459 26  2"
"7250","      459 27  2"
"7251","      459 27  4"
"7252","      459 30  2"
"7253","      459 31  2"
"7254","      459 31  3"
"7255","      459 57  1"
"7256","      459 58  2"
"7257","      459 58  4"
"7258","      459 59  2"
"7259","      459 60  2"
"7260","      459 61  2"
"7261","      459 63  2"
"7262","      459 82  2"
"7263","      459 82  5"
"7264","      459 83  2"
"7265","      459 84  2"
"7266","      459 85  2"
"7267","      459 88  2"
"7268","      459106  2"
"7269","      459107  2"
"7270","      459107  4"
"7271","      459108  1"
"7272","      460  9  2"
"7273","      460 11  2"
"7274","      460 13  2"
"7275","      460 14  1"
"7276","      460 14  2"
"7277","      460 15  2"
"7278","      460 16  2"
"7279","      460 33  2"
"7280","      460 35  1"
"7281","      460 36  2"
"7282","      460 37  2"
"7283","      460 38  2"
"7284","      460 39  2"
"7285","      460 40  2"
"7286","      460 40  4"
"7287","      460 40  7"
"7288","      460 41  2"
"7289","      460 42  2"
"7290","      461 10  2"
"7291","      461 11  3"
"7292","      461 11  5"
"7293","      461 12  2"
"7294","      461 14  2"
"7295","      461 15  4"
"7296","      461 17  2"
"7297","      461 17  3"
"7298","      461 34  2"
"7299","      461 35  1"
"7300","      461 37  2"
"7301","      461 38  2"
"7302","      461 41  2"
"7303","      461 41  4"
"7304","      461 50  2"
"7305","      461 52  6"
"7306","      461 52  8"
"7307","      461 54  4"
"7308","      461 55  2"
"7309","      461 56  2"
"7310","      461 57  2"
"7311","      461 75  2"
"7312","      461 75  4"
"7313","      461 76  2"
"7314","      461 77  2"
"7315","      461 78  2"
"7316","      461 80  3"
"7317","      461 81  2"
"7318","      461 82  2"
"7319","      461 99  5"
"7320","      461 99  6"
"7321","      461 99  7"
"7322","      461100  2"
"7323","      461102  3"
"7324","      461102  5"
"7325","      463  1  2"
"7326","      463  2  2"
"7327","      463  4  2"
"7328","      463  5  2"
"7329","      463  7  1"
"7330","      463  7  2"
"7331","      463 33  2"
"7332","      463 38  2"
"7333","      463 38  3"
"7334","      463 40  2"
"7335","      463 40  4"
"7336","      463 65  2"
"7337","      463 66  2"
"7338","      463 66  3"
"7339","      463 66  6"
"7340","      464 13  2"
"7341","      464 14  2"
"7342","      464 15  1"
"7343","      464 15  2"
"7344","      464 49  3"
"7345","      464 49  4"
"7346","      464 50  2"
"7347","      464 52  2"
"7348","      464 52  3"
"7349","      464 53  5"
"7350","      464 54  2"
"7351","      465  2  3"
"7352","      465  3  2"
"7353","      465  4  2"
"7354","      465  5  2"
"7355","      465  7  2"
"7356","      465  7  5"
"7357","      465  8  2"
"7358","      465 17  2"
"7359","      465 18  1"
"7360","      465 19  2"
"7361","      465 20  2"
"7362","      465 21  2"
"7363","      465 22  2"
"7364","      465 25  2"
"7365","      465 29  1"
"7366","      465 29  2"
"7367","      465 41  1"
"7368","      465 41  3"
"7369","      465 41  5"
"7370","      465 42  2"
"7371","      465 44  2"
"7372","      465 46  1"
"7373","      465 46  5"
"7374","      465 48  2"
"7375","      465 49  2"
"7376","      465 50  1"
"7377","      465 50  7"
"7378","      465 50 10"
"7379","      465 53  2"
"7380","      465 54  2"
"7381","      465 55  2"
"7382","      465 56  2"
"7383","      468 10  2"
"7384","      468 13  2"
"7385","      468 14  2"
"7386","      468 17  1"
"7387","      468 17  3"
"7388","      468 35  2"
"7389","      468 35  3"
"7390","      468 36  2"
"7391","      468 37  2"
"7392","      468 38  1"
"7393","      468 41  2"
"7394","      468 42  2"
"7395","      468 68  2"
"7396","      468 70  2"
"7397","      468 70  8"
"7398","      468 71  2"
"7399","      468 73  3"
"7400","      468 73  5"
"7401","      468 74  2"
"7402","      468 92  2"
"7403","      468 93  2"
"7404","      468 95  2"
"7405","      468 95  3"
"7406","      468 96  2"
"7407","      468 97  2"
"7408","      468 98  2"
"7409","      468 98  4"
"7410","      468 99  2"
"7411","      469  2  1"
"7412","      469  6  2"
"7413","      469 10  2"
"7414","      469 13  2"
"7415","      469 17  2"
"7416","      469 20  2"
"7417","      469 28  1"
"7418","      469 31  1"
"7419","      469 35  2"
"7420","      469 35  3"
"7421","      469 38  2"
"7422","      469 46  2"
"7423","      469 49  2"
"7424","      469 53  2"
"7425","      469 60  1"
"7426","      469 60  3"
"7427","      469 67  2"
"7428","      469 71  1"
"7429","      470  4  3"
"7430","      470  9  2"
"7431","      470 13  3"
"7432","      470 18  2"
"7433","      470 18  3"
"7434","      470 23  3"
"7435","      470 23  7"
"7436","      470 28  2"
"7437","      470 32  3"
"7438","      470 32  4"
"7439","      470 42  8"
"7440","      470 46  3"
"7441","      470 51  2"
"7442","      470 51  5"
"7443","      470 56  3"
"7444","      470 61  2"
"7445","      470 65  1"
"7446","      470 70  3"
"7447","      470 80  3"
"7448","      470 80  5"
"7449","      470 84  2"
"7450","      470 94  3"
"7451","      470 98  2"
"7452","      470 98  3"
"7453","      470103  3"
"7454","      470103  4"
"7455","      471  3  2"
"7456","      471  8  2"
"7457","      471 12  2"
"7458","      471 17  2"
"7459","      471 21  2"
"7460","      471 25  1"
"7461","      471 25  3"
"7462","      471 30  2"
"7463","      471 34  2"
"7464","      471 38  2"
"7465","      471 47  2"
"7466","      471 51  1"
"7467","      471 69  1"
"7468","      471 73  2"
"7469","      471 78  2"
"7470","      471 82  1"
"7471","      471 82  2"
"7472","      471 82  4"
"7473","      471 82  7"
"7474","      471 86  2"
"7475","      471 91  2"
"7476","      471104  3"
"7477","      471104  4"
"7478","      471108  2"
"7479","      472  2  2"
"7480","      472 13  2"
"7481","      472 18  5"
"7482","      472 23  3"
"7483","      472 38  3"
"7484","      472 38  5"
"7485","      472 43  2"
"7486","      472 43  5"
"7487","      472 64  1"
"7488","      472 69  3"
"7489","      472 69  4"
"7490","      472 74  3"
"7491","      472 74  5"
"7492","      472 79  2"
"7493","      472 95  3"
"7494","      472100  2"
"7495","      472115  3"
"7496","      472121  3"
"7497","      472136  3"
"7498","      472136  7"
"7499","      472141  2"
"7500","      474  2  2"
"7501","      474  6  2"
"7502","      474  9  2"
"7503","      474 13  2"
"7504","      474 17  3"
"7505","      474 20  1"
"7506","      474 24  1"
"7507","      474 28  2"
"7508","      474 28  4"
"7509","      474 28  7"
"7510","      474 28  8"
"7511","      474 31  2"
"7512","      474 31  3"
"7513","      474 31  6"
"7514","      474 42  4"
"7515","      474 49  3"
"7516","      475  1  2"
"7517","      475 10  2"
"7518","      475 15  3"
"7519","      475 20  3"
"7520","      475 24  2"
"7521","      475 29  2"
"7522","      475 38  2"
"7523","      475 43  2"
"7524","      475 57  1"
"7525","      475 70  1"
"7526","      475 75  2"
"7527","      475 80  4"
"7528","      476  8  2"
"7529","      476 12  2"
"7530","      476 12  3"
"7531","      476 21  4"
"7532","      476 21  5"
"7533","      476 21  6"
"7534","      476 21  7"
"7535","      476 29  2"
"7536","      476 29  3"
"7537","      476 34  6"
"7538","      476 38  2"
"7539","      476 42  2"
"7540","      476 42  3"
"7541","      476 46  2"
"7542","      476 46  3"
"7543","      476 55  2"
"7544","      476 63  1"
"7545","      476 63  2"
"7546","      476 85  5"
"7547","      479  1  5"
"7548","      479 11  3"
"7549","      479 11  5"
"7550","      479 22  2"
"7551","      479 27  3"
"7552","      479 32  3"
"7553","      479 57  3"
"7554","      479 68  2"
"7555","      479 73  3"
"7556","      479 78  4"
"7557","      479 88  3"
"7558","      480  2  2"
"7559","      480 10  2"
"7560","      480 14  2"
"7561","      480 18  2"
"7562","      480 23  2"
"7563","      480 31  2"
"7564","      480 35  2"
"7565","      480 39  2"
"7566","      480 43  2"
"7567","      480 52  3"
"7568","      480 52  4"
"7569","      480 56  5"
"7570","      480 60  3"
"7571","      480 60  4"
"7572","      480 60  5"
"7573","      480 64  2"
"7574","      480 68  5"
"7575","      480 68 10"
"7576","      480 76  2"
"7577","      480 81  2"
"7578","      481  4  2"
"7579","      481  4  4"
"7580","      481  4  5"
"7581","      481  9  2"
"7582","      481 13  2"
"7583","      481 18  2"
"7584","      481 18  7"
"7585","      481 23  2"
"7586","      481 27  2"
"7587","      481 32  2"
"7588","      481 36  2"
"7589","      481 36  6"
"7590","      481 46  2"
"7591","      481 46  3"
"7592","      481 50  2"
"7593","      481 55  2"
"7594","      481 69  2"
"7595","      481 69  3"
"7596","      481 73  1"
"7597","      481 78  1"
"7598","      481 82  2"
"7599","      481101  2"
"7600","      482  4  2"
"7601","      482  4  4"
"7602","      482  9  2"
"7603","      482  9  4"
"7604","      482 18  2"
"7605","      482 28  4"
"7606","      482 47  2"
"7607","      482 47  3"
"7608","      482 47  6"
"7609","      482 56  2"
"7610","      482 66  2"
"7611","      482 75  1"
"7612","      482 75  3"
"7613","      482 75  4"
"7614","      482 80  2"
"7615","      482 80  3"
"7616","      482 80  4"
"7617","      482 80  5"
"7618","      482 85  4"
"7619","      482 90  6"
"7620","      482 94  1"
"7621","      482 94  2"
"7622","      482 94  3"
"7623","      482 94  6"
"7624","      484 11  2"
"7625","      484 11  3"
"7626","      484 11  4"
"7627","      484 15  2"
"7628","      484 15  6"
"7629","      484 18  2"
"7630","      484 18  3"
"7631","      484 22  2"
"7632","      484 25  2"
"7633","      484 25  4"
"7634","      484 29  2"
"7635","      484 33  1"
"7636","      484 36  2"
"7637","      484 40  3"
"7638","      484 40  4"
"7639","      484 40  6"
"7640","      484 44  2"
"7641","      484 47  2"
"7642","      484 47  5"
"7643","      484 51  1"
"7644","      484 51  4"
"7645","      484 54  1"
"7646","      484 58  1"
"7647","      484 62  1"
"7648","      484 65  1"
"7649","      484 69  2"
"7650","      485 12  2"
"7651","      485 17  2"
"7652","      485 21  4"
"7653","      485 26  3"
"7654","      485 26  5"
"7655","      485 30  2"
"7656","      485 39  3"
"7657","      485 48  3"
"7658","      485 57  4"
"7659","      485 71  2"
"7660","      485 75  4"
"7661","      486  3  3"
"7662","      486  3  4"
"7663","      486  7  3"
"7664","      486  7  5"
"7665","      486 18  2"
"7666","      486 29  1"
"7667","      486 29  3"
"7668","      486 44  5"
"7669","      486 47  4"
"7670","      486 51  2"
"7671","      486 55  2"
"7672","      486 58  2"
"7673","      486 62  3"
"7674","      486 69  2"
"7675","      486 77  2"
"7676","      486 77  3"
"7677","      486 77  5"
"7678","      489  6  1"
"7679","      489 10  2"
"7680","      489 10  3"
"7681","      489 14  2"
"7682","      489 14  3"
"7683","      489 18  2"
"7684","      489 22  2"
"7685","      489 26  2"
"7686","      489 26  5"
"7687","      489 26  7"
"7688","      489 34  2"
"7689","      489 34  4"
"7690","      489 34  6"
"7691","      489 42  2"
"7692","      489 42  6"
"7693","      489 46  2"
"7694","      489 54  2"
"7695","      489 54  3"
"7696","      489 54  4"
"7697","      489 58  5"
"7698","      489 58  6"
"7699","      489 62  2"
"7700","      489 66  2"
"7701","      489 74  1"
"7702","      489 78  2"
"7703","      489 82  2"
"7704","      489 86  2"
"7705","      489 86  3"
"7706","      489 90  2"
"7707","      489 94  2"
"7708","      489 94  3"
"7709","      489 98  1"
"7710","      489102  2"
"7711","      489106  2"
"7712","      489110  2"
"7713","      489114  2"
"7714","      489118  2"
"7715","      489122  2"
"7716","      489126  2"
"7717","      489126  3"
"7718","      489134  2"
"7719","      489138  3"
"7720","      489142  2"
"7721","      489150  1"
"7722","      490  2  2"
"7723","      490  6  2"
"7724","      490  9  2"
"7725","      490  9  3"
"7726","      490 12  2"
"7727","      490 16  1"
"7728","      490 16  4"
"7729","      490 19  2"
"7730","      490 23  2"
"7731","      490 23  3"
"7732","      490 26  1"
"7733","      490 29  2"
"7734","      490 33  2"
"7735","      490 36  3"
"7736","      490 40  2"
"7737","      490 43  2"
"7738","      490 50  2"
"7739","      490 53  2"
"7740","      490 57  2"
"7741","      490 60  2"
"7742","      490 64  1"
"7743","      490 67  2"
"7744","      490 74  2"
"7745","      491  1  2"
"7746","      491  1  3"
"7747","      491 13  2"
"7748","      491 18  2"
"7749","      491 22  2"
"7750","      491 26  3"
"7751","      491 30  7"
"7752","      491 30  8"
"7753","      491 34  2"
"7754","      491 34  3"
"7755","      491 46  2"
"7756","      491 46  5"
"7757","      491 50  3"
"7758","      491 50  5"
"7759","      491 54  2"
"7760","      491 58  2"
"7761","      491 58  4"
"7762","      491 70  2"
"7763","      491 74  2"
"7764","      494  2  4"
"7765","      494  5  4"
"7766","      494  8  2"
"7767","      494 10  2"
"7768","      494 13  4"
"7769","      494 13  5"
"7770","      494 13  6"
"7771","      494 13  9"
"7772","      494 19  2"
"7773","      494 24  2"
"7774","      494 24  3"
"7775","      494 24  4"
"7776","      494 24  6"
"7777","      494 30  2"
"7778","      494 30  3"
"7779","      494 32  1"
"7780","      494 35  2"
"7781","      494 35  4"
"7782","      494 43  2"
"7783","      494 46  2"
"7784","      494 51  2"
"7785","      494 54  2"
"7786","      494 57  1"
"7787","      494 60  3"
"7788","      494 60  4"
"7789","      494 62  4"
"7790","      494 68  2"
"7791","      494 70  2"
"7792","      494 76  2"
"7793","      494 79  2"
"7794","      494 84  2"
"7795","      494 87  3"
"7796","      494 90  1"
"7797","      494 90  3"
"7798","      494 95  2"
"7799","      494 95  3"
"7800","      494100  2"
"7801","      494106  4"
"7802","      495  2  1"
"7803","      495  6  2"
"7804","      495  6  4"
"7805","      495  9  1"
"7806","      495  9  2"
"7807","      495  9  4"
"7808","      495 13  2"
"7809","      495 13  3"
"7810","      495 13  4"
"7811","      495 20  4"
"7812","      495 27  2"
"7813","      495 27  5"
"7814","      495 34  3"
"7815","      495 37  4"
"7816","      495 41  3"
"7817","      495 41  4"
"7818","      495 45  1"
"7819","      495 48  3"
"7820","      495 48  5"
"7821","      495 52  2"
"7822","      495 52  3"
"7823","      495 55  2"
"7824","      495 55  3"
"7825","      495 59  3"
"7826","      495 62  2"
"7827","      495 66  2"
"7828","      495 69  3"
"7829","      495 69  4"
"7830","      495 76  2"
"7831","      495 80  3"
"7832","      495 83  2"
"7833","      495 87  2"
"7834","      495 90  2"
"7835","      495 97  4"
"7836","      495101  4"
"7837","      495104  2"
"7838","      495112  2"
"7839","      495126  2"
"7840","      495129  2"
"7841","      495129  4"
"7842","      495129  7"
"7843","      496 10  1"
"7844","      496 24  2"
"7845","      496 27  2"
"7846","      496 35  2"
"7847","      496 35  3"
"7848","      496 49  3"
"7849","      497  2  2"
"7850","      497  5  2"
"7851","      497 12  2"
"7852","      497 16  2"
"7853","      497 23  2"
"7854","      497 26  4"
"7855","      497 30  2"
"7856","      497 37  2"
"7857","      497 44  2"
"7858","      497 51  2"
"7859","      497 54  2"
"7860","      497 58  2"
"7861","      497 58  7"
"7862","      497 61  2"
"7863","      497 65  2"
"7864","      497 68  2"
"7865","      499  2  2"
"7866","      499  2  3"
"7867","      499  5  1"
"7868","      499  7  2"
"7869","      499 10  2"
"7870","      499 15  2"
"7871","      499 15  3"
"7872","      499 21  2"
"7873","      499 23  2"
"7874","      499 26  3"
"7875","      499 26  4"
"7876","      499 29  2"
"7877","      499 32  3"
"7878","      499 37  2"
"7879","      499 45  3"
"7880","      499 45  8"
"7881","      499 53  3"
"7882","      499 53  4"
"7883","      499 53  7"
"7884","      499 53  9"
"7885","      499 61  2"
"7886","      499 61  4"
"7887","      499 67  2"
"7888","      499 69  2"
"7889","      500  3  1"
"7890","      500  6  3"
"7891","      500  9  2"
"7892","      500 12  2"
"7893","      500 12  3"
"7894","      500 15  1"
"7895","      500 18  2"
"7896","      500 18  4"
"7897","      500 21  4"
"7898","      500 24  3"
"7899","      500 27  2"
"7900","      500 30  4"
"7901","      500 30  7"
"7902","      500 33  2"
"7903","      500 42  2"
"7904","      500 42  6"
"7905","      500 45  2"
"7906","      500 45  4"
"7907","      500 48  3"
"7908","      500 54  2"
"7909","      500 60  2"
"7910","      500 60  3"
"7911","      500 63  2"
"7912","      500 72  2"
"7913","      500 75  2"
"7914","      500 78  2"
"7915","      501  1  4"
"7916","      501  8  3"
"7917","      501 10  3"
"7918","      501 12  2"
"7919","      501 14  2"
"7920","      501 16  1"
"7921","      501 16  2"
"7922","      501 18  2"
"7923","      501 20  3"
"7924","      501 25  2"
"7925","      501 25  4"
"7926","      501 27  2"
"7927","      501 29  2"
"7928","      501 31  2"
"7929","      501 33  2"
"7930","      501 33  4"
"7931","      501 33  7"
"7932","      501 35  2"
"7933","      501 39  2"
"7934","      501 41  4"
"7935","      501 43  1"
"7936","      501 46  1"
"7937","      501 46  2"
"7938","      501 48  1"
"7939","      501 50  1"
"7940","      501 50  3"
"7941","      501 50  6"
"7942","      501 50  7"
"7943","      501 52  2"
"7944","      501 52  6"
"7945","      501 54  2"
"7946","      501 54  5"
"7947","      501 56  2"
"7948","      501 60  2"
"7949","      501 62  2"
"7950","      501 62  6"
"7951","      501 64  2"
"7952","      501 69  3"
"7953","      501 69  5"
"7954","      501 71  2"
"7955","      501 73  1"
"7956","      501 77  3"
"7957","      501 81  2"
"7958","      504  1  3"
"7959","      504  8  3"
"7960","      504 10  2"
"7961","      504 10  5"
"7962","      504 13  2"
"7963","      504 13  3"
"7964","      504 15  2"
"7965","      504 18  2"
"7966","      504 18  4"
"7967","      504 21  2"
"7968","      504 23  2"
"7969","      504 25  2"
"7970","      504 30  3"
"7971","      504 30  5"
"7972","      504 31  2"
"7973","      504 31  3"
"7974","      504 35  2"
"7975","      504 35  3"
"7976","      504 35  7"
"7977","      504 37  1"
"7978","      504 37  3"
"7979","      504 42  4"
"7980","      504 42  6"
"7981","      504 47  2"
"7982","      504 48  1"
"7983","      504 50  3"
"7984","      504 52  3"
"7985","      504 52  5"
"7986","      504 53  2"
"7987","      504 55  2"
"7988","      504 55  3"
"7989","      504 58  2"
"7990","      504 58  3"
"7991","      504 58  4"
"7992","      504 60  1"
"7993","      504 60  2"
"7994","      504 62  2"
"7995","      504 62  4"
"7996","      504 63  3"
"7997","      504 63  4"
"7998","      504 63  5"
"7999","      504 63  6"
"8000","      505  2  2"
"8001","      505  2  3"
"8002","      505  6  2"
"8003","      505  6  3"
"8004","      505 10  2"
"8005","      505 14  2"
"8006","      505 18  4"
"8007","      505 21  1"
"8008","      505 21  3"
"8009","      505 25  2"
"8010","      505 29  2"
"8011","      505 33  3"
"8012","      505 45  2"
"8013","      505 49  2"
"8014","      505 60  2"
"8015","      505 68  3"
"8016","      505 68  5"
"8017","      505 72  2"
"8018","      505 72  3"
"8019","      505 76  2"
"8020","      506 11  1"
"8021","      506 22  4"
"8022","      506 25  3"
"8023","      506 25  4"
"8024","      506 29  2"
"8025","      506 40  4"
"8026","      506 44  1"
"8027","      506 47  2"
"8028","      506 47  5"
"8029","      506 51  2"
"8030","      506 55  2"
"8031","      506 58  2"
"8032","      506 62  2"
"8033","      506 73  1"
"8034","      506 80  1"
"8035","      506 99  2"
"8036","      506 99  4"
"8037","      509  3  2"
"8038","      509  6  2"
"8039","      509  6  3"
"8040","      509  6  4"
"8041","      509  9  2"
"8042","      509 12  2"
"8043","      509 15  2"
"8044","      509 18  2"
"8045","      509 21  2"
"8046","      509 25  2"
"8047","      509 31  2"
"8048","      509 31  3"
"8049","      509 31  8"
"8050","      509 34  4"
"8051","      509 37  2"
"8052","      509 37  6"
"8053","      509 40  5"
"8054","      509 43  2"
"8055","      509 46  2"
"8056","      509 49  2"
"8057","      509 52  2"
"8058","      509 56  1"
"8059","      509 56  2"
"8060","      509 65  2"
"8061","      509 68  2"
"8062","      509 71  1"
"8063","      509 74  2"
"8064","      509 77  1"
"8065","      509 83  1"
"8066","      509 83  2"
"8067","      509 87  2"
"8068","      509 90  2"
"8069","      509 90  5"
"8070","      509 93  2"
"8071","      509 96  2"
"8072","      509 99  2"
"8073","      509102  2"
"8074","      509105  2"
"8075","      509108  2"
"8076","      509111  2"
"8077","      509121  2"
"8078","      509121  3"
"8079","      509124  2"
"8080","      509124  3"
"8081","      510  2  2"
"8082","      510  8  2"
"8083","      510  8  3"
"8084","      510  8  5"
"8085","      510 14  2"
"8086","      510 21  2"
"8087","      510 33  5"
"8088","      510 45  3"
"8089","      510 51  2"
"8090","      510 64  5"
"8091","      510 76  4"
"8092","      510 82  3"
"8093","      510 82  7"
"8094","      510 82  8"
"8095","      510 88  2"
"8096","      510 95  2"
"8097","      510101  6"
"8098","      511  3  1"
"8099","      511  9  2"
"8100","      511 12  3"
"8101","      511 16  1"
"8102","      511 16  2"
"8103","      511 16  3"
"8104","      511 29  3"
"8105","      511 32  4"
"8106","      511 52  2"
"8107","      511 56  2"
"8108","      511 69  2"
"8109","      511 69  4"
"8110","      511 69  5"
"8111","      511 75  3"
"8112","      511 79  2"
"8113","      511 82  2"
"8114","      511 82  3"
"8115","      511 85  2"
"8116","      511 89  2"
"8117","      511 95  2"
"8118","      511 99  2"
"8119","      511105  2"
"8120","      511109  2"
"8121","      511112  2"
"8122","      512  9  2"
"8123","      512 10  3"
"8124","      512 11  3"
"8125","      512 12  2"
"8126","      512 13  4"
"8127","      512 15  2"
"8128","      512 15  3"
"8129","      512 15  5"
"8130","      512 16  2"
"8131","      512 34  2"
"8132","      512 36  2"
"8133","      512 38  2"
"8134","      512 39  2"
"8135","      512 40  2"
"8136","      512 65  2"
"8137","      512 67  4"
"8138","      512 68  4"
"8139","      512 68  5"
"8140","      512 68  8"
"8141","      512 69  5"
"8142","      512 70  2"
"8143","      512 70  3"
"8144","      512 70  5"
"8145","      512 70  7"
"8146","      512 71  2"
"8147","      512 72  2"
"8148","      512 89  1"
"8149","      512 90  2"
"8150","      512 91  3"
"8151","      512 92  2"
"8152","      512 93  1"
"8153","      514 11  2"
"8154","      514 11  3"
"8155","      514 12  2"
"8156","      514 14  6"
"8157","      514 16  1"
"8158","      514 16  2"
"8159","      514 16  3"
"8160","      514 42  2"
"8161","      514 43  2"
"8162","      514 43  3"
"8163","      514 43  6"
"8164","      514 44  2"
"8165","      514 45  2"
"8166","      514 46  2"
"8167","      514 49  2"
"8168","      514 50  2"
"8169","      514 50  3"
"8170","      515  2  2"
"8171","      515  3  2"
"8172","      515  5  2"
"8173","      515  9  1"
"8174","      515 12  4"
"8175","      515 14  1"
"8176","      515 14  2"
"8177","      515 15  2"
"8178","      515 15  4"
"8179","      515 16  1"
"8180","      515 27  2"
"8181","      515 28  3"
"8182","      515 29  2"
"8183","      515 32  2"
"8184","      515 36  2"
"8185","      516  9  2"
"8186","      516 11  3"
"8187","      516 11  4"
"8188","      516 12  2"
"8189","      516 13  2"
"8190","      516 14  4"
"8191","      516 14  7"
"8192","      516 16  5"
"8193","      516 41  2"
"8194","      516 42  2"
"8195","      516 44  2"
"8196","      516 44  3"
"8197","      516 45  1"
"8198","      516 45  3"
"8199","      516 65  2"
"8200","      516 65  4"
"8201","      516 66  2"
"8202","      516 67  2"
"8203","      516 68  2"
"8204","      516 70  4"
"8205","      516 71  2"
"8206","      516 72  2"
"8207","      516 72  3"
"8208","      516 72  4"
"8209","      516 97  2"
"8210","      516 97  3"
"8211","      516 98  2"
"8212","      516 98  5"
"8213","      516 99  2"
"8214","      516 99  3"
"8215","      516100  2"
"8216","      516103  2"
"8217","      516105  2"
"8218","      516105  3"
"8219","      519  3  2"
"8220","      519  7  4"
"8221","      519 11  2"
"8222","      519 11  3"
"8223","      519 16  4"
"8224","      519 20  2"
"8225","      519 20  3"
"8226","      519 28  2"
"8227","      519 32  2"
"8228","      519 36  1"
"8229","      519 41  7"
"8230","      519 41  9"
"8231","      519 45  1"
"8232","      519 53  2"
"8233","      519 53  4"
"8234","      519 57  6"
"8235","      519 62  2"
"8236","      519 66  2"
"8237","      519 66  6"
"8238","      519 70  3"
"8239","      519 74  2"
"8240","      519 78  2"
"8241","      519 83  1"
"8242","      520  2  2"
"8243","      520  6  3"
"8244","      520  6  4"
"8245","      520 29  2"
"8246","      520 37  2"
"8247","      520 41  2"
"8248","      520 45  3"
"8249","      520 53  3"
"8250","      520 64  1"
"8251","      520 64  2"
"8252","      520 72  4"
"8253","      520 76  1"
"8254","      520 80  3"
"8255","      520 84  2"
"8256","      521  5  3"
"8257","      521  5  4"
"8258","      521 21  2"
"8259","      521 21  3"
"8260","      521 37  1"
"8261","      521 41  2"
"8262","      521 41  3"
"8263","      521 49  2"
"8264","      521 49  4"
"8265","      521 61  2"
"8266","      521 61  3"
"8267","      521 61  4"
"8268","      521 65  3"
"8269","      521 73  2"
"8270","      521 73  3"
"8271","      521 85  4"
"8272","      521 89  2"
"8273","      521 93  3"
"8274","      524  2  2"
"8275","      524 15  2"
"8276","      524 15  3"
"8277","      524 20  4"
"8278","      524 20  5"
"8279","      524 29  2"
"8280","      524 33  2"
"8281","      524 42  3"
"8282","      524 42  4"
"8283","      524 42  5"
"8284","      524 42  6"
"8285","      524 46  3"
"8286","      524 46  4"
"8287","      524 51  3"
"8288","      524 55  2"
"8289","      524 55  4"
"8290","      524 60  2"
"8291","      524 60  3"
"8292","      524 69  2"
"8293","      524 73  2"
"8294","      524 73  4"
"8295","      524 82  2"
"8296","      524 82  4"
"8297","      524 86  2"
"8298","      524 86  3"
"8299","      524 91  2"
"8300","      524 91  3"
"8301","      525  1  2"
"8302","      525  1  3"
"8303","      525  5  2"
"8304","      525  9  2"
"8305","      525 20  2"
"8306","      525 24  5"
"8307","      525 28  3"
"8308","      525 31  1"
"8309","      525 39  2"
"8310","      525 43  2"
"8311","      525 43  3"
"8312","      525 46  1"
"8313","      525 50  2"
"8314","      525 50  3"
"8315","      525 54  2"
"8316","      525 58  2"
"8317","      525 58  3"
"8318","      525 62  2"
"8319","      525 65  2"
"8320","      526  2  2"
"8321","      526  6  4"
"8322","      526  6  5"
"8323","      526 11  1"
"8324","      526 15  2"
"8325","      526 29  2"
"8326","      526 43  2"
"8327","      526 48  2"
"8328","      526 57  3"
"8329","      526 61  2"
"8330","      526 66  2"
"8331","      526 71  2"
"8332","      526 71  3"
"8333","      526 75  3"
"8334","      526 75  5"
"8335","      526 75  6"
"8336","      526 84  2"
"8337","      526 89  2"
"8338","      526 98  1"
"8339","      526 98  2"
"8340","      526103  2"
"8341","      526103  3"
"8342","      526103  4"
"8343","      526112  2"
"8344","      526112  4"
"8345","      526116  2"
"8346","      526121  2"
"8347","      526121  3"
"8348","      529  3  2"
"8349","      529  3  8"
"8350","      529  7  2"
"8351","      529 12  1"
"8352","      529 16  2"
"8353","      529 20  1"
"8354","      529 20  3"
"8355","      529 24  3"
"8356","      529 29  2"
"8357","      529 33  2"
"8358","      529 37  4"
"8359","      529 41  2"
"8360","      529 50  2"
"8361","      529 50  4"
"8362","      529 54  2"
"8363","      529 58  2"
"8364","      529 58  4"
"8365","      529 62  2"
"8366","      529 67  2"
"8367","      529 71  2"
"8368","      529 71  3"
"8369","      529 71  4"
"8370","      529 75  2"
"8371","      529 79  4"
"8372","      529 84  2"
"8373","      529 88  2"
"8374","      529 92  2"
"8375","      529 96  2"
"8376","      529 96  4"
"8377","      529101  5"
"8378","      529105  2"
"8379","      530  2  2"
"8380","      530  6  3"
"8381","      530 11  2"
"8382","      530 11  4"
"8383","      530 11  5"
"8384","      530 15  2"
"8385","      530 20  2"
"8386","      530 20  4"
"8387","      530 25  2"
"8388","      530 25  3"
"8389","      530 25  4"
"8390","      530 29  2"
"8391","      530 29  5"
"8392","      530 34  2"
"8393","      530 38  1"
"8394","      530 38  6"
"8395","      530 43  2"
"8396","      530 43  3"
"8397","      530 43  5"
"8398","      530 43  6"
"8399","      530 48  4"
"8400","      530 48  6"
"8401","      530 52  1"
"8402","      530 52  3"
"8403","      530 57  2"
"8404","      530 61  2"
"8405","      530 66  2"
"8406","      530 66  3"
"8407","      530 66  4"
"8408","      530 71  1"
"8409","      530 71  2"
"8410","      530 71  3"
"8411","      530 71  4"
"8412","      530 75  2"
"8413","      530 80  3"
"8414","      530 84  1"
"8415","      530 89  2"
"8416","      531  3  4"
"8417","      531  3  5"
"8418","      531  7  4"
"8419","      531 11  2"
"8420","      531 15  2"
"8421","      531 20  2"
"8422","      531 20  4"
"8423","      531 20  5"
"8424","      531 28  2"
"8425","      531 28  3"
"8426","      531 32  2"
"8427","      531 32  4"
"8428","      531 37  2"
"8429","      531 37  3"
"8430","      531 37  4"
"8431","      531 37  6"
"8432","      531 41  2"
"8433","      531 45  2"
"8434","      531 49  2"
"8435","      531 54  2"
"8436","      531 66  1"
"8437","      531 66  2"
"8438","      531 66  3"
"8439","      531 71  2"
"8440","      531 71  3"
"8441","      531 79  1"
"8442","      531 79  3"
"8443","      531 83  2"
"8444","      532  2  2"
"8445","      532  2  3"
"8446","      532  6  2"
"8447","      532  9  1"
"8448","      532  9  4"
"8449","      532  9  6"
"8450","      532 13  2"
"8451","      532 16  2"
"8452","      532 24  2"
"8453","      532 31  1"
"8454","      532 34  1"
"8455","      532 34  3"
"8456","      532 34  4"
"8457","      532 38  2"
"8458","      532 49  3"
"8459","      532 52  2"
"8460","      532 56  2"
"8461","      532 59  2"
"8462","      532 63  4"
"8463","      532 70  2"
"8464","      532 70  3"
"8465","      532 77  3"
"8466","      532 77  4"
"8467","      532 77  5"
"8468","      532 77  6"
"8469","      532 84  2"
"8470","      532 88  1"
"8471","      532 92  2"
"8472","      534  1  1"
"8473","      534  1  2"
"8474","      534  1  5"
"8475","      534  7  3"
"8476","      534 18  2"
"8477","      534 18  4"
"8478","      534 24  2"
"8479","      534 24  4"
"8480","      534 35  2"
"8481","      534 35  6"
"8482","      534 40  2"
"8483","      534 46  2"
"8484","      534 57  2"
"8485","      534 62  1"
"8486","      534 68  3"
"8487","      534 68  4"
"8488","      534 73  3"
"8489","      534 84  3"
"8490","      534 84  4"
"8491","      534 84  8"
"8492","      534 84 13"
"8493","      534 84 16"
"8494","      534 84 19"
"8495","      534 90  2"
"8496","      535  5  2"
"8497","      535  5  9"
"8498","      535 14  2"
"8499","      535 50  2"
"8500","      535 59  2"
"8501","      535 77  2"
"8502","      535 86  2"
"8503","      535 95  2"
"8504","      535 95  6"
"8505","      536  6  2"
"8506","      536 16  1"
"8507","      536 23  2"
"8508","      536 23  4"
"8509","      536 23 12"
"8510","      536 29  1"
"8511","      536 36  2"
"8512","      536 39  3"
"8513","      536 39  5"
"8514","      536 42  3"
"8515","      539 11  2"
"8516","      539 14  2"
"8517","      539 14  3"
"8518","      539 14  4"
"8519","      539 14  5"
"8520","      539 22  4"
"8521","      539 26  3"
"8522","      539 26  4"
"8523","      539 33  2"
"8524","      539 33  4"
"8525","      539 44  3"
"8526","      540  5  2"
"8527","      540  9  1"
"8528","      540 14  2"
"8529","      540 18  2"
"8530","      540 23  2"
"8531","      540 28  2"
"8532","      540 28  3"
"8533","      540 28  5"
"8534","      540 32  3"
"8535","      540 32  4"
"8536","      540 37  2"
"8537","      540 42  2"
"8538","      540 42  3"
"8539","      540 46  2"
"8540","      540 46  3"
"8541","      540 51  2"
"8542","      540 56  2"
"8543","      540 60  2"
"8544","      540 65  2"
"8545","      540 74  2"
"8546","      540 79  1"
"8547","      540 79  3"
"8548","      540 83  4"
"8549","      540 83  6"
"8550","      540 88  3"
"8551","      540 93  2"
"8552","      540102  2"
"8553","      541  6  2"
"8554","      541  9  4"
"8555","      541  9  6"
"8556","      541 12  2"
"8557","      541 12  3"
"8558","      541 12  4"
"8559","      541 21  2"
"8560","      541 21  3"
"8561","      541 24  2"
"8562","      541 27  2"
"8563","      541 30  1"
"8564","      541 33  3"
"8565","      541 45  2"
"8566","      541 51  2"
"8567","      541 54  2"
"8568","      541 57  2"
"8569","      541 57  3"
"8570","      541 57  5"
"8571","      541 63  3"
"8572","      541 63  5"
"8573","      541 69  2"
"8574","      541 75  3"
"8575","      541 75  5"
"8576","      541 75  6"
"8577","      541 78  2"
"8578","      541 81  2"
"8579","      541 81  3"
"8580","      541 84  2"
"8581","      541 84  4"
"8582","      541 87  2"
"8583","      541 93  2"
"8584","      541 93  3"
"8585","      541 93  8"
"8586","      541 96  2"
"8587","      541 99  2"
"8588","      541102  1"
"8589","      541105  2"
"8590","      541108  2"
"8591","      544 18  4"
"8592","      544 22  1"
"8593","      544 37  1"
"8594","      544 37  3"
"8595","      544 37  4"
"8596","      544 37  5"
"8597","      544 45  1"
"8598","      544 45  2"
"8599","      544 45  4"
"8600","      544 53  2"
"8601","      544 57  2"
"8602","      544 64  2"
"8603","      545  3  2"
"8604","      545  7  1"
"8605","      545 11  2"
"8606","      545 26  2"
"8607","      545 30  2"
"8608","      545 30  3"
"8609","      545 34  3"
"8610","      545 38  2"
"8611","      545 42  2"
"8612","      545 46  1"
"8613","      545 54  2"
"8614","      545 58  2"
"8615","      545 62  2"
"8616","      545 69  2"
"8617","      545 77  2"
"8618","      545 81  2"
"8619","      545 81  4"
"8620","      545 85  1"
"8621","      545 85  6"
"8622","      546  8  2"
"8623","      546 13  2"
"8624","      546 17  1"
"8625","      546 17  2"
"8626","      546 25  2"
"8627","      546 47  2"
"8628","      546 51  2"
"8629","      546 56  3"
"8630","      546 73  2"
"8631","      546 73  3"
"8632","      546 77  2"
"8633","      546 82  2"
"8634","      546 86  4"
"8635","      547  1  1"
"8636","      547  1  2"
"8637","      547 15  2"
"8638","      547 20  2"
"8639","      547 20  4"
"8640","      547 29  2"
"8641","      547 29  3"
"8642","      547 34  2"
"8643","      547 39  2"
"8644","      547 39  3"
"8645","      547 53  2"
"8646","      547 57  2"
"8647","      547 62  1"
"8648","      547 67  2"
"8649","      547 67  3"
"8650","      549  2  2"
"8651","      549  6  2"
"8652","      549  9  3"
"8653","      549  9  5"
"8654","      549 11  3"
"8655","      549 14  2"
"8656","      549 14  4"
"8657","      549 16  2"
"8658","      549 21  2"
"8659","      549 21  3"
"8660","      549 23  6"
"8661","      549 26  1"
"8662","      549 28  2"
"8663","      549 31  2"
"8664","      549 33  2"
"8665","      550  1  2"
"8666","      550  7  2"
"8667","      550 10  2"
"8668","      550 14  1"
"8669","      550 23  3"
"8670","      550 26  2"
"8671","      550 29  4"
"8672","      550 32  2"
"8673","      550 44  2"
"8674","      550 50  3"
"8675","      550 53  4"
"8676","      551 10  3"
"8677","      551 10  4"
"8678","      551 13  2"
"8679","      551 17  2"
"8680","      551 20  2"
"8681","      551 27  2"
"8682","      551 30  2"
"8683","      551 30  3"
"8684","      551 34  2"
"8685","      551 34  3"
"8686","      551 41  2"
"8687","      551 41  3"
"8688","      551 44  2"
"8689","      551 48  2"
"8690","      551 48  3"
"8691","      551 51  2"
"8692","      551 58  6"
"8693","      554  3  2"
"8694","      554  4  2"
"8695","      554  5  2"
"8696","      554  5  5"
"8697","      554  5  8"
"8698","      554  8  2"
"8699","      554 18  2"
"8700","      554 19  2"
"8701","      554 20  2"
"8702","      554 21  2"
"8703","      554 22  1"
"8704","      554 22  4"
"8705","      554 23  2"
"8706","      554 23  4"
"8707","      554 33  2"
"8708","      554 34  1"
"8709","      554 34  3"
"8710","      554 34  4"
"8711","      554 35  2"
"8712","      554 38  1"
"8713","      554 39  3"
"8714","      554 40  2"
"8715","      554 49  2"
"8716","      554 49  3"
"8717","      554 50  1"
"8718","      554 51  2"
"8719","      554 52  3"
"8720","      554 53  2"
"8721","      554 53  3"
"8722","      554 53  4"
"8723","      554 54  2"
"8724","      554 54  3"
"8725","      554 55  2"
"8726","      554 55  3"
"8727","      554 56  1"
"8728","      554 65  2"
"8729","      554 66  2"
"8730","      554 67  2"
"8731","      554 67  3"
"8732","      554 68  2"
"8733","      554 70  1"
"8734","      554 71  7"
"8735","      554 72  2"
"8736","      555 10  3"
"8737","      555 10  7"
"8738","      555 12  2"
"8739","      555 13  2"
"8740","      555 14  2"
"8741","      555 33  2"
"8742","      555 34  3"
"8743","      555 36  2"
"8744","      555 37  2"
"8745","      555 38  3"
"8746","      555 39  2"
"8747","      555 39  3"
"8748","      555 57  2"
"8749","      555 58  3"
"8750","      555 59  5"
"8751","      555 59  8"
"8752","      555 60  2"
"8753","      555 61  2"
"8754","      555 61  6"
"8755","      556  1  2"
"8756","      556  2  3"
"8757","      556  4  2"
"8758","      556  7  2"
"8759","      556  7  5"
"8760","      556  8  4"
"8761","      556 45  2"
"8762","      556 46  3"
"8763","      556 48  1"
"8764","      556 73  2"
"8765","      556 74  1"
"8766","      556 75  2"
"8767","      556 76  3"
"8768","      556 78  2"
"8769","      556 79  2"
"8770","      556 79  6"
"8771","      556 80  2"
"8772","      556106  3"
"8773","      556107  1"
"8774","      556107  4"
"8775","      556109  2"
"8776","      556109  3"
"8777","      556110  2"
"8778","      556110  3"
"8779","      556111  2"
"8780","      556145  2"
"8781","      556147  2"
"8782","      556149  2"
"8783","      556149  3"
"8784","      556152  1"
"8785","      556152  2"
"8786","      559  2  2"
"8787","      559  3  5"
"8788","      559  4  2"
"8789","      559  4  3"
"8790","      559  5  2"
"8791","      559  6  2"
"8792","      559  7  2"
"8793","      559 17  2"
"8794","      559 19  2"
"8795","      559 19  3"
"8796","      559 19  4"
"8797","      559 21  2"
"8798","      559 21  3"
"8799","      559 22  2"
"8800","      559 23  8"
"8801","      559 33  2"
"8802","      559 35  2"
"8803","      559 36  2"
"8804","      559 37  2"
"8805","      559 38  2"
"8806","      559 39  2"
"8807","      559 40  2"
"8808","      559 53  2"
"8809","      559 53  8"
"8810","      559 54  2"
"8811","      559 55  4"
"8812","      559 65  2"
"8813","      559 66  2"
"8814","      559 68  4"
"8815","      559 69  2"
"8816","      559 70  2"
"8817","      559 70  3"
"8818","      560  9  2"
"8819","      560  9  3"
"8820","      560  9  4"
"8821","      560 10  2"
"8822","      560 11  2"
"8823","      560 12  3"
"8824","      560 12  8"
"8825","      560 13  4"
"8826","      560 14  1"
"8827","      560 15  2"
"8828","      560 16  2"
"8829","      560 16  3"
"8830","      560 73  2"
"8831","      560 73  3"
"8832","      560 74  2"
"8833","      560 75  2"
"8834","      560 75  7"
"8835","      560 77  3"
"8836","      560 78  2"
"8837","      560 79  2"
"8838","      560 80  2"
"8839","      560 80  4"
"8840","      560137  2"
"8841","      560138  2"
"8842","      560138  3"
"8843","      560138  6"
"8844","      560139  2"
"8845","      560140  2"
"8846","      560141  1"
"8847","      560141  2"
"8848","      560141  3"
"8849","      560142  1"
"8850","      560144  3"
"8851","      560144  5"
"8852","      560144  9"
"8853","      560193  2"
"8854","      560194  2"
"8855","      560194  3"
"8856","      560194  5"
"8857","      560194  6"
"8858","      560195  2"
"8859","      560196  4"
"8860","      560196  5"
"8861","      560197  1"
"8862","      560198  2"
"8863","      560199  3"
"8864","      560199  5"
"8865","      560200  2"
"8866","      560257  1"
"8867","      560258  2"
"8868","      560258  6"
"8869","      560259  2"
"8870","      560260  2"
"8871","      560261  2"
"8872","      560263  2"
"8873","      560264  3"
"8874","      561 25  7"
"8875","      561 26  2"
"8876","      561 27  2"
"8877","      561 28  4"
"8878","      561 28  6"
"8879","      561 28  7"
"8880","      561 29  5"
"8881","      561 30  2"
"8882","      561 30  5"
"8883","      561 31  2"
"8884","      561 31  3"
"8885","      561 31  4"
"8886","      561 32  2"
"8887","      561 59  1"
"8888","      561 59  2"
"8889","      561 60  2"
"8890","      561 62  2"
"8891","      561 62  3"
"8892","      561 62  4"
"8893","      561 62  5"
"8894","      561 63  2"
"8895","      561 64  2"
"8896","      561 64  3"
"8897","      561 98  2"
"8898","      561100  2"
"8899","      561100  5"
"8900","      561101  2"
"8901","      561102  2"
"8902","      561103  2"
"8903","      561105  1"
"8904","      562  2  2"
"8905","      562  6  2"
"8906","      562  7  3"
"8907","      562 25  2"
"8908","      562 26  2"
"8909","      562 27  2"
"8910","      562 28  2"
"8911","      562 29  3"
"8912","      562 30  2"
"8913","      562 31  2"
"8914","      562 32  3"
"8915","      562 57  2"
"8916","      562 58  2"
"8917","      562 58  3"
"8918","      562 59  2"
"8919","      562 59  5"
"8920","      562 60  2"
"8921","      562 62  2"
"8922","      562 64  2"
"8923","      562 81  2"
"8924","      562 82  1"
"8925","      562 84  2"
"8926","      562 85  2"
"8927","      562 85  3"
"8928","      562 86  2"
"8929","      564  2  2"
"8930","      564  4  2"
"8931","      564  6  2"
"8932","      564 19  2"
"8933","      564 20  2"
"8934","      564 22  2"
"8935","      564 23  2"
"8936","      564 23  3"
"8937","      564 25  2"
"8938","      564 25  4"
"8939","      564 44  2"
"8940","      564 46  2"
"8941","      564 48  2"
"8942","      564 49  2"
"8943","      564 64  2"
"8944","      564 64  4"
"8945","      564 65  2"
"8946","      565  2  2"
"8947","      565  3  2"
"8948","      565  5  2"
"8949","      565  5  7"
"8950","      565  6  2"
"8951","      565  7  2"
"8952","      565  7  3"
"8953","      565  8  5"
"8954","      565 17  1"
"8955","      565 18  3"
"8956","      565 19  2"
"8957","      565 20  2"
"8958","      565 20  6"
"8959","      565 22  1"
"8960","      565 23  2"
"8961","      565 24  2"
"8962","      565 33  2"
"8963","      565 34  2"
"8964","      565 35  2"
"8965","      565 35  3"
"8966","      565 35  4"
"8967","      565 35  5"
"8968","      565 41  2"
"8969","      565 41  3"
"8970","      565 42  2"
"8971","      565 42  3"
"8972","      565 42  6"
"8973","      565 42  7"
"8974","      565 43  2"
"8975","      565 46  2"
"8976","      565 48  2"
"8977","      565 59  2"
"8978","      565 60  2"
"8979","      565 61  2"
"8980","      565 62  2"
"8981","      565 64  1"
"8982","      565 64  4"
"8983","      566  2  2"
"8984","      566  2  6"
"8985","      566  4  2"
"8986","      566  5  2"
"8987","      566  6  4"
"8988","      566  7  2"
"8989","      566  7  4"
"8990","      566  7  6"
"8991","      566  8  3"
"8992","      566 17  2"
"8993","      566 18  1"
"8994","      566 19  2"
"8995","      566 20  2"
"8996","      566 20  3"
"8997","      566 21  1"
"8998","      566 22  2"
"8999","      566 22  6"
"9000","      566 23  2"
"9001","      566 23  3"
"9002","      566 24  2"
"9003","      566 33  5"
"9004","      566 34  2"
"9005","      566 34  3"
"9006","      566 37  2"
"9007","      566 38  6"
"9008","      566 39  2"
"9009","      566 40  2"
"9010","      566 50  1"
"9011","      566 51  1"
"9012","      566 52  2"
"9013","      566 53  1"
"9014","      566 54  2"
"9015","      566 54  5"
"9016","      566 56  4"
"9017","      566 65  1"
"9018","      566 66  2"
"9019","      566 66  8"
"9020","      566 69  2"
"9021","      566 69  3"
"9022","      566 71  2"
"9023","      566 72  2"
"9024","      569  4  9"
"9025","      569  8  2"
"9026","      569  8  4"
"9027","      569 13  2"
"9028","      569 17  2"
"9029","      569 26  1"
"9030","      569 26  2"
"9031","      569 30  2"
"9032","      569 39  2"
"9033","      569 43  3"
"9034","      569 47  2"
"9035","      569 47  3"
"9036","      569 47  4"
"9037","      569 52  2"
"9038","      569 56  2"
"9039","      569 56  3"
"9040","      569 56  4"
"9041","      569 56  5"
"9042","      569 56  6"
"9043","      569 60  1"
"9044","      569 60  2"
"9045","      569 60  3"
"9046","      569 65  2"
"9047","      569 65  3"
"9048","      570  3  2"
"9049","      570  8  3"
"9050","      570 12  2"
"9051","      570 17  2"
"9052","      570 21  1"
"9053","      570 21  2"
"9054","      570 26  2"
"9055","      570 26  3"
"9056","      570 30  2"
"9057","      570 35  1"
"9058","      570 39  2"
"9059","      570 44  2"
"9060","      570 53  2"
"9061","      570 57  2"
"9062","      570 61  3"
"9063","      570 66  2"
"9064","      570 70  2"
"9065","      570 75  1"
"9066","      570 79  3"
"9067","      570 84  2"
"9068","      570 88  2"
"9069","      570 88  3"
"9070","      570 88  4"
"9071","      570 93  1"
"9072","      570 97  2"
"9073","      570 97  4"
"9074","      570102  3"
"9075","      570106  5"
"9076","      570111  3"
"9077","      570115  1"
"9078","      570115  2"
"9079","      571  3  2"
"9080","      571 12  3"
"9081","      571 17  2"
"9082","      571 17  4"
"9083","      571 22  2"
"9084","      571 22  5"
"9085","      571 26  3"
"9086","      571 31  2"
"9087","      571 45  2"
"9088","      571 50  3"
"9089","      571 59  1"
"9090","      571 59  2"
"9091","      571 64  2"
"9092","      571 64  3"
"9093","      571 69  2"
"9094","      571 69  3"
"9095","      571 78  3"
"9096","      571 78  4"
"9097","      571 78  5"
"9098","      571 83  2"
"9099","      571 92  1"
"9100","      571 92  5"
"9101","      571 92  7"
"9102","      571 92  8"
"9103","      571 97  2"
"9104","      571 97  3"
"9105","      571 97  4"
"9106","      574  3  2"
"9107","      574  3  5"
"9108","      574 13  1"
"9109","      574 13  3"
"9110","      574 26  1"
"9111","      574 26  2"
"9112","      574 26  3"
"9113","      574 40  2"
"9114","      574 45  3"
"9115","      574 49  2"
"9116","      574 49  4"
"9117","      574 54  2"
"9118","      574 58  2"
"9119","      574 58  6"
"9120","      574 68  1"
"9121","      574 77  2"
"9122","      574 81  2"
"9123","      575 12  1"
"9124","      575 12  3"
"9125","      575 16  2"
"9126","      575 16  3"
"9127","      575 20  2"
"9128","      575 24  2"
"9129","      575 32  2"
"9130","      575 36  2"
"9131","      575 36  3"
"9132","      575 39  1"
"9133","      575 43  2"
"9134","      575 43  4"
"9135","      575 47  6"
"9136","      575 55  2"
"9137","      575 55  4"
"9138","      575 59  5"
"9139","      575 63  2"
"9140","      575 67  2"
"9141","      575 71  2"
"9142","      575 75  1"
"9143","      575 83  2"
"9144","      575 87  1"
"9145","      576  6  2"
"9146","      576 15  1"
"9147","      576 19  2"
"9148","      576 28  2"
"9149","      576 28  5"
"9150","      576 45  1"
"9151","      576 50  2"
"9152","      576 50  4"
"9153","      576 58  2"
"9154","      576 58  3"
"9155","      576 63  2"
"9156","      576 67  1"
"9157","      576 67  2"
"9158","      576 71  2"
"9159","      576 76  3"
"9160","      576 76  4"
"9161","      576 76  7"
"9162","      576 89  1"
"9163","      576 89  3"
"9164","      576 89  4"
"9165","      576 93  2"
"9166","      576 97  2"
"9167","      576102  4"
"9168","      576106  1"
"9169","      576106  3"
"9170","      576106  4"
"9171","      576110  4"
"9172","      579  7  4"
"9173","      579  7  5"
"9174","      579 12  1"
"9175","      579 30  2"
"9176","      579 30  7"
"9177","      579 34  2"
"9178","      579 34  5"
"9179","      579 43  4"
"9180","      579 48  3"
"9181","      579 48  6"
"9182","      579 52  2"
"9183","      579 52  3"
"9184","      579 52  4"
"9185","      579 57  2"
"9186","      579 57  6"
"9187","      579 61  3"
"9188","      579 66  3"
"9189","      579 75  1"
"9190","      579 75  2"
"9191","      579 79  2"
"9192","      579 79  3"
"9193","      580  4  2"
"9194","      580  8  1"
"9195","      580 17  1"
"9196","      580 21  2"
"9197","      580 26  2"
"9198","      580 26  4"
"9199","      580 26  7"
"9200","      580 30  2"
"9201","      580 44  2"
"9202","      580 48  4"
"9203","      580 52  6"
"9204","      580 52  7"
"9205","      580 57  2"
"9206","      580 61  1"
"9207","      580 61  2"
"9208","      580 61  3"
"9209","      580 66  2"
"9210","      580 70  2"
"9211","      580 75  2"
"9212","      580 79  2"
"9213","      580 83  3"
"9214","      581  2  2"
"9215","      581  2  6"
"9216","      581  6  1"
"9217","      581  6  2"
"9218","      581  9  6"
"9219","      581 13  2"
"9220","      581 13  3"
"9221","      581 13  9"
"9222","      581 17  2"
"9223","      581 20  2"
"9224","      581 24  2"
"9225","      581 28  2"
"9226","      581 31  2"
"9227","      581 35  2"
"9228","      581 39  1"
"9229","      581 42  4"
"9230","      581 46  2"
"9231","      581 50  1"
"9232","      581 50  3"
"9233","      581 53  1"
"9234","      581 57  2"
"9235","      581 61  2"
"9236","      581 65  1"
"9237","      582  4  2"
"9238","      582  4  3"
"9239","      582  4  5"
"9240","      582  4  6"
"9241","      582  8  3"
"9242","      582  8  6"
"9243","      582 13  2"
"9244","      582 13  4"
"9245","      582 13  6"
"9246","      582 18  2"
"9247","      582 18  4"
"9248","      582 33  5"
"9249","      582 33  6"
"9250","      582 37  1"
"9251","      582 37  2"
"9252","      582 52  4"
"9253","      582 57  1"
"9254","      582 66  3"
"9255","      582 71  2"
"9256","      582 81  3"
"9257","      582 85  2"
"9258","      582 95  2"
"9259","      582105  1"
"9260","      582109  2"
"9261","      582114  2"
"9262","      582119  2"
"9263","      582119  6"
"9264","      584  4  2"
"9265","      584 13  4"
"9266","      584 18  2"
"9267","      584 23  2"
"9268","      584 28  3"
"9269","      584 32  2"
"9270","      584 37  2"
"9271","      584 42  3"
"9272","      584 47  2"
"9273","      584 52  3"
"9274","      584 56  2"
"9275","      584 56  3"
"9276","      584 61  7"
"9277","      584 61  8"
"9278","      584 66  2"
"9279","      584 71  2"
"9280","      584 76  3"
"9281","      584 76  5"
"9282","      584 90  5"
"9283","      584 90  7"
"9284","      584 95  3"
"9285","      584100  2"
"9286","      584100  4"
"9287","      585  3  1"
"9288","      585 13  2"
"9289","      585 17  2"
"9290","      585 27  2"
"9291","      585 31  2"
"9292","      585 36  3"
"9293","      585 45  3"
"9294","      585 45  4"
"9295","      585 45  5"
"9296","      585 55  2"
"9297","      585 59  2"
"9298","      585 64  2"
"9299","      585 69  1"
"9300","      585 69  2"
"9301","      585 73  2"
"9302","      585 73  4"
"9303","      585 78  4"
"9304","      585 83  2"
"9305","      585 83  3"
"9306","      585 92  2"
"9307","      585101  2"
"9308","      586  8  2"
"9309","      586 23  1"
"9310","      586 26  2"
"9311","      586 29  1"
"9312","      586 32  2"
"9313","      586 32  4"
"9314","      586 38  3"
"9315","      586 41  2"
"9316","      586 41  3"
"9317","      586 46  2"
"9318","      586 52  2"
"9319","      589  6  3"
"9320","      589  6  5"
"9321","      589 10  2"
"9322","      589 10  5"
"9323","      589 15  2"
"9324","      589 23  2"
"9325","      589 27  2"
"9326","      589 31  3"
"9327","      589 31  6"
"9328","      589 35  3"
"9329","      589 39  3"
"9330","      589 39  9"
"9331","      589 44  1"
"9332","      589 48  1"
"9333","      589 48  3"
"9334","      589 48  4"
"9335","      589 52  2"
"9336","      589 56  2"
"9337","      589 56  4"
"9338","      589 60  2"
"9339","      589 64  2"
"9340","      589 69  2"
"9341","      589 69  3"
"9342","      589 77  3"
"9343","      589 77  6"
"9344","      589 81  1"
"9345","      589 81  2"
"9346","      589 85  2"
"9347","      589 85  5"
"9348","      589 94  2"
"9349","      589 94  4"
"9350","      589 94  5"
"9351","      589 98  1"
"9352","      589102  3"
"9353","      590  2  2"
"9354","      590  7  2"
"9355","      590 11  2"
"9356","      590 20  2"
"9357","      590 25  2"
"9358","      590 25  3"
"9359","      590 29  4"
"9360","      590 34  1"
"9361","      590 43  5"
"9362","      590 47  2"
"9363","      590 52  2"
"9364","      590 57  2"
"9365","      590 57  4"
"9366","      590 57  5"
"9367","      590 61  2"
"9368","      590 61  9"
"9369","      590 66  2"
"9370","      590 70  2"
"9371","      590 70  3"
"9372","      590 70  4"
"9373","      590 75  2"
"9374","      590 75  3"
"9375","      590 79  2"
"9376","      590 79  3"
"9377","      590 84  2"
"9378","      590 88  2"
"9379","      590 93  2"
"9380","      590 97  2"
"9381","      590 97  8"
"9382","      590102  3"
"9383","      590102  4"
"9384","      590106  3"
"9385","      590111  3"
"9386","      590111  4"
"9387","      591  5  2"
"9388","      591 14  2"
"9389","      591 19  1"
"9390","      591 22  2"
"9391","      591 25  2"
"9392","      591 25  3"
"9393","      591 27  2"
"9394","      591 27  3"
"9395","      591 30  2"
"9396","      591 30  3"
"9397","      591 33  2"
"9398","      591 36  4"
"9399","      591 44  4"
"9400","      591 44  5"
"9401","      591 44  7"
"9402","      591 47  2"
"9403","      591 47  6"
"9404","      591 49  2"
"9405","      591 52  2"
"9406","      591 52  4"
"9407","      591 55  3"
"9408","      591 55  4"
"9409","      591 58  2"
"9410","      591 60  2"
"9411","      591 66  3"
"9412","      591 69  4"
"9413","      591 71  2"
"9414","      591 71  6"
"9415","      591 71  8"
"9416","      591 74  2"
"9417","      591 77  1"
"9418","      591 82  1"
"9419","      591 82  2"
"9420","      591 85  2"
"9421","      591 88  2"
"9422","      591 93  3"
"9423","      591 96  1"
"9424","      591 99  2"
"9425","      591 99  4"
"9426","      591102  2"
"9427","      591102  3"
"9428","      591104  2"
"9429","      591107  2"
"9430","      591107  5"
"9431","      591110  2"
"9432","      591110  4"
"9433","      594  1  2"
"9434","      594  1  3"
"9435","      594 11  2"
"9436","      594 17  2"
"9437","      594 21  5"
"9438","      594 30  2"
"9439","      594 34  2"
"9440","      594 40  2"
"9441","      594 43  2"
"9442","      594 47  3"
"9443","      594 53  2"
"9444","      594 56  1"
"9445","      594 56  3"
"9446","      594 59  4"
"9447","      594 63  2"
"9448","      594 63  3"
"9449","      594 63  5"
"9450","      594 66  2"
"9451","      594 72  4"
"9452","      594 79  2"
"9453","      594 79  4"
"9454","      595  2  2"
"9455","      595  6  1"
"9456","      595  6  2"
"9457","      595 10  2"
"9458","      595 10  3"
"9459","      595 14  2"
"9460","      595 14  3"
"9461","      595 22  2"
"9462","      595 26  2"
"9463","      595 30  1"
"9464","      595 42  3"
"9465","      595 42  6"
"9466","      595 42 11"
"9467","      595 46  2"
"9468","      595 46  6"
"9469","      595 58  2"
"9470","      595 62  1"
"9471","      595 62  2"
"9472","      595 62  4"
"9473","      595 66  3"
"9474","      595 70  2"
"9475","      595 74  3"
"9476","      595 78  2"
"9477","      596 15  2"
"9478","      596 25  2"
"9479","      596 45  2"
"9480","      596 55  1"
"9481","      596 55  3"
"9482","      596 55  4"
"9483","      596 55  5"
"9484","      596 65  2"
"9485","      596 70  2"
"9486","      596 81  1"
"9487","      596 81  3"
"9488","      596 91  2"
"9489","      596 96  3"
"9490","      596101  3"
"9491","      596106  2"
"9492","      596106  3"
"9493","      596106  5"
"9494","      596106  6"
"9495","      597  2  2"
"9496","      597  2  3"
"9497","      597  2  4"
"9498","      597  5  5"
"9499","      597  5  6"
"9500","      597  5  9"
"9501","      597 12  1"
"9502","      597 18  2"
"9503","      597 22  2"
"9504","      597 25  2"
"9505","      597 28  3"
"9506","      597 31  2"
"9507","      597 35  1"
"9508","      597 38  2"
"9509","      597 41  3"
"9510","      597 41  4"
"9511","      597 41  7"
"9512","      597 44  3"
"9513","      597 54  2"
"9514","      597 58  2"
"9515","      597 67  2"
"9516","      597 67  4"
"9517","      597 74  2"
"9518","      597 74  3"
"9519","      597 74 10"
"9520","      597 77  2"
"9521","      597 84  1"
"9522","      597 87  2"
"9523","      597 90  2"
"9524","      597 90  3"
"9525","      597 90  5"
"9526","      597 94  2"
"9527","      597 97  4"
"9528","      597100  2"
"9529","      597103  2"
"9530","      597107  3"
"9531","      599 14  1"
"9532","      599 14  3"
"9533","      599 26  2"
"9534","      599 26  3"
"9535","      599 31  2"
"9536","      599 35  2"
"9537","      599 35  3"
"9538","      599 43  1"
"9539","      599 52  2"
"9540","      599 56  2"
"9541","      599 56  3"
"9542","      599 60  2"
"9543","      599 64  2"
"9544","      599 68  2"
"9545","      599 68  5"
"9546","      599 68  6"
"9547","      599 68  9"
"9548","      599 73  3"
"9549","      600  5  4"
"9550","      600  5  5"
"9551","      600  8  1"
"9552","      600 12  2"
"9553","      600 15  3"
"9554","      600 18  2"
"9555","      600 22  4"
"9556","      600 25  4"
"9557","      600 28  1"
"9558","      600 32  2"
"9559","      600 35  2"
"9560","      600 38  3"
"9561","      600 42  2"
"9562","      600 42  4"
"9563","      600 45  2"
"9564","      600 48  2"
"9565","      600 52  2"
"9566","      600 55  2"
"9567","      600 58  2"
"9568","      600 62  3"
"9569","      600 65  2"
"9570","      600 68  2"
"9571","      600 68  4"
"9572","      600 68  5"
"9573","      600 75  2"
"9574","      600 78  2"
"9575","      600 81  3"
"9576","      600 88  2"
"9577","      600 91  4"
"9578","      600 95  2"
"9579","      600 98  2"
"9580","      600105  2"
"9581","      600108  2"
"9582","      600125  2"
"9583","      600125  4"
"9584","      600128  1"
"9585","      600131  3"
"9586","      601  3  2"
"9587","      601  3  5"
"9588","      601  7  2"
"9589","      601  7  3"
"9590","      601 11  2"
"9591","      601 15  2"
"9592","      601 20  3"
"9593","      601 24  4"
"9594","      601 24  5"
"9595","      601 24  9"
"9596","      601 28  2"
"9597","      601 32  1"
"9598","      601 36  2"
"9599","      601 40  2"
"9600","      601 45  2"
"9601","      601 45  3"
"9602","      601 45  7"
"9603","      601 49  3"
"9604","      601 49  6"
"9605","      601 53  5"
"9606","      601 53  6"
"9607","      601 61  2"
"9608","      601 65  3"
"9609","      601 65  5"
"9610","      601 74  2"
"9611","      601 74  4"
"9612","      601 74  6"
"9613","      601 78  2"
"9614","      601 78  3"
"9615","      601 82  3"
"9616","      601 86  2"
"9617","      601 90  2"
"9618","      604  2  2"
"9619","      604  5  4"
"9620","      604  7  3"
"9621","      604  7  5"
"9622","      604 10  2"
"9623","      604 10  3"
"9624","      604 16  2"
"9625","      604 16  5"
"9626","      604 18  2"
"9627","      604 21  2"
"9628","      604 24  4"
"9629","      604 24  6"
"9630","      604 24  7"
"9631","      604 26  3"
"9632","      604 26  4"
"9633","      604 29  2"
"9634","      604 32  2"
"9635","      604 34  2"
"9636","      604 40  2"
"9637","      604 48  5"
"9638","      604 51  2"
"9639","      604 53  1"
"9640","      604 53  2"
"9641","      604 53  5"
"9642","      604 56  2"
"9643","      604 59  1"
"9644","      604 61  2"
"9645","      604 64  3"
"9646","      604 67  3"
"9647","      604 67  5"
"9648","      604 69  4"
"9649","      604 69  6"
"9650","      605  2  3"
"9651","      605  2  4"
"9652","      605  6  2"
"9653","      605 10  1"
"9654","      605 19  3"
"9655","      605 41  1"
"9656","      605 46  2"
"9657","      605 55  2"
"9658","      605 59  2"
"9659","      605 64  2"
"9660","      605 81  2"
"9661","      605 86  2"
"9662","      605 90  2"
"9663","      605 95  1"
"9664","      605 99  2"
"9665","      605103  2"
"9666","      605112  3"
"9667","      605117  1"
"9668","      605121  3"
"9669","      605126  2"
"9670","      605130  2"
"9671","      605134  2"
"9672","      605139  2"
"9673","      605143  2"
"9674","      605165  2"
"9675","      605170  3"
"9676","      606 17  2"
"9677","      606 18  4"
"9678","      606 19  2"
"9679","      606 20  2"
"9680","      606 20  5"
"9681","      606 20  6"
"9682","      606 21  2"
"9683","      606 22  3"
"9684","      606 23  2"
"9685","      606 24  6"
"9686","      606 50  2"
"9687","      606 52  2"
"9688","      606 52  4"
"9689","      606 52  7"
"9690","      606 53  2"
"9691","      606 54  2"
"9692","      606 55  2"
"9693","      606 56  3"
"9694","      606 58  2"
"9695","      609  1  2"
"9696","      609  1  4"
"9697","      609  3  2"
"9698","      609  4  1"
"9699","      609  5  3"
"9700","      609  7  3"
"9701","      609  7  4"
"9702","      609 17  2"
"9703","      609 18  2"
"9704","      609 19  2"
"9705","      609 21  3"
"9706","      609 22  2"
"9707","      609 22  4"
"9708","      609 23  1"
"9709","      609 23  3"
"9710","      610  9  3"
"9711","      610 12  2"
"9712","      610 13  5"
"9713","      610 14  2"
"9714","      610 15  2"
"9715","      610 16  3"
"9716","      610 26  2"
"9717","      610 27  2"
"9718","      610 28  3"
"9719","      610 30  5"
"9720","      610 31  2"
"9721","      610 32  2"
"9722","      610 32  4"
"9723","      610 50  2"
"9724","      610 51  5"
"9725","      610 54  2"
"9726","      610 55  2"
"9727","      610 55  3"
"9728","      610 56  2"
"9729","      610 65  2"
"9730","      610 66  5"
"9731","      610 68  2"
"9732","      611  1  1"
"9733","      611  3  1"
"9734","      611  5  2"
"9735","      611  6  2"
"9736","      611  6  6"
"9737","      611  7  2"
"9738","      611  8  2"
"9739","      611 25  2"
"9740","      611 25  3"
"9741","      611 26  3"
"9742","      611 27  2"
"9743","      611 28  2"
"9744","      611 29  2"
"9745","      611 30  3"
"9746","      611 31  2"
"9747","      611 32  4"
"9748","      611 42  2"
"9749","      611 43  2"
"9750","      611 44  2"
"9751","      611 44  3"
"9752","      611 45  2"
"9753","      611 46  2"
"9754","      611 46  3"
"9755","      611 47  6"
"9756","      611 47 10"
"9757","      611 47 14"
"9758","      611 48  2"
"9759","      611 48  4"
"9760","      611 57  1"
"9761","      611 58  2"
"9762","      611 58  3"
"9763","      611 58  4"
"9764","      611 59  2"
"9765","      611 60  2"
"9766","      611 61  1"
"9767","      611 63  1"
"9768","      611 64  2"
"9769","      611 81  2"
"9770","      611 81  3"
"9771","      611 81  5"
"9772","      611 82  1"
"9773","      611 83  2"
"9774","      611 84  1"
"9775","      611 85  2"
"9776","      611 86  2"
"9777","      611 87  7"
"9778","      614  1  4"
"9779","      614  2  2"
"9780","      614  2  5"
"9781","      614  2  7"
"9782","      614  5  2"
"9783","      614  6  2"
"9784","      614  6  5"
"9785","      614  7  2"
"9786","      614  8  2"
"9787","      614  9  2"
"9788","      614 11  2"
"9789","      614 14  2"
"9790","      614 16  2"
"9791","      614 25  2"
"9792","      614 25  4"
"9793","      614 27  2"
"9794","      614 28  3"
"9795","      614 29  2"
"9796","      614 35  3"
"9797","      614 36  5"
"9798","      614 37  2"
"9799","      614 39  2"
"9800","      614 42  2"
"9801","      614 42  3"
"9802","      614 43  2"
"9803","      614 44  6"
"9804","      614 45  2"
"9805","      614 46  2"
"9806","      615  9  2"
"9807","      615 10  2"
"9808","      615 11  2"
"9809","      615 12  3"
"9810","      615 13  2"
"9811","      615 14  2"
"9812","      615 15  2"
"9813","      615 33  2"
"9814","      615 34  2"
"9815","      615 35  2"
"9816","      615 36  7"
"9817","      615 37  1"
"9818","      615 38  2"
"9819","      615 39  1"
"9820","      615 40  1"
"9821","      615 50  1"
"9822","      615 51  2"
"9823","      615 52  2"
"9824","      615 53  2"
"9825","      615 54  3"
"9826","      615 54  5"
"9827","      615 54  9"
"9828","      615 54 11"
"9829","      615 55  2"
"9830","      615 73  2"
"9831","      615 75  2"
"9832","      615 76  2"
"9833","      615 77  5"
"9834","      615 78  2"
"9835","      615 79  2"
"9836","      615 80  2"
"9837","      615 97  2"
"9838","      615 98  3"
"9839","      615 98  5"
"9840","      615 98  6"
"9841","      615 99  2"
"9842","      615100  2"
"9843","      615101  2"
"9844","      615103  3"
"9845","      615103  7"
"9846","      615103  8"
"9847","      615104  2"
"9848","      615104  3"
"9849","      616 11  2"
"9850","      616 12  5"
"9851","      616 12  9"
"9852","      616 13  2"
"9853","      616 14  2"
"9854","      616 14  3"
"9855","      616 15  2"
"9856","      616 16  2"
"9857","      616 25  1"
"9858","      616 25  2"
"9859","      616 25  5"
"9860","      616 26  4"
"9861","      616 27  2"
"9862","      616 29  2"
"9863","      616 31  2"
"9864","      616 49  3"
"9865","      616 49  4"
"9866","      616 50  2"
"9867","      616 54  2"
"9868","      616 65  2"
"9869","      616 65  4"
"9870","      616 66  2"
"9871","      616 66  3"
"9872","      616 67  2"
"9873","      616 68  3"
"9874","      616 69  2"
"9875","      616 70  2"
"9876","      616 71  2"
"9877","      616 72  2"
"9878","      616 89  2"
"9879","      616 90  2"
"9880","      616 91  2"
"9881","      616 91  8"
"9882","      616 93  2"
"9883","      616 96  1"
"9884","      617  9  1"
"9885","      617 10  2"
"9886","      617 12  3"
"9887","      617 13  4"
"9888","      617 14  1"
"9889","      617 14  3"
"9890","      617 15  2"
"9891","      617 15  3"
"9892","      617 33  2"
"9893","      617 34  2"
"9894","      617 35  2"
"9895","      617 35  9"
"9896","      617 36  2"
"9897","      617 37  2"
"9898","      617 39  2"
"9899","      617 40  2"
"9900","      617 58  2"
"9901","      617 58  3"
"9902","      617 59  4"
"9903","      617 60  1"
"9904","      617 63  2"
"9905","      617 64  3"
"9906","      617 81  3"
"9907","      617 82  2"
"9908","      617 82  3"
"9909","      617 84  2"
"9910","      617 85  2"
"9911","      617 86  2"
"9912","      617 87  2"
"9913","      617 98  2"
"9914","      617 99  2"
"9915","      617 99  3"
"9916","      617102  2"
"9917","      617103  2"
"9918","      617104  2"
"9919","      619  9  2"
"9920","      619 10  1"
"9921","      619 11  1"
"9922","      619 13  2"
"9923","      619 15  2"
"9924","      619 15  3"
"9925","      619 16  2"
"9926","      619 16  4"
"9927","      619 41  2"
"9928","      619 42  2"
"9929","      619 42  3"
"9930","      619 44  2"
"9931","      619 44  5"
"9932","      619 47  2"
"9933","      619 48  3"
"9934","      619 73  4"
"9935","      619 73  8"
"9936","      619 74  1"
"9937","      619 74  5"
"9938","      619 75  2"
"9939","      619 75  3"
"9940","      619 76  2"
"9941","      619 77  2"
"9942","      619 78  2"
"9943","      619 79  3"
"9944","      619 80  3"
"9945","      619106  2"
"9946","      619107  4"
"9947","      619107  6"
"9948","      619108  1"
"9949","      619109  2"
"9950","      619112  3"
"9951","      619112  5"
"9952","      619129  3"
"9953","      619129  8"
"9954","      619132  2"
"9955","      619134  2"
"9956","      619135  3"
"9957","      619135  4"
"9958","      619136  2"
"9959","      620  3  2"
"9960","      620  4  2"
"9961","      620  5  2"
"9962","      620  6  2"
"9963","      620  7  2"
"9964","      620  8  2"
"9965","      620 17  2"
"9966","      620 18  1"
"9967","      620 19  2"
"9968","      620 19  3"
"9969","      620 20  1"
"9970","      620 20  4"
"9971","      620 21  2"
"9972","      620 24  2"
"9973","      620 34  2"
"9974","      620 35  2"
"9975","      620 36  1"
"9976","      620 37  2"
"9977","      620 50  1"
"9978","      620 51  2"
"9979","      620 55  2"
"9980","      620 57  2"
"9981","      620 58  2"
"9982","      620 58  3"
"9983","      620 59  2"
"9984","      620 60  2"
"9985","      620 61  2"
"9986","      621  3  3"
"9987","      621  8  2"
"9988","      621  8  4"
"9989","      621 14  2"
"9990","      621 14  3"
"9991","      621 14  4"
"9992","      621 19  2"
"9993","      621 24  2"
"9994","      621 29  2"
"9995","      621 29  4"
"9996","      621 29  7"
"9997","      621 35  1"
"9998","      621 40  2"
"9999","      621 45  2"
"10000","      621 50  2"
"10001","      621 50  5"
"10002","      621 55  2"
"10003","      621 61  2"
"10004","      621 66  1"
"10005","      621 66  4"
"10006","      621 66  7"
"10007","      621 71  2"
"10008","      621 76  2"
"10009","      621 82  1"
"10010","      621 82  3"
"10011","      621 87  2"
"10012","      624  4  2"
"10013","      624 14  2"
"10014","      624 14  3"
"10015","      624 14  7"
"10016","      624 19  2"
"10017","      624 19  3"
"10018","      624 19  4"
"10019","      624 39  2"
"10020","      624 39  3"
"10021","      624 49  4"
"10022","      624 54  2"
"10023","      624 59  1"
"10024","      624 59  5"
"10025","      624 69  3"
"10026","      624 74  6"
"10027","      624 84  2"
"10028","      624 89  2"
"10029","      624 94  2"
"10030","      624 99  3"
"10031","      624104  2"
"10032","      624110  2"
"10033","      624110  3"
"10034","      624115  2"
"10035","      624125  2"
"10036","      624125  5"
"10037","      624125  6"
"10038","      624130  2"
"10039","      624130  4"
"10040","      624130  5"
"10041","      624135  2"
"10042","      624140  2"
"10043","      624140  3"
"10044","      624140  6"
"10045","      625  3  2"
"10046","      625  8  2"
"10047","      625 19  2"
"10048","      625 24  2"
"10049","      625 35  2"
"10050","      625 35  3"
"10051","      625 40  2"
"10052","      625 45  2"
"10053","      625 51  3"
"10054","      625 51  4"
"10055","      625 56  2"
"10056","      625 61  2"
"10057","      625 66  2"
"10058","      625 66  3"
"10059","      625 66  4"
"10060","      625 77  3"
"10061","      626  8  3"
"10062","      626 14  2"
"10063","      626 19  2"
"10064","      626 19  3"
"10065","      626 24  2"
"10066","      626 29  3"
"10067","      626 29  5"
"10068","      626 34  2"
"10069","      626 40  1"
"10070","      626 45  2"
"10071","      626 45  3"
"10072","      626 50  3"
"10073","      626 50  6"
"10074","      626 50  8"
"10075","      626 60  1"
"10076","      626 60  5"
"10077","      626 65  4"
"10078","      626 71  2"
"10079","      626 71  4"
"10080","      626 71  5"
"10081","      626 76  2"
"10082","      626 76  4"
"10083","      626 81  4"
"10084","      629  2  2"
"10085","      629  2  3"
"10086","      629  2  4"
"10087","      629 17  2"
"10088","      629 23  3"
"10089","      629 23  4"
"10090","      629 28  3"
"10091","      629 33  2"
"10092","      629 33  3"
"10093","      629 38  2"
"10094","      629 38  4"
"10095","      629 44  1"
"10096","      629 44  2"
"10097","      629 49  1"
"10098","      629 65  4"
"10099","      629 70  2"
"10100","      629 75  4"
"10101","      629 81  1"
"10102","      629 86  2"
"10103","      629 86  4"
"10104","      629 86  5"
"10105","      629 91  3"
"10106","      629 91  4"
"10107","      629 91  6"
"10108","      629 96  2"
"10109","      629102  3"
"10110","      629102  4"
"10111","      629102  8"
"10112","      629107  2"
"10113","      630  6  2"
"10114","      630 22  2"
"10115","      630 28  3"
"10116","      630 38  2"
"10117","      630 38  4"
"10118","      630 44  3"
"10119","      630 49  2"
"10120","      630 59  4"
"10121","      630 65  1"
"10122","      630 70  2"
"10123","      630 70  6"
"10124","      630 81  2"
"10125","      630 81  3"
"10126","      631  1  4"
"10127","      631  1  6"
"10128","      631  5  3"
"10129","      631  5  5"
"10130","      631  8  2"
"10131","      631 12  2"
"10132","      631 12  4"
"10133","      631 19  1"
"10134","      631 22  2"
"10135","      631 22  4"
"10136","      631 32  2"
"10137","      631 32  5"
"10138","      631 39  3"
"10139","      631 43  2"
"10140","      631 46  1"
"10141","      631 50  3"
"10142","      631 53  2"
"10143","      631 56  2"
"10144","      631 56  4"
"10145","      631 56  7"
"10146","      631 56  9"
"10147","      631 56 10"
"10148","      631 60  2"
"10149","      631 63  2"
"10150","      631 67  2"
"10151","      631 74  3"
"10152","      631 77  1"
"10153","      631 98  4"
"10154","      631111  2"
"10155","      634  2  2"
"10156","      634  7  1"
"10157","      634 12  2"
"10158","      634 12  5"
"10159","      634 17  2"
"10160","      634 23  2"
"10161","      634 28  6"
"10162","      634 33  4"
"10163","      634 33  5"
"10164","      634 38  4"
"10165","      634 43  1"
"10166","      634 43  2"
"10167","      634 43  3"
"10168","      634 43  4"
"10169","      634 54  2"
"10170","      634 59  2"
"10171","      634 69  5"
"10172","      634 69  7"
"10173","      634 75  3"
"10174","      634 75  4"
"10175","      635  1  2"
"10176","      635  1  3"
"10177","      635  1  4"
"10178","      635  1  7"
"10179","      635  6  1"
"10180","      635  6  2"
"10181","      635 12  2"
"10182","      635 12  4"
"10183","      635 17  2"
"10184","      635 27  1"
"10185","      635 33  2"
"10186","      635 38  2"
"10187","      635 38  5"
"10188","      635 43  1"
"10189","      635 49  3"
"10190","      635 54  2"
"10191","      635 70  2"
"10192","      635 70  8"
"10193","      635 75  2"
"10194","      635 75  6"
"10195","      636  3  6"
"10196","      636  8  2"
"10197","      636 19  2"
"10198","      636 19  4"
"10199","      636 24  1"
"10200","      636 24  4"
"10201","      636 29  1"
"10202","      636 29  3"
"10203","      636 34  2"
"10204","      636 39  2"
"10205","      636 39  3"
"10206","      636 45  2"
"10207","      636 45  7"
"10208","      636 50  2"
"10209","      636 55  2"
"10210","      636 60  2"
"10211","      636 60  6"
"10212","      636 65  2"
"10213","      636 71  2"
"10214","      636 71  3"
"10215","      636 76  2"
"10216","      639 11  2"
"10217","      639 11  3"
"10218","      639 11  4"
"10219","      639 16  4"
"10220","      639 16  5"
"10221","      639 27  1"
"10222","      639 32  2"
"10223","      639 43  1"
"10224","      639 43  2"
"10225","      639 43  4"
"10226","      639 49  2"
"10227","      639 54  2"
"10228","      639 60  2"
"10229","      639 65  4"
"10230","      639 71  2"
"10231","      640 11  2"
"10232","      640 16  3"
"10233","      640 22  2"
"10234","      640 22  6"
"10235","      640 33  2"
"10236","      640 33  3"
"10237","      640 39  2"
"10238","      640 44  2"
"10239","      640 50  4"
"10240","      640 50  5"
"10241","      640 55  4"
"10242","      640 55  5"
"10243","      640 55  7"
"10244","      640 66  2"
"10245","      640 72  2"
"10246","      640 72  7"
"10247","      640 72  8"
"10248","      640 77  3"
"10249","      640 83  2"
"10250","      640 89  1"
"10251","      640 89  2"
"10252","      640 94  1"
"10253","      640 94  3"
"10254","      640 94  5"
"10255","      640105  2"
"10256","      640111  4"
"10257","      640116  2"
"10258","      640116  3"
"10259","      640128  2"
"10260","      640139  1"
"10261","      641  1  2"
"10262","      641  7  2"
"10263","      641  7  3"
"10264","      641 40  2"
"10265","      641 46  2"
"10266","      641 51  2"
"10267","      641 57  4"
"10268","      641 63  3"
"10269","      641 63  6"
"10270","      641 63  8"
"10271","      641 68  2"
"10272","      641 74  2"
"10273","      641 74  3"
"10274","      641 74  4"
"10275","      641 79  6"
"10276","      641 85  2"
"10277","      641 90  2"
"10278","      641 96  2"
"10279","      641 96  3"
"10280","      641 96 10"
"10281","      641102  1"
"10282","      642  5  1"
"10283","      642 11  2"
"10284","      642 16  2"
"10285","      642 22  2"
"10286","      642 22  3"
"10287","      642 27  3"
"10288","      642 27  5"
"10289","      642 38  6"
"10290","      642 38  7"
"10291","      642 38  8"
"10292","      642 44  2"
"10293","      642 44  3"
"10294","      642 44  4"
"10295","      642 55  2"
"10296","      642 60  4"
"10297","      642 71  2"
"10298","      642 76  2"
"10299","      642 82  2"
"10300","      642 87  2"
"10301","      642 93  2"
"10302","      642104  3"
"10303","      642109  2"
"10304","      642120  1"
"10305","      642120  4"
"10306","      642131  2"
"10307","      642137  2"
"10308","      644  3  2"
"10309","      644  3  3"
"10310","      644  7  1"
"10311","      644  7  2"
"10312","      644 11  2"
"10313","      644 15  2"
"10314","      644 15  7"
"10315","      644 19  2"
"10316","      644 23  2"
"10317","      644 23  3"
"10318","      644 27  2"
"10319","      644 31  2"
"10320","      644 35  2"
"10321","      644 39  2"
"10322","      644 47  2"
"10323","      644 63  2"
"10324","      644 63  3"
"10325","      644 67  2"
"10326","      644 67  7"
"10327","      644 71  2"
"10328","      644 75  2"
"10329","      644 79  3"
"10330","      644 83  2"
"10331","      644 91  1"
"10332","      644 95  2"
"10333","      644 95  5"
"10334","      644 99  2"
"10335","      645  1  3"
"10336","      645 10  3"
"10337","      645 15  2"
"10338","      645 19  1"
"10339","      645 19  3"
"10340","      645 19  5"
"10341","      645 33  2"
"10342","      645 37  2"
"10343","      645 42  2"
"10344","      645 46  1"
"10345","      645 46  2"
"10346","      645 55  4"
"10347","      645 60  2"
"10348","      645 60  5"
"10349","      645 60  6"
"10350","      645 60  8"
"10351","      645 64  3"
"10352","      645 64  4"
"10353","      645 64  5"
"10354","      645 69  2"
"10355","      645 69  3"
"10356","      645 69  4"
"10357","      645 78  2"
"10358","      645 78  4"
"10359","      645 78  5"
"10360","      645 82  2"
"10361","      645 87  2"
"10362","      645 87  5"
"10363","      645 91  2"
"10364","      645 91  6"
"10365","      646  3  2"
"10366","      646  8  2"
"10367","      646 12  2"
"10368","      646 16  2"
"10369","      646 20  4"
"10370","      646 24  2"
"10371","      646 24  3"
"10372","      646 24  4"
"10373","      646 24  6"
"10374","      646 29  2"
"10375","      646 29  6"
"10376","      646 33  2"
"10377","      646 37  2"
"10378","      646 41  2"
"10379","      646 45  4"
"10380","      646 50  2"
"10381","      646 54  2"
"10382","      646 58  2"
"10383","      646 62  2"
"10384","      646 62  3"
"10385","      646 62  5"
"10386","      646 71  2"
"10387","      646 79  6"
"10388","      649  4  2"
"10389","      649  4  4"
"10390","      649  6  1"
"10391","      649  6  2"
"10392","      649 12  1"
"10393","      649 17  3"
"10394","      649 22  2"
"10395","      649 25  2"
"10396","      649 28  2"
"10397","      649 28  4"
"10398","      649 31  2"
"10399","      649 31  4"
"10400","      649 33  4"
"10401","      649 36  2"
"10402","      649 39  2"
"10403","      649 39  3"
"10404","      649 39  4"
"10405","      649 41  2"
"10406","      649 44  2"
"10407","      649 47  2"
"10408","      649 49  2"
"10409","      649 55  3"
"10410","      649 55  7"
"10411","      649 57  1"
"10412","      649 57  2"
"10413","      649 63  2"
"10414","      649 65  1"
"10415","      649 65  2"
"10416","      649 68  2"
"10417","      649 71  2"
"10418","      649 73  2"
"10419","      649 76  2"
"10420","      649 76  3"
"10421","      649 79  4"
"10422","      649 79  8"
"10423","      649 84  2"
"10424","      649 87  2"
"10425","      649 87  3"
"10426","      649 87  6"
"10427","      649 87  7"
"10428","      649 89  2"
"10429","      649 92  2"
"10430","      649100  2"
"10431","      649103  2"
"10432","      650  1  2"
"10433","      650  6  2"
"10434","      650 16  2"
"10435","      650 20  2"
"10436","      650 25  2"
"10437","      650 30  2"
"10438","      650 30  3"
"10439","      650 35  2"
"10440","      650 35  3"
"10441","      650 35  4"
"10442","      650 44  2"
"10443","      650 44  4"
"10444","      650 49  3"
"10445","      650 49  4"
"10446","      650 49  5"
"10447","      650 54  3"
"10448","      650 54  5"
"10449","      650 64  2"
"10450","      651  4  4"
"10451","      651  4  7"
"10452","      651  9  2"
"10453","      651  9  3"
"10454","      651 14  4"
"10455","      651 19  4"
"10456","      651 19  5"
"10457","      651 29  2"
"10458","      651 34  2"
"10459","      651 34  3"
"10460","      651 39  4"
"10461","      651 49  2"
"10462","      651 49  3"
"10463","      651 54  4"
"10464","      651 54  5"
"10465","      651 59  3"
"10466","      651 64  2"
"10467","      651 69  2"
"10468","      654  3  4"
"10469","      654  6  1"
"10470","      654 10  4"
"10471","      654 13  2"
"10472","      654 13  4"
"10473","      654 17  2"
"10474","      654 24  2"
"10475","      654 24  4"
"10476","      654 24  5"
"10477","      654 27  5"
"10478","      654 31  2"
"10479","      654 34  2"
"10480","      654 38  2"
"10481","      654 38  3"
"10482","      654 41  1"
"10483","      654 45  3"
"10484","      654 48  2"
"10485","      654 52  2"
"10486","      654 55  2"
"10487","      654 55  3"
"10488","      654 59  2"
"10489","      654 59  3"
"10490","      654 62  2"
"10491","      654 69  2"
"10492","      654 76  2"
"10493","      654 79  2"
"10494","      654 83  1"
"10495","      654 90  2"
"10496","      654 90  3"
"10497","      654 90  5"
"10498","      654 90  6"
"10499","      654 93  2"
"10500","      654100  2"
"10501","      654100  3"
"10502","      654104  2"
"10503","      654107  3"
"10504","      654114  2"
"10505","      654118  2"
"10506","      654118  3"
"10507","      655  3  2"
"10508","      655 11  2"
"10509","      655 11  4"
"10510","      655 15  4"
"10511","      655 19  2"
"10512","      655 23  4"
"10513","      655 23  5"
"10514","      655 26  2"
"10515","      655 30  2"
"10516","      655 34  2"
"10517","      655 34  4"
"10518","      655 38  1"
"10519","      655 50  2"
"10520","      655 62  2"
"10521","      655 70  3"
"10522","      655 81  2"
"10523","      655 85  5"
"10524","      655 89  3"
"10525","      656  2  2"
"10526","      656  5  2"
"10527","      656  5  5"
"10528","      656 13  2"
"10529","      656 19  2"
"10530","      656 22  2"
"10531","      656 22  3"
"10532","      656 24  3"
"10533","      656 30  1"
"10534","      656 36  3"
"10535","      656 39  2"
"10536","      656 41  2"
"10537","      656 47  2"
"10538","      656 47  4"
"10539","      656 47  5"
"10540","      656 53  2"
"10541","      656 56  1"
"10542","      656 59  1"
"10543","      656 59  4"
"10544","      656 61  2"
"10545","      656 64  1"
"10546","      656 64  8"
"10547","      656 64 13"
"10548","      656 76  2"
"10549","      656 76  7"
"10550","      656 76  8"
"10551","      656 78  3"
"10552","      656 81  3"
"10553","      656 81  4"
"10554","      656 81  5"
"10555","      656 81  7"
"10556","      657  6  2"
"10557","      657  6  3"
"10558","      657 11  2"
"10559","      657 15  2"
"10560","      657 20  4"
"10561","      657 25  3"
"10562","      657 34  2"
"10563","      657 49  5"
"10564","      657 49 10"
"10565","      657 63  1"
"10566","      657 72  4"
"10567","      657 77  2"
"10568","      657 87  2"
"10569","      659  5  2"
"10570","      659 16  2"
"10571","      659 16  3"
"10572","      659 16  6"
"10573","      659 20  5"
"10574","      659 23  2"
"10575","      659 27  2"
"10576","      659 31  3"
"10577","      659 34  2"
"10578","      659 42  2"
"10579","      659 53  2"
"10580","      660  3  2"
"10581","      660  3  3"
"10582","      660  3  4"
"10583","      660  7  2"
"10584","      660 11  2"
"10585","      660 11  3"
"10586","      660 19  1"
"10587","      660 19  2"
"10588","      660 19  4"
"10589","      660 23  3"
"10590","      660 35  2"
"10591","      660 35  3"
"10592","      660 39  2"
"10593","      660 39  5"
"10594","      660 43  2"
"10595","      660 51  2"
"10596","      660 51  4"
"10597","      660 51  5"
"10598","      660 59  2"
"10599","      660 66  4"
"10600","      660 66  6"
"10601","      660 70  2"
"10602","      660 70  4"
"10603","      660 74  2"
"10604","      660 78  2"
"10605","      660 78  4"
"10606","      661  2  3"
"10607","      661  3  2"
"10608","      661  3  7"
"10609","      661  4  2"
"10610","      661  4  3"
"10611","      661  4  4"
"10612","      661  4  7"
"10613","      661  5  2"
"10614","      661  6  3"
"10615","      661  7  3"
"10616","      661  8  2"
"10617","      661 33  2"
"10618","      661 35  2"
"10619","      661 35  4"
"10620","      661 37  4"
"10621","      661 39  2"
"10622","      661 40  2"
"10623","      661 40  5"
"10624","      661 40  6"
"10625","      661 40 10"
"10626","      661 65  2"
"10627","      661 66  2"
"10628","      661 67  2"
"10629","      661 68  2"
"10630","      661 68  6"
"10631","      661 69  2"
"10632","      661 70  2"
"10633","      661 71  2"
"10634","      661 97  3"
"10635","      661 99  2"
"10636","      661 99  3"
"10637","      661 99  4"
"10638","      661 99  6"
"10639","      661100  2"
"10640","      661101  2"
"10641","      661103  2"
"10642","      661104  2"
"10643","      661121  3"
"10644","      661122  3"
"10645","      661123  2"
"10646","      662  9  2"
"10647","      662  9  7"
"10648","      662 10  5"
"10649","      662 10  6"
"10650","      662 11  5"
"10651","      662 12  3"
"10652","      662 13  1"
"10653","      662 13  2"
"10654","      662 15  2"
"10655","      662 16  2"
"10656","      662 16  3"
"10657","      662 41  2"
"10658","      662 41  4"
"10659","      662 42  4"
"10660","      662 43  2"
"10661","      662 43  3"
"10662","      662 44  2"
"10663","      662 44  4"
"10664","      662 45  2"
"10665","      662 46  2"
"10666","      662 48  2"
"10667","      662 65  2"
"10668","      662 65  3"
"10669","      662 66  2"
"10670","      662 66  5"
"10671","      662 67  3"
"10672","      662 67  5"
"10673","      662 68  2"
"10674","      662 68  3"
"10675","      662 68  4"
"10676","      662 69  2"
"10677","      662 70  4"
"10678","      662 71  2"
"10679","      662 72  5"
"10680","      662 72  8"
"10681","      662 97  4"
"10682","      662 98  2"
"10683","      662 98  4"
"10684","      662 98  5"
"10685","      662 99  3"
"10686","      662 99  6"
"10687","      664 25  3"
"10688","      664 26  2"
"10689","      664 28  2"
"10690","      664 28  4"
"10691","      664 30  2"
"10692","      664 32  2"
"10693","      664 73  2"
"10694","      664 74  2"
"10695","      664 74  3"
"10696","      664 74  4"
"10697","      664 75  2"
"10698","      664 75  3"
"10699","      664 77  2"
"10700","      664 80  1"
"10701","      664121  5"
"10702","      664122  2"
"10703","      664125  5"
"10704","      664127  2"
"10705","      664128  2"
"10706","      664129  2"
"10707","      664130  2"
"10708","      665  9  2"
"10709","      665 11  2"
"10710","      665 12  3"
"10711","      665 13  3"
"10712","      665 15  2"
"10713","      665 16  2"
"10714","      665 33  2"
"10715","      665 34  1"
"10716","      665 35  2"
"10717","      665 36  1"
"10718","      665 37  2"
"10719","      665 38  2"
"10720","      665 38  3"
"10721","      665 39  7"
"10722","      665 65  2"
"10723","      665 66  1"
"10724","      666 10  2"
"10725","      666 10 11"
"10726","      666 11  2"
"10727","      666 11  3"
"10728","      666 11  4"
"10729","      666 12  2"
"10730","      666 13  2"
"10731","      666 14  2"
"10732","      666 14  3"
"10733","      666 15  2"
"10734","      666 41  2"
"10735","      666 42  4"
"10736","      666 42  5"
"10737","      666 43  2"
"10738","      666 44  3"
"10739","      666 44  4"
"10740","      666 45  3"
"10741","      666 45  4"
"10742","      666 46  2"
"10743","      666 47  2"
"10744","      669  1  2"
"10745","      669  2  2"
"10746","      669  3  2"
"10747","      669  4  3"
"10748","      669  5  2"
"10749","      669  8  1"
"10750","      669 41  2"
"10751","      669 41  9"
"10752","      669 43  2"
"10753","      669 44  2"
"10754","      669 45  2"
"10755","      669 46  5"
"10756","      669 47  2"
"10757","      669 48  4"
"10758","      669 49  1"
"10759","      669 49  2"
"10760","      669 50  2"
"10761","      670  3  2"
"10762","      670  4  2"
"10763","      670  6  1"
"10764","      670  8  1"
"10765","      670 33  2"
"10766","      670 35  7"
"10767","      670 35  9"
"10768","      670 37  2"
"10769","      670 38  2"
"10770","      670 39  2"
"10771","      670 40  2"
"10772","      670 57  5"
"10773","      670 58  2"
"10774","      671 12  2"
"10775","      671 12  6"
"10776","      671 19  2"
"10777","      671 32  2"
"10778","      671 32  4"
"10779","      671 51  2"
"10780","      671 58  2"
"10781","      671 58  4"
"10782","      671 70  2"
"10783","      671 77  1"
"10784","      671 77  3"
"10785","      671 90  2"
"10786","      671 90  3"
"10787","      671 96  2"
"10788","      671109  4"
"10789","      671116  2"
"10790","      671122  3"
"10791","      674 25  2"
"10792","      674 25  3"
"10793","      674 44  2"
"10794","      674 44  5"
"10795","      674 50  3"
"10796","      674 57  2"
"10797","      674 57  3"
"10798","      674 57  4"
"10799","      674 57  5"
"10800","      674 76  1"
"10801","      674 76  3"
"10802","      675 17  2"
"10803","      675 23  2"
"10804","      675 30  2"
"10805","      675 30  3"
"10806","      675 36  2"
"10807","      675 43  5"
"10808","      675 43  6"
"10809","      675 43  7"
"10810","      675 49  2"
"10811","      675 56  1"
"10812","      675 56  3"
"10813","      675 62  1"
"10814","      675 69  2"
"10815","      675 75  2"
"10816","      675 75  3"
"10817","      675 82  1"
"10818","      675101  1"
"10819","      675108  2"
"10820","      675114  4"
"10821","      675121  2"
"10822","      675140  1"
"10823","      675140  3"
"10824","      675147  3"
"10825","      675153  1"
"10826","      675160  2"
"10827","      675166  2"
"10828","      675173  2"
"10829","      675173  3"
"10830","      675179  1"
"10831","      675179  2"
"10832","      675186  4"
"10833","      675192  2"
"10834","      675199  2"
"10835","      676  7  1"
"10836","      676 13  2"
"10837","      676 25  1"
"10838","      676 25  2"
"10839","      676 37  2"
"10840","      676 49  2"
"10841","      676 55  2"
"10842","      676 55  4"
"10843","      676 67  2"
"10844","      679  2  2"
"10845","      679  8  1"
"10846","      679  8  2"
"10847","      679 13  1"
"10848","      679 37  2"
"10849","      679 42  4"
"10850","      679 60  2"
"10851","      679 60  3"
"10852","      679 71  2"
"10853","      679 83  3"
"10854","      679 83  5"
"10855","      680  1  2"
"10856","      680  7  1"
"10857","      680 13  2"
"10858","      680 19  1"
"10859","      680 25  1"
"10860","      680 31  1"
"10861","      680 37  2"
"10862","      680 42  2"
"10863","      680 42  3"
"10864","      680 48  3"
"10865","      680 54  2"
"10866","      680 66  2"
"10867","      680 72  2"
"10868","      680 72  4"
"10869","      680 72  5"
"10870","      680 72  6"
"10871","      680 78  2"
"10872","      680 84  2"
"10873","      680 89  2"
"10874","      680 89  3"
"10875","      680 95  2"
"10876","      680101  2"
"10877","      680107  2"
"10878","      680113  2"
"10879","      680119  2"
"10880","      680119  3"
"10881","      680125  2"
"10882","      680125  3"
"10883","      681  6  1"
"10884","      681  6  2"
"10885","      681  6  5"
"10886","      681 12  2"
"10887","      681 39  1"
"10888","      681 52  2"
"10889","      681 58  1"
"10890","      681 58  3"
"10891","      681 65  2"
"10892","      681 78  3"
"10893","      681 85  2"
"10894","      681 85  4"
"10895","      681 91  5"
"10896","      681 98  1"
"10897","      682 17  2"
"10898","      682 31  2"
"10899","      682 38  2"
"10900","      682 45  2"
"10901","      682 52  2"
"10902","      682 73  2"
"10903","      682 87  2"
"10904","      682 94  1"
"10905","      682 94  3"
"10906","      682108  3"
"10907","      682108  4"
"10908","      682108  5"
"10909","      682115  2"
"10910","      682115  4"
"10911","      682122  2"
"10912","      682135  2"
"10913","      682142  2"
"10914","      682149  1"
"10915","      682149  4"
"10916","      682156  2"
"10917","      682163  1"
"10918","      682163  3"
"10919","      682170  2"
"10920","      682177  2"
"10921","      682184  4"
"10922","      682191  2"
"10923","      682198  1"
"10924","      682205  1"
"10925","      682205  2"
"10926","      682212  2"
"10927","      682226  2"
"10928","      682233  2"
"10929","      682247  2"
"10930","      684  5  2"
"10931","      684 19  2"
"10932","      684 19  5"
"10933","      684 19  6"
"10934","      684 47  2"
"10935","      684 53  2"
"10936","      684 60  2"
"10937","      684 67  2"
"10938","      684 67  3"
"10939","      684109  2"
"10940","      684116  2"
"10941","      684129  2"
"10942","      684143  3"
"10943","      684143  4"
"10944","      684150  2"
"10945","      684150  4"
"10946","      685  3  2"
"10947","      685 13  4"
"10948","      685 19  2"
"10949","      685 24  2"
"10950","      685 24  7"
"10951","      685 30  4"
"10952","      685 30  5"
"10953","      685 30  7"
"10954","      685 41  5"
"10955","      685 46  2"
"10956","      685 52  2"
"10957","      685 52  3"
"10958","      685 57  2"
"10959","      685 57  4"
"10960","      685 57  7"
"10961","      685 68  2"
"10962","      685 74  2"
"10963","      685 74  5"
"10964","      685 79  4"
"10965","      685 85  2"
"10966","      685 90  2"
"10967","      686  3  3"
"10968","      686  3  4"
"10969","      686 10  1"
"10970","      686 17  2"
"10971","      686 17  3"
"10972","      686 23  2"
"10973","      686 44  2"
"10974","      686 44  4"
"10975","      686 44  5"
"10976","      686 44  9"
"10977","      686 50  2"
"10978","      686 57  2"
"10979","      686 57  5"
"10980","      686 64  2"
"10981","      686 70  2"
"10982","      686 91  1"
"10983","      686 91  2"
"10984","      686 91  5"
"10985","      689  9  2"
"10986","      689  9  5"
"10987","      689  9  6"
"10988","      689 15  2"
"10989","      689 21  2"
"10990","      689 27  2"
"10991","      689 34  2"
"10992","      689 46  2"
"10993","      689 52  3"
"10994","      689 59  3"
"10995","      689 65  1"
"10996","      689 65  3"
"10997","      690  5  2"
"10998","      690 18  2"
"10999","      690 25  1"
"11000","      690 25  2"
"11001","      690 38  2"
"11002","      690 38  4"
"11003","      690 45  3"
"11004","      690 51  1"
"11005","      690 51  4"
"11006","      690 58  3"
"11007","      690 58  4"
"11008","      690 77  2"
"11009","      690 84  6"
"11010","      690 90  6"
"11011","      690 97  2"
"11012","      690103  2"
"11013","      690103  7"
"11014","      690110  6"
"11015","      690116  2"
"11016","      690123  2"
"11017","      691  3  2"
"11018","      691 42  2"
"11019","      691 47  1"
"11020","      691 69  3"
"11021","      691 75  3"
"11022","      694  1  2"
"11023","      694  7  2"
"11024","      694 13  1"
"11025","      694 20  2"
"11026","      694 26  1"
"11027","      694 32  1"
"11028","      694 38  2"
"11029","      694 44  2"
"11030","      694 50  2"
"11031","      694 56  1"
"11032","      694 68  2"
"11033","      694 74  2"
"11034","      694 74  4"
"11035","      694 80  2"
"11036","      695  5  2"
"11037","      695 18  4"
"11038","      695 18  5"
"11039","      695 24  3"
"11040","      695 24  5"
"11041","      695 31  1"
"11042","      695 31  3"
"11043","      695 31 10"
"11044","      695 31 13"
"11045","      695 37  2"
"11046","      695 37  3"
"11047","      695 44  1"
"11048","      695 51  4"
"11049","      695 51  5"
"11050","      695 51  8"
"11051","      695 51 10"
"11052","      695 57  2"
"11053","      695 57  4"
"11054","      695 57  5"
"11055","      695 70  2"
"11056","      695 77  2"
"11057","      695 83  2"
"11058","      695 83  4"
"11059","      695 83  5"
"11060","      695 90  2"
"11061","      695 90  5"
"11062","      695 96  2"
"11063","      696  3  2"
"11064","      696  8  2"
"11065","      696 20  2"
"11066","      696 32  2"
"11067","      696 37  2"
"11068","      696 43  2"
"11069","      696 49  3"
"11070","      696 60  2"
"11071","      696 60  5"
"11072","      696 66  2"
"11073","      696 66  4"
"11074","      696 72  2"
"11075","      696 78  4"
"11076","      696 78  6"
"11077","      697  4  2"
"11078","      697 10  5"
"11079","      697 15  3"
"11080","      697 32  1"
"11081","      697 37  2"
"11082","      697 43  2"
"11083","      697 48  2"
"11084","      697 48  5"
"11085","      697 54  2"
"11086","      699  4  2"
"11087","      699 10  2"
"11088","      699 16  3"
"11089","      699 16  5"
"11090","      699 22  3"
"11091","      699 22  6"
"11092","      699 28  2"
"11093","      699 40  2"
"11094","      699 40  5"
"11095","      699 46  4"
"11096","      699 52  2"
"11097","      699 58  3"
"11098","      699 58  4"
"11099","      699 69  2"
"11100","      699 75  2"
"11101","      699 75  5"
"11102","      699 87  2"
"11103","      700  4  2"
"11104","      700  4  3"
"11105","      700 11  1"
"11106","      700 18  2"
"11107","      700 31  2"
"11108","      700 31  3"
"11109","      700 31  4"
"11110","      700 45  3"
"11111","      700 45  6"
"11112","      700 52  2"
"11113","      700 59  1"
"11114","      700 66  5"
"11115","      700 73  5"
"11116","      700 94  2"
"11117","      700100  2"
"11118","      700121  3"
"11119","      700135  3"
"11120","      701 11  2"
"11121","      701 18  2"
"11122","      701 39  2"
"11123","      701 46  2"
"11124","      701 46  3"
"11125","      701 53  4"
"11126","      701 87  2"
"11127","      701 94  5"
"11128","      704  2  4"
"11129","      704  2  5"
"11130","      704  2  6"
"11131","      704  9  2"
"11132","      704 50  2"
"11133","      704 50  3"
"11134","      704 50  7"
"11135","      704 71  2"
"11136","      704 77  3"
"11137","      705  7  2"
"11138","      705  7  3"
"11139","      705 13  2"
"11140","      705 13  3"
"11141","      705 20  2"
"11142","      705 27  2"
"11143","      705 47  3"
"11144","      705 54  3"
"11145","      705 60  2"
"11146","      705 74  2"
"11147","      705 74  3"
"11148","      705 74  5"
"11149","      705 80  4"
"11150","      705 87  1"
"11151","      705 87  2"
"11152","      706  3  2"
"11153","      706  3  6"
"11154","      706  9  3"
"11155","      706 16  1"
"11156","      706 30  3"
"11157","      706 37  2"
"11158","      706 50  1"
"11159","      706 64  3"
"11160","      706 77  7"
"11161","      706 84  2"
"11162","      706 84  3"
"11163","      706 91  4"
"11164","      709  1  3"
"11165","      709  8  3"
"11166","      709  8  4"
"11167","      709 14  2"
"11168","      709 21  6"
"11169","      709 21  9"
"11170","      709 28  2"
"11171","      709 34  2"
"11172","      709 41  1"
"11173","      709 47  3"
"11174","      709 54  1"
"11175","      709 61  2"
"11176","      709 67  2"
"11177","      709 74  2"
"11178","      710  4  2"
"11179","      710  4  3"
"11180","      710 10  2"
"11181","      710 10  4"
"11182","      710 17  3"
"11183","      710 17  4"
"11184","      710 29  4"
"11185","      710 29  5"
"11186","      710 29  6"
"11187","      710 42  2"
"11188","      710 48  2"
"11189","      710 54  2"
"11190","      710 67  3"
"11191","      710 73  2"
"11192","      710 85  2"
"11193","      710 92  2"
"11194","      710 98  2"
"11195","      710110  1"
"11196","      710110  2"
"11197","      710117  2"
"11198","      710123  2"
"11199","      711  5  3"
"11200","      711 17  3"
"11201","      711 24  2"
"11202","      711 24  3"
"11203","      711 30  4"
"11204","      711 36  2"
"11205","      711 43  4"
"11206","      711 49  2"
"11207","      711 49  6"
"11208","      711 49  7"
"11209","      711 55  2"
"11210","      711 55  4"
"11211","      711 62  2"
"11212","      711 68  3"
"11213","      711 68  4"
"11214","      711 74  2"
"11215","      711 81  2"
"11216","      711 93  1"
"11217","      711 93  2"
"11218","      711106  3"
"11219","      712  4  3"
"11220","      712 11  4"
"11221","      712 18  1"
"11222","      712 24  2"
"11223","      712 24  3"
"11224","      712 38  2"
"11225","      712 38  6"
"11226","      712 38  7"
"11227","      712 44  3"
"11228","      712 44  4"
"11229","      712 51  3"
"11230","      712 51  7"
"11231","      712 58  2"
"11232","      712 65  1"
"11233","      712 78  1"
"11234","      712 91  4"
"11235","      712 98  2"
"11236","      712 98  4"
"11237","      712105  1"
"11238","      712111  2"
"11239","      712118  1"
"11240","      712138  3"
"11241","      712152  2"
"11242","      714  6  4"
"11243","      714 19  2"
"11244","      714 19  3"
"11245","      714 33  3"
"11246","      714 46  2"
"11247","      714 46  3"
"11248","      714 53  2"
"11249","      714 53  4"
"11250","      714 53  6"
"11251","      714 66  2"
"11252","      714 73  2"
"11253","      714 73  3"
"11254","      714 80  1"
"11255","      714 80  4"
"11256","      714 93  3"
"11257","      714 93  4"
"11258","      714 93  6"
"11259","      714 93  8"
"11260","      714107  2"
"11261","      715  2  2"
"11262","      715  2  3"
"11263","      715  9  2"
"11264","      715 15  2"
"11265","      715 21  2"
"11266","      715 21  3"
"11267","      715 33  3"
"11268","      715 33  4"
"11269","      715 33  5"
"11270","      715 39  2"
"11271","      715 45  2"
"11272","      715 57  3"
"11273","      715 57  6"
"11274","      715 63  2"
"11275","      715 63  3"
"11276","      715 69  4"
"11277","      715 87  3"
"11278","      715 87  4"
"11279","      715 87  5"
"11280","      715 87  6"
"11281","      715 87  7"
"11282","      715 87  8"
"11283","      715 93  6"
"11284","      715 93  8"
"11285","      715 99  2"
"11286","      715105  2"
"11287","      715105  3"
"11288","      715105  4"
"11289","      716  5  3"
"11290","      716 11  2"
"11291","      716 25  2"
"11292","      716 32  2"
"11293","      716 32  8"
"11294","      716 38  2"
"11295","      716 45  2"
"11296","      716 52  2"
"11297","      716 59  2"
"11298","      716 65  2"
"11299","      716 65  6"
"11300","      716 72  3"
"11301","      716 72  4"
"11302","      716 72  5"
"11303","      716 86  2"
"11304","      716 93  2"
"11305","      716 99  3"
"11306","      716 99  4"
"11307","      716106  2"
"11308","      719 36  2"
"11309","      719 43  3"
"11310","      719 49  2"
"11311","      719 56  2"
"11312","      719 76  2"
"11313","      719 82  1"
"11314","      719 82  3"
"11315","      719102  3"
"11316","      719109  2"
"11317","      719109  5"
"11318","      719116  3"
"11319","      720  9  2"
"11320","      720 16  3"
"11321","      720 16  4"
"11322","      720 22  3"
"11323","      720 29  2"
"11324","      720 36  2"
"11325","      720 36  4"
"11326","      720 42  3"
"11327","      720 49  2"
"11328","      720 56  2"
"11329","      720 62  2"
"11330","      720 62  3"
"11331","      720 76  2"
"11332","      720 89  2"
"11333","      720 89  4"
"11334","      720 96  2"
"11335","      720109  2"
"11336","      720136  3"
"11337","      721  3  4"
"11338","      721 10  2"
"11339","      721 23  2"
"11340","      721 36  2"
"11341","      721 50  1"
"11342","      721 57  3"
"11343","      721 63  2"
"11344","      721 70  2"
"11345","      721 84  2"
"11346","      724  3  2"
"11347","      724  8  1"
"11348","      724 30  1"
"11349","      724 36  4"
"11350","      724 36  5"
"11351","      724 41  2"
"11352","      724 46  2"
"11353","      724 52  4"
"11354","      724 63  1"
"11355","      725 24  2"
"11356","      725 39  1"
"11357","      725 39  4"
"11358","      725 39  5"
"11359","      725 44  2"
"11360","      725 44  3"
"11361","      725 44  4"
"11362","      725 50  2"
"11363","      725 50  3"
"11364","      725 55  1"
"11365","      725 60  3"
"11366","      725 60  4"
"11367","      725 75  3"
"11368","      725 91  2"
"11369","      725 96  5"
"11370","      726  6  2"
"11371","      726  6  6"
"11372","      726 12  2"
"11373","      726 25  5"
"11374","      726 25  6"
"11375","      726 38  1"
"11376","      726 38  2"
"11377","      726 44  1"
"11378","      726 50  2"
"11379","      726 50  3"
"11380","      726 50  4"
"11381","      726 57  2"
"11382","      726 95  2"
"11383","      726108  2"
"11384","      727 17  2"
"11385","      727 17  3"
"11386","      727 36  2"
"11387","      727 43  5"
"11388","      727 55  2"
"11389","      727 55  4"
"11390","      727 62  1"
"11391","      727 62  2"
"11392","      727 68  4"
"11393","      727 74  2"
"11394","      727 93  2"
"11395","      727 93  3"
"11396","      727 93  4"
"11397","      727113  2"
"11398","      727119  1"
"11399","      727119  2"
"11400","      727125  2"
"11401","      727132  2"
"11402","      727138  2"
"11403","      727138  5"
"11404","      727138  6"
"11405","      729 21  5"
"11406","      729 39  1"
"11407","      729 39  2"
"11408","      729 51  2"
"11409","      729 58  1"
"11410","      729 76  2"
"11411","      729 82  4"
"11412","      729 95  3"
"11413","      729 95  7"
"11414","      729101  2"
"11415","      729107  3"
"11416","      729113  1"
"11417","      729144  3"
"11418","      730  2  2"
"11419","      730 13  2"
"11420","      730 13  6"
"11421","      730 23  2"
"11422","      730 23  4"
"11423","      730 28  1"
"11424","      730 28  3"
"11425","      730 28  4"
"11426","      730 28  5"
"11427","      730 33  1"
"11428","      730 33  3"
"11429","      730 38  2"
"11430","      730 38  3"
"11431","      730 44  2"
"11432","      730 49  3"
"11433","      730 59  2"
"11434","      731  3  2"
"11435","      731  3  3"
"11436","      731  8  2"
"11437","      731 19  5"
"11438","      731 19  7"
"11439","      731 29  1"
"11440","      731 40  3"
"11441","      731 45  2"
"11442","      731 61  1"
"11443","      731 72  2"
"11444","      731 72  5"
"11445","      731 72  6"
"11446","      731 72  7"
"11447","      731 77  3"
"11448","      731 77  4"
"11449","      734  6  4"
"11450","      734 12  2"
"11451","      734 31  3"
"11452","      734 31  7"
"11453","      734 31  8"
"11454","      734 50  2"
"11455","      734 56  1"
"11456","      734 69  2"
"11457","      734 69  3"
"11458","      734 88  4"
"11459","      735  4  4"
"11460","      735 11  3"
"11461","      735 23  3"
"11462","      735 23  4"
"11463","      735 29  1"
"11464","      735 29  3"
"11465","      735 48  3"
"11466","      735 54  3"
"11467","      735 79  2"
"11468","      735 79  3"
"11469","      735 91  2"
"11470","      736 10  1"
"11471","      736 23  2"
"11472","      736 23  3"
"11473","      736 29  2"
"11474","      736 55  2"
"11475","      736 67  3"
"11476","      736 67  4"
"11477","      736 74  2"
"11478","      738  2  4"
"11479","      738  9  2"
"11480","      738  9  6"
"11481","      738  9  8"
"11482","      738  9  9"
"11483","      738 16  2"
"11484","      738 16  4"
"11485","      738 30  1"
"11486","      738 37  3"
"11487","      738 44  3"
"11488","      738 44  4"
"11489","      738 51  1"
"11490","      738 58  2"
"11491","      738 64  2"
"11492","      738 71  1"
"11493","      738 78  4"
"11494","      739 11  2"
"11495","      739 17  2"
"11496","      739 29  2"
"11497","      739 29  3"
"11498","      739 29  4"
"11499","      739 36  2"
"11500","      739 42  2"
"11501","      739 42  3"
"11502","      739 48  3"
"11503","      739 61  2"
"11504","      739 67  2"
"11505","      739 67  6"
"11506","      739 79  2"
"11507","      739 79  4"
"11508","      739 79  5"
"11509","      739 92  2"
"11510","      739 98  2"
"11511","      739 98  5"
"11512","      739111  6"
"11513","      739123  2"
"11514","      741  3  1"
"11515","      741 17  2"
"11516","      741 23  2"
"11517","      741 23  4"
"11518","      741 30  2"
"11519","      741 36  4"
"11520","      741 36  5"
"11521","      741 49  3"
"11522","      741 49  4"
"11523","      741 62  2"
"11524","      741 69  2"
"11525","      741 69  5"
"11526","      741 76  1"
"11527","      741 89  1"
"11528","      741102  3"
"11529","      741102  4"
"11530","      741108  4"
"11531","      741115  2"
"11532","      741115  7"
"11533","      741128  2"
"11534","      741128  3"
"11535","      741135  2"
"11536","      741141  2"
"11537","      741141  5"
"11538","      741148  3"
"11539","      741154  1"
"11540","      741154  2"
"11541","      741154  3"
"11542","      742  5  2"
"11543","      742  5  3"
"11544","      742 12  1"
"11545","      742 12  3"
"11546","      742 19  1"
"11547","      742 26  2"
"11548","      742 33  4"
"11549","      742 39  1"
"11550","      742 39  2"
"11551","      742 46  2"
"11552","      742 53  1"
"11553","      742 53  4"
"11554","      742 66  2"
"11555","      742 66  4"
"11556","      742 73  2"
"11557","      742 73  3"
"11558","      742 80  2"
"11559","      742 93  5"
"11560","      742 93  7"
"11561","      742107  2"
"11562","      742114  2"
"11563","      742114  6"
"11564","      744  6  2"
"11565","      744  6  3"
"11566","      744  6  4"
"11567","      744 19  3"
"11568","      744 26  3"
"11569","      744 33  2"
"11570","      744 33  4"
"11571","      744 39  2"
"11572","      744 59  2"
"11573","      744 66  2"
"11574","      744 79  2"
"11575","      744 79  6"
"11576","      744 79  7"
"11577","      744 86  2"
"11578","      744 86  3"
"11579","      744 92  2"
"11580","      744 92  6"
"11581","      744 99  3"
"11582","      744119  2"
"11583","      744119  3"
"11584","      745 20  4"
"11585","      745 31  2"
"11586","      745 42  5"
"11587","      745 64  2"
"11588","      745 70  1"
"11589","      745 70  2"
"11590","      746  2  2"
"11591","      746  7  3"
"11592","      746  7  4"
"11593","      746 18  3"
"11594","      746 24  1"
"11595","      746 29  2"
"11596","      746 35  1"
"11597","      746 40  2"
"11598","      746 51  2"
"11599","      746 57  2"
"11600","      746 57  3"
"11601","      746 57  5"
"11602","      746 62  4"
"11603","      746 68  2"
"11604","      749 52  2"
"11605","      749 58  1"
"11606","      749 58  3"
"11607","      749 64  1"
"11608","      749 95  3"
"11609","      749119  2"
"11610","      749131  2"
"11611","      750  2  2"
"11612","      750  2  3"
"11613","      750  8  4"
"11614","      750 14  1"
"11615","      750 19  1"
"11616","      750 25  7"
"11617","      750 31  4"
"11618","      750 36  3"
"11619","      750 48  2"
"11620","      750 53  2"
"11621","      750 59  2"
"11622","      750 59  5"
"11623","      750 65  4"
"11624","      750 70  1"
"11625","      750 70  2"
"11626","      750 70  4"
"11627","      750 76  1"
"11628","      750 76  2"
"11629","      750 87  2"
"11630","      750 93  2"
"11631","      750 99  2"
"11632","      750104  3"
"11633","      751  4  2"
"11634","      751 10  4"
"11635","      751 22  2"
"11636","      751 22  6"
"11637","      751 29  2"
"11638","      751 29  3"
"11639","      751 35  2"
"11640","      751 60  1"
"11641","      751 66  3"
"11642","      754  9  2"
"11643","      754  9  6"
"11644","      754 16  1"
"11645","      754 16  2"
"11646","      754 22  3"
"11647","      754 22  4"
"11648","      754 29  2"
"11649","      754 29  4"
"11650","      754 36  4"
"11651","      754 42  2"
"11652","      754 49  3"
"11653","      754 55  2"
"11654","      754 55  3"
"11655","      754 69  2"
"11656","      754 69  3"
"11657","      754 69  5"
"11658","      754 75  3"
"11659","      754 75  5"
"11660","      754 88  3"
"11661","      754 88  5"
"11662","      754 88  7"
"11663","      754 88  8"
"11664","      754115  3"
"11665","      754121  5"
"11666","      754134  2"
"11667","      754141  2"
"11668","      755 13  2"
"11669","      755 40  1"
"11670","      755 40  5"
"11671","      755 40  6"
"11672","      755 46  4"
"11673","      755 46  6"
"11674","      755 53  2"
"11675","      755 53  3"
"11676","      755 73  2"
"11677","      755 86  5"
"11678","      755100  3"
"11679","      755106  2"
"11680","      756  4  4"
"11681","      756 48  1"
"11682","      756 48  2"
"11683","      756 48  3"
"11684","      756 59  1"
"11685","      756 70  1"
"11686","      756 81  1"
"11687","      757  6  2"
"11688","      757  6  5"
"11689","      757 12  2"
"11690","      757 19  2"
"11691","      757 33  3"
"11692","      757 67  1"
"11693","      757 67  4"
"11694","      757 67  5"
"11695","      757 80  2"
"11696","      757100  1"
"11697","      757134  1"
"11698","      757154  2"
"11699","      757168  2"
"11700","      757175  2"
"11701","      757175  6"
"11702","      757222  2"
"11703","      757229  3"
"11704","      759  4  2"
"11705","      759  4  4"
"11706","      759 10  2"
"11707","      759 17  2"
"11708","      759 17  3"
"11709","      759 23  5"
"11710","      759 23  7"
"11711","      759 23  9"
"11712","      759 30  4"
"11713","      759 30  6"
"11714","      759 43  3"
"11715","      759 50  3"
"11716","      759 56  2"
"11717","      759 63  2"
"11718","      759 63  3"
"11719","      759 76  2"
"11720","      760  9  2"
"11721","      760  9  6"
"11722","      760  9  8"
"11723","      760 14  1"
"11724","      760 14  3"
"11725","      760 14  4"
"11726","      760 14  5"
"11727","      760 19  1"
"11728","      760 19  2"
"11729","      760 19  7"
"11730","      760 24  1"
"11731","      760 29  2"
"11732","      760 34  1"
"11733","      760 39  1"
"11734","      760 39  2"
"11735","      760 39  4"
"11736","      760 44  2"
"11737","      760 44  3"
"11738","      760 44  5"
"11739","      760 49  4"
"11740","      760 54  2"
"11741","      760 64  2"
"11742","      760 69  5"
"11743","      760 69  8"
"11744","      760 74  3"
"11745","      760 80  2"
"11746","      760 80  6"
"11747","      761  6  3"
"11748","      761 13  3"
"11749","      761 13  4"
"11750","      761 13  5"
"11751","      761 27  2"
"11752","      761 41  2"
"11753","      761 48  2"
"11754","      761 55  1"
"11755","      761 68  2"
"11756","      761 68  3"
"11757","      761 75  1"
"11758","      761 75  3"
"11759","      761 75  4"
"11760","      761 82  2"
"11761","      764  6  1"
"11762","      764  6  2"
"11763","      764 24  2"
"11764","      764 24  3"
"11765","      764 36  2"
"11766","      764 61  3"
"11767","      764 79  2"
"11768","      764 79  3"
"11769","      764 79  5"
"11770","      764 91  2"
"11771","      764103  6"
"11772","      764115  1"
"11773","      764128  2"
"11774","      764128  3"
"11775","      764128  4"
"11776","      765 11  2"
"11777","      765 17  2"
"11778","      765 17  3"
"11779","      765 24  2"
"11780","      765 30  2"
"11781","      765 37  2"
"11782","      765 43  3"
"11783","      765 56  3"
"11784","      765 62  2"
"11785","      765 62  4"
"11786","      765 69  4"
"11787","      765 75  3"
"11788","      765 75 10"
"11789","      765 75 11"
"11790","      766 17  2"
"11791","      766 24  3"
"11792","      766 24  7"
"11793","      766 30  2"
"11794","      766 36  2"
"11795","      766 36  3"
"11796","      766 45  3"
"11797","      766 45  6"
"11798","      766 49  2"
"11799","      766 55  2"
"11800","      766 61  3"
"11801","      766 68  2"
"11802","      766 80  2"
"11803","      769  7  2"
"11804","      769  7  3"
"11805","      769  7  6"
"11806","      769 20  4"
"11807","      769 20  5"
"11808","      769 20  7"
"11809","      769 20  8"
"11810","      769 20  9"
"11811","      769 26  2"
"11812","      769 33  3"
"11813","      769 33  5"
"11814","      769 59  1"
"11815","      769 72  4"
"11816","      769 79  2"
"11817","      769 79  4"
"11818","      769 92  5"
"11819","      769105  4"
"11820","      769105  5"
"11821","      769111  2"
"11822","      769111  5"
"11823","      769118  3"
"11824","      769138  2"
"11825","      769138  3"
"11826","      769138  4"
"11827","      769151  3"
"11828","      769157  2"
"11829","      769157  3"
"11830","      769157  4"
"11831","      769170  3"
"11832","      769183  3"
"11833","      769183  6"
"11834","      769183  7"
"11835","      769196  4"
"11836","      770  1  2"
"11837","      770  7  2"
"11838","      770 27  2"
"11839","      770 27  5"
"11840","      770 46  2"
"11841","      770 59  2"
"11842","      770 65  2"
"11843","      770 72  2"
"11844","      770 72  5"
"11845","      770 78  2"
"11846","      770 84  2"
"11847","      770110  2"
"11848","      770110  4"
"11849","      770117  3"
"11850","      771  9  1"
"11851","      771  9  2"
"11852","      771  9  3"
"11853","      771 37  3"
"11854","      771 43  2"
"11855","      771 66  2"
"11856","      771 78  2"
"11857","      771 83  2"
"11858","      771 83  3"
"11859","      771106  2"
"11860","      772  4  2"
"11861","      772 23  2"
"11862","      772 56  2"
"11863","      772 82  1"
"11864","      772 82  2"
"11865","      772 82  3"
"11866","      772101  3"
"11867","      772101  5"
"11868","      772107  2"
"11869","      772127  2"
"11870","      772133  2"
"11871","      772140  1"
"11872","      772179  1"
"11873","      772185  1"
"11874","      774  3  2"
"11875","      774  9  1"
"11876","      774  9  2"
"11877","      774 15  2"
"11878","      774 22  2"
"11879","      774 22  5"
"11880","      774 28  2"
"11881","      774 28  3"
"11882","      774 34  2"
"11883","      774 41  1"
"11884","      774 60  2"
"11885","      774 60  3"
"11886","      774 60  5"
"11887","      774 66  2"
"11888","      774 66  3"
"11889","      774 66  4"
"11890","      774 66  6"
"11891","      774 91  2"
"11892","      774 97  2"
"11893","      774104  1"
"11894","      774104  3"
"11895","      774110  2"
"11896","      774116  5"
"11897","      774129  2"
"11898","      774135  2"
"11899","      774135  3"
"11900","      774142  3"
"11901","      775  2  2"
"11902","      775  2  6"
"11903","      775  8  2"
"11904","      775 14  2"
"11905","      775 14  3"
"11906","      775 20  2"
"11907","      775 26  2"
"11908","      775 33  2"
"11909","      775 39  4"
"11910","      775 45  6"
"11911","      775 51  2"
"11912","      775 51  4"
"11913","      775 57  2"
"11914","      775 63  1"
"11915","      775 63  3"
"11916","      775 63  4"
"11917","      775 76  2"
"11918","      776  8  2"
"11919","      776 15  2"
"11920","      776 22  2"
"11921","      776 28  2"
"11922","      776 35  2"
"11923","      776 41  2"
"11924","      776 48  1"
"11925","      776 48  4"
"11926","      776 61  2"
"11927","      776 61  3"
"11928","      776 68  1"
"11929","      776 74  1"
"11930","      779  4  1"
"11931","      779  4  2"
"11932","      779  4  4"
"11933","      779 16  4"
"11934","      779 16  7"
"11935","      779 23  1"
"11936","      779 42  2"
"11937","      779 42  3"
"11938","      779 42  4"
"11939","      779 42  8"
"11940","      779 48  1"
"11941","      779 48  4"
"11942","      779 54  1"
"11943","      779 61  2"
"11944","      779 67  2"
"11945","      780  9  2"
"11946","      780 16  3"
"11947","      780 22  2"
"11948","      780 36  2"
"11949","      780 49  2"
"11950","      780 56  2"
"11951","      780 63  2"
"11952","      780 69  2"
"11953","      780 83  2"
"11954","      780 83  3"
"11955","      780 90  2"
"11956","      780 90  4"
"11957","      780 90  8"
"11958","      780 96  2"
"11959","      781  6  2"
"11960","      781 12  1"
"11961","      781 12  4"
"11962","      781 18  3"
"11963","      781 18  7"
"11964","      781 18  8"
"11965","      781 25  1"
"11966","      781 31  2"
"11967","      781 38  2"
"11968","      781 44  2"
"11969","      781 51  2"
"11970","      781 57  2"
"11971","      781 70  1"
"11972","      781 76  3"
"11973","      781 76  8"
"11974","      781 83  2"
"11975","      781 89  2"
"11976","      781 89  3"
"11977","      781 96  4"
"11978","      781 96  7"
"11979","      781109  1"
"11980","      781115  2"
"11981","      781115  3"
"11982","      783  3  2"
"11983","      783 17  3"
"11984","      783 17  4"
"11985","      783 24  3"
"11986","      783 37  3"
"11987","      783 37  6"
"11988","      783 44  2"
"11989","      783 64  3"
"11990","      783 64  5"
"11991","      783 71  4"
"11992","      783 78  2"
"11993","      785 20  2"
"11994","      785 33  2"
"11995","      785 33  3"
"11996","      785 40  2"
"11997","      785 47  2"
"11998","      785 47  3"
"11999","      785 54  3"
"12000","      785 81  3"
"12001","      785 95  2"
"12002","      785 95  5"
"12003","      785102  2"
"12004","      785109  2"
"12005","      785116  4"
"12006","      786  3  2"
"12007","      786  9  3"
"12008","      786  9  5"
"12009","      786  9  7"
"12010","      786  9  8"
"12011","      786 22  2"
"12012","      786 22  3"
"12013","      786 35  2"
"12014","      786 41  3"
"12015","      786 60  4"
"12016","      786 60  5"
"12017","      786 66  2"
"12018","      786 66  5"
"12019","      786 66  6"
"12020","      786 66  7"
"12021","      786 73  2"
"12022","      786 92  2"
"12023","      786 92  3"
"12024","      786 98  3"
"12025","      786 98  4"
"12026","      786104  2"
"12027","      786111  2"
"12028","      786117  3"
"12029","      786117  5"
"12030","      786123  2"
"12031","      786130  3"
"12032","      786130  4"
"12033","      786130  6"
"12034","      786136  3"
"12035","      786142  2"
"12036","      786142  4"
"12037","      786149  2"
"12038","      786155  3"
"12039","      786162  7"
"12040","      786162  8"
"12041","      786162  9"
"12042","      787  6  2"
"12043","      787 13  1"
"12044","      787 19  2"
"12045","      787 26  2"
"12046","      787 32  1"
"12047","      787 38  2"
"12048","      787 38  3"
"12049","      787 45  2"
"12050","      787 45  3"
"12051","      787 51  2"
"12052","      787 51  3"
"12053","      787 58  2"
"12054","      787 58  3"
"12055","      787 64  2"
"12056","      787 71  2"
"12057","      787 71  3"
"12058","      787 77  2"
"12059","      787 77  4"
"12060","      787 90  1"
"12061","      787 97  2"
"12062","      787 97  4"
"12063","      789  2  2"
"12064","      789  2  3"
"12065","      789 10  2"
"12066","      789 14  2"
"12067","      789 14  3"
"12068","      789 18  2"
"12069","      789 22  2"
"12070","      789 31  2"
"12071","      789 35  2"
"12072","      789 35  3"
"12073","      789 39  2"
"12074","      789 39  6"
"12075","      789 43  1"
"12076","      789 43  4"
"12077","      789 51  1"
"12078","      789 51  2"
"12079","      789 56  2"
"12080","      790  5  3"
"12081","      790  5  4"
"12082","      790  5  7"
"12083","      790 13  2"
"12084","      790 20  2"
"12085","      790 27  1"
"12086","      790 34  2"
"12087","      790 41  3"
"12088","      790 48  2"
"12089","      790 48  3"
"12090","      790 48  4"
"12091","      790 56  1"
"12092","      790 63  2"
"12093","      790 70  4"
"12094","      790 77  3"
"12095","      790 84  2"
"12096","      791 18  2"
"12097","      791 30  3"
"12098","      791 30  4"
"12099","      791 36  3"
"12100","      791 42  2"
"12101","      791 48  2"
"12102","      791 48  3"
"12103","      791 54  2"
"12104","      791 60  1"
"12105","      791 60  4"
"12106","      791 66  2"
"12107","      791 78  2"
"12108","      791 78  3"
"12109","      791 78  6"
"12110","      791 84  2"
"12111","      791 96  2"
"12112","      791108  4"
"12113","      794 12  3"
"12114","      794 12  4"
"12115","      794 19  2"
"12116","      794 33  1"
"12117","      794 40  2"
"12118","      794 40  5"
"12119","      794 54  2"
"12120","      794 61  1"
"12121","      794 67  2"
"12122","      794 81  3"
"12123","      794102  2"
"12124","      794109  2"
"12125","      794109  3"
"12126","      794109  6"
"12127","      794116  2"
"12128","      795  6  4"
"12129","      795 12  4"
"12130","      795 12  5"
"12131","      795 19  2"
"12132","      795 26  2"
"12133","      795 26  3"
"12134","      795 26  8"
"12135","      795 32  1"
"12136","      795 39  4"
"12137","      795 45  3"
"12138","      795 45  5"
"12139","      795 52  2"
"12140","      795 58  3"
"12141","      795 65  3"
"12142","      795 65  4"
"12143","      795 65  5"
"12144","      795 72  2"
"12145","      795 85  2"
"12146","      795 85  4"
"12147","      795 85  5"
"12148","      795105  2"
"12149","      795111  4"
"12150","      795118  2"
"12151","      795124  2"
"12152","      795131  2"
"12153","      795131  4"
"12154","      795137  2"
"12155","      795144  2"
"12156","      795151  4"
"12157","      795157  2"
"12158","      796 15  3"
"12159","      796 15  4"
"12160","      796 21  2"
"12161","      796 27  3"
"12162","      796 33  2"
"12163","      796 39  1"
"12164","      796 39  3"
"12165","      796 51  2"
"12166","      796 57  1"
"12167","      796 57  3"
"12168","      796 64  2"
"12169","      796 64  3"
"12170","      796 64  5"
"12171","      796 70  2"
"12172","      796 76  2"
"12173","      796 82  2"
"12174","      796 88  2"
"12175","      796 88  4"
"12176","      796 88  9"
"12177","      796 94  2"
"12178","      796100  5"
"12179","      799  1  3"
"12180","      799  1  5"
"12181","      799  8  4"
"12182","      799 22  2"
"12183","      799 29  2"
"12184","      799 29  3"
"12185","      799 29  6"
"12186","      799 42  2"
"12187","      799 49  2"
"12188","      799 49  3"
"12189","      799 49  4"
"12190","      799 49  8"
"12191","      799 56  1"
"12192","      799 56  3"
"12193","      799 63  3"
"12194","      800  3  1"
"12195","      800  3  2"
"12196","      800  3  3"
"12197","      800  6  2"
"12198","      800  6  4"
"12199","      800 16  2"
"12200","      800 23  2"
"12201","      800 30  4"
"12202","      800 30  5"
"12203","      800 37  1"
"12204","      800 44  1"
"12205","      800 51  1"
"12206","      800 64  1"
"12207","      800 71  4"
"12208","      800 78  2"
"12209","      800 78  3"
"12210","      800 78  5"
"12211","      800 85  1"
"12212","      801  5  2"
"12213","      801 12  2"
"12214","      801 12  4"
"12215","      801 18  2"
"12216","      801 18  3"
"12217","      801 24  2"
"12218","      801 24  4"
"12219","      801 30  2"
"12220","      801 36  2"
"12221","      801 42  5"
"12222","      801 54  2"
"12223","      801 54  3"
"12224","      801 60  2"
"12225","      801 66  2"
"12226","      801 72  3"
"12227","      802 10  3"
"12228","      802 17  2"
"12229","      802 24  1"
"12230","      802 24  2"
"12231","      802 31  1"
"12232","      802 51  2"
"12233","      802 51  5"
"12234","      802 58  2"
"12235","      802 72  2"
"12236","      802 78  3"
"12237","      802 78  5"
"12238","      802 85  3"
"12239","      802 92  2"
"12240","      802 92  3"
"12241","      802 99  2"
"12242","      802 99  3"
"12243","      802106  2"
"12244","      802120  2"
"12245","      802120  3"
"12246","      802133  1"
"12247","      804  5  2"
"12248","      804 18  2"
"12249","      804 24  2"
"12250","      804 24  4"
"12251","      804 30  2"
"12252","      804 30  5"
"12253","      804 30  6"
"12254","      804 37  2"
"12255","      804 37  4"
"12256","      804 43  2"
"12257","      804 43  4"
"12258","      804 49  2"
"12259","      804 49  3"
"12260","      804 49  5"
"12261","      804 56  2"
"12262","      804 62  2"
"12263","      804 75  2"
"12264","      804 81  2"
"12265","      804 87  2"
"12266","      804 87  3"
"12267","      804 93  1"
"12268","      805  6  2"
"12269","      805 11  3"
"12270","      805 17  2"
"12271","      805 28  2"
"12272","      805 34  1"
"12273","      805 45  1"
"12274","      805 45  2"
"12275","      805 51  2"
"12276","      805 56  2"
"12277","      805 62  2"
"12278","      805 62  6"
"12279","      805 68  5"
"12280","      805 73  2"
"12281","      805 79  2"
"12282","      805 79  3"
"12283","      805 79  4"
"12284","      805 79  5"
"12285","      806 15  4"
"12286","      806 15  6"
"12287","      806 21  1"
"12288","      806 21  6"
"12289","      806 28  2"
"12290","      806 28  3"
"12291","      806 34  2"
"12292","      806 34  4"
"12293","      806 41  3"
"12294","      806 41  6"
"12295","      806 47  2"
"12296","      806 54  3"
"12297","      806 54  4"
"12298","      806 54  5"
"12299","      806 67  2"
"12300","      806 73  2"
"12301","      806 73  4"
"12302","      806 80  2"
"12303","      806 86  3"
"12304","      806 93  2"
"12305","      806 93  4"
"12306","      806106  2"
"12307","      806119  2"
"12308","      806125  2"
"12309","      809  2  2"
"12310","      809 16  1"
"12311","      809 22  2"
"12312","      809 22  4"
"12313","      809 22  5"
"12314","      809 36  2"
"12315","      809 36  4"
"12316","      809 50  2"
"12317","      809 64  1"
"12318","      809 71  2"
"12319","      809 77  2"
"12320","      809 91  2"
"12321","      809 91  5"
"12322","      809 98  6"
"12323","      809105  2"
"12324","      810  9  2"
"12325","      810 15  1"
"12326","      810 15  2"
"12327","      810 20  2"
"12328","      810 20  3"
"12329","      810 26  2"
"12330","      810 38  2"
"12331","      810 44  1"
"12332","      810 50  2"
"12333","      810 56  2"
"12334","      810 56  3"
"12335","      810 56  6"
"12336","      810 62  2"
"12337","      810 67  2"
"12338","      810 74  2"
"12339","      810 74  3"
"12340","      810 74  8"
"12341","      811 18  2"
"12342","      811 25  2"
"12343","      811 25  3"
"12344","      811 32  1"
"12345","      811 38  2"
"12346","      811 45  2"
"12347","      811 52  2"
"12348","      811 59  3"
"12349","      811 59  4"
"12350","      811 65  2"
"12351","      811 72  5"
"12352","      814  5  3"
"12353","      814 17  2"
"12354","      814 17  3"
"12355","      814 23  2"
"12356","      814 30  1"
"12357","      814 42  6"
"12358","      814 42  8"
"12359","      814 42 10"
"12360","      814 42 12"
"12361","      814 42 15"
"12362","      814 48  2"
"12363","      814 54  1"
"12364","      814 61  2"
"12365","      814 73  2"
"12366","      814 85  3"
"12367","      814 85  5"
"12368","      815  3  3"
"12369","      815  3  7"
"12370","      815  9  3"
"12371","      815 16  2"
"12372","      815 28  4"
"12373","      815 47  3"
"12374","      815 47  4"
"12375","      815 60  2"
"12376","      815 66  2"
"12377","      815 72  3"
"12378","      815 72  5"
"12379","      815 78  1"
"12380","      816 10  3"
"12381","      816 17  2"
"12382","      816 17  5"
"12383","      816 24  3"
"12384","      816 31  3"
"12385","      816 31  4"
"12386","      816 31  5"
"12387","      816 45  2"
"12388","      816 45  6"
"12389","      816 79  1"
"12390","      816 93  4"
"12391","      816 93  5"
"12392","      817  6  3"
"12393","      817 20  3"
"12394","      817 27  3"
"12395","      817 48  4"
"12396","      817 62  4"
"12397","      817 76  2"
"12398","      817 83  3"
"12399","      817 90  3"
"12400","      817 97  2"
"12401","      817104  3"
"12402","      817111  2"
"12403","      817111  4"
"12404","      817125  3"
"12405","      817125  5"
"12406","      817133  2"
"12407","      817140  2"
"12408","      817154  2"
"12409","      817154  4"
"12410","      817161  2"
"12411","      819 23  2"
"12412","      819 23  4"
"12413","      819 30  2"
"12414","      819 37  1"
"12415","      819 59  2"
"12416","      819 59  3"
"12417","      819 66  3"
"12418","      819 66  5"
"12419","      819 66  6"
"12420","      819 73  2"
"12421","      819 73  3"
"12422","      819 73  4"
"12423","      819 87  2"
"12424","      820  1  3"
"12425","      820  8  2"
"12426","      820 14  2"
"12427","      820 27  2"
"12428","      820 40  4"
"12429","      820 40  5"
"12430","      820 53  3"
"12431","      820 60  2"
"12432","      820 60  3"
"12433","      820 66  2"
"12434","      820 66  3"
"12435","      820 72  6"
"12436","      820 79  4"
"12437","      820 79  6"
"12438","      821  3  2"
"12439","      821 10  4"
"12440","      821 10  5"
"12441","      821 16  3"
"12442","      821 16  5"
"12443","      821 16  6"
"12444","      821 16  7"
"12445","      821 23  6"
"12446","      821 23  7"
"12447","      821 23  8"
"12448","      821 37  2"
"12449","      821 44  1"
"12450","      821 58  2"
"12451","      821 65  1"
"12452","      821 72  2"
"12453","      821 72  3"
"12454","      821 92  2"
"12455","      821 96  2"
"12456","      821 99  2"
"12457","      821127  2"
"12458","      824  4  2"
"12459","      824  4  5"
"12460","      824  4  6"
"12461","      824 10  2"
"12462","      824 10  5"
"12463","      824 10  6"
"12464","      824 30  3"
"12465","      824 30  4"
"12466","      824 43  3"
"12467","      824 43  4"
"12468","      824 69  3"
"12469","      825  2  2"
"12470","      825 22  5"
"12471","      825 29  2"
"12472","      825 29  5"
"12473","      825 36  4"
"12474","      825 49  3"
"12475","      825 56  2"
"12476","      825 56  3"
"12477","      825 56  5"
"12478","      826 13  3"
"12479","      826 33  1"
"12480","      826 52  2"
"12481","      826 52  5"
"12482","      826 72  2"
"12483","      826 72  6"
"12484","      826 78  2"
"12485","      826 85  4"
"12486","      829  2  2"
"12487","      829  2  6"
"12488","      829  2  7"
"12489","      829 16  2"
"12490","      829 23  2"
"12491","      829 29  2"
"12492","      829 43  2"
"12493","      829 50  2"
"12494","      829 50  3"
"12495","      829 50  4"
"12496","      829 57  3"
"12497","      829 64  2"
"12498","      829 70  2"
"12499","      829 77  3"
"12500","      829 84  3"
"12501","      829 84  6"
"12502","      829 91  1"
"12503","      829 98  1"
"12504","      829 98  3"
"12505","      829 98  4"
"12506","      829111  2"
"12507","      830  3  3"
"12508","      830 10  2"
"12509","      830 10  3"
"12510","      830 23  2"
"12511","      830 36  3"
"12512","      830 36  8"
"12513","      830 43  1"
"12514","      830 43  2"
"12515","      830 56  3"
"12516","      830 69  3"
"12517","      830 76  2"
"12518","      830 76  4"
"12519","      830 76  6"
"12520","      830 82  5"
"12521","      830 89  1"
"12522","      831  4  3"
"12523","      831 22  2"
"12524","      831 40  2"
"12525","      831 46  3"
"12526","      831 46  5"
"12527","      831 52  2"
"12528","      831 52  5"
"12529","      831 70  3"
"12530","      831 70  4"
"12531","      831 76  2"
"12532","      831 82  2"
"12533","      831 88  2"
"12534","      831 94  2"
"12535","      831107  2"
"12536","      831119  2"
"12537","      831137  2"
"12538","      831143  4"
"12539","      831161  2"
"12540","      831167  2"
"12541","      831173  1"
"12542","      831179  2"
"12543","      831185  2"
"12544","      831191  4"
"12545","      832 12  2"
"12546","      832 18  2"
"12547","      832 18  3"
"12548","      832 30  1"
"12549","      832 36  4"
"12550","      832 49  1"
"12551","      832 61  3"
"12552","      832 67  2"
"12553","      832 73  3"
"12554","      832 73  6"
"12555","      832 79  1"
"12556","      832 79  2"
"12557","      832 86  1"
"12558","      832 86  3"
"12559","      832 92  2"
"12560","      832 98  3"
"12561","      832 98  4"
"12562","      832104  1"
"12563","      832110  2"
"12564","      832116  2"
"12565","      834 10  2"
"12566","      834 16  4"
"12567","      834 16  7"
"12568","      834 23  1"
"12569","      834 23  3"
"12570","      834 41  3"
"12571","      834 47  4"
"12572","      834 47  6"
"12573","      834 60  2"
"12574","      834 66  2"
"12575","      834 72  2"
"12576","      834 72  3"
"12577","      835  4  2"
"12578","      835 17  3"
"12579","      835 24  2"
"12580","      835 38  4"
"12581","      835 51  3"
"12582","      835 51  4"
"12583","      835 51  5"
"12584","      835 58  2"
"12585","      835 58  3"
"12586","      835 78  3"
"12587","      835 78  4"
"12588","      835 78  5"
"12589","      835 78  6"
"12590","      835 91  1"
"12591","      835 98  3"
"12592","      835 98  6"
"12593","      835105  2"
"12594","      835112  2"
"12595","      835118  3"
"12596","      835118  5"
"12597","      836  2  2"
"12598","      836  2  3"
"12599","      836  9  2"
"12600","      836  9  3"
"12601","      836 16  2"
"12602","      836 23  4"
"12603","      836 30  3"
"12604","      836 30  4"
"12605","      836 37  2"
"12606","      836 58  2"
"12607","      836 65  2"
"12608","      836 72  2"
"12609","      836 86  2"
"12610","      836 86  3"
"12611","      836 93  2"
"12612","      836 93  3"
"12613","      836 93  8"
"12614","      839  5  1"
"12615","      839  5  2"
"12616","      839 11  2"
"12617","      839 17  2"
"12618","      839 24  2"
"12619","      839 30  2"
"12620","      839 30  5"
"12621","      839 30  6"
"12622","      839 36  2"
"12623","      839 36  4"
"12624","      839 36  5"
"12625","      839 42  2"
"12626","      839 42  3"
"12627","      839 48  2"
"12628","      839 48  3"
"12629","      839 54  2"
"12630","      839 67  2"
"12631","      839 73  2"
"12632","      839 73  3"
"12633","      840  5  2"
"12634","      840 17  2"
"12635","      840 17  4"
"12636","      840 22  2"
"12637","      840 28  2"
"12638","      840 34  2"
"12639","      840 39  2"
"12640","      840 45  2"
"12641","      840 51  2"
"12642","      840 57  1"
"12643","      840 62  3"
"12644","      840 62  4"
"12645","      840 62  6"
"12646","      840 74  1"
"12647","      840 74  2"
"12648","      840 79  2"
"12649","      840 79  4"
"12650","      841  4  2"
"12651","      841 10  2"
"12652","      841 10  3"
"12653","      841 10  5"
"12654","      841 16  1"
"12655","      841 16  2"
"12656","      841 22  2"
"12657","      841 28  2"
"12658","      841 34  3"
"12659","      841 40  1"
"12660","      841 46  2"
"12661","      841 52  2"
"12662","      841 57  2"
"12663","      841 75  1"
"12664","      844  3  3"
"12665","      844  8  2"
"12666","      844 17  2"
"12667","      844 21  2"
"12668","      844 26  6"
"12669","      844 31  4"
"12670","      844 35  2"
"12671","      844 40  1"
"12672","      844 40  2"
"12673","      844 40  4"
"12674","      844 44  2"
"12675","      844 49  2"
"12676","      845  5  5"
"12677","      845 12  2"
"12678","      845 44  4"
"12679","      845 50  2"
"12680","      845 57  2"
"12681","      845 63  2"
"12682","      845 69  2"
"12683","      845 76  1"
"12684","      845 89  3"
"12685","      845114  3"
"12686","      846  6  2"
"12687","      846 12  3"
"12688","      846 17  2"
"12689","      846 17  4"
"12690","      846 17  8"
"12691","      846 23  2"
"12692","      846 29  4"
"12693","      846 29  6"
"12694","      846 35  1"
"12695","      846 41  2"
"12696","      846 53  1"
"12697","      846 59  2"
"12698","      846 65  2"
"12699","      846 65  4"
"12700","      846 70  2"
"12701","      846 70  3"
"12702","      846 76  2"
"12703","      846 76  5"
"12704","      846 76  6"
"12705","      846 82  2"
"12706","      846 88  2"
"12707","      846 94  5"
"12708","      846100  2"
"12709","      847  5  2"
"12710","      847  5  4"
"12711","      847 12  2"
"12712","      847 18  2"
"12713","      847 25  4"
"12714","      847 25  5"
"12715","      847 25  7"
"12716","      847 31  1"
"12717","      847 38  2"
"12718","      847 38  3"
"12719","      847 45  1"
"12720","      847 51  1"
"12721","      847 51  3"
"12722","      847 65  2"
"12723","      847 71  3"
"12724","      847 85  3"
"12725","      847 85  5"
"12726","      847 98  3"
"12727","      847 98  5"
"12728","      847105  2"
"12729","      849  4  2"
"12730","      849 10  2"
"12731","      849 10  5"
"12732","      849 17  2"
"12733","      849 17  3"
"12734","      849 23  2"
"12735","      849 23  6"
"12736","      849 36  2"
"12737","      849 43  2"
"12738","      849 43  3"
"12739","      849 49  2"
"12740","      849 56  2"
"12741","      849 63  2"
"12742","      849 69  2"
"12743","      849 82  2"
"12744","      849 82  3"
"12745","      849 89  2"
"12746","      849 89  3"
"12747","      849 89  4"
"12748","      849 95  2"
"12749","      849102  2"
"12750","      849108  2"
"12751","      849108  3"
"12752","      849115  2"
"12753","      850  2  2"
"12754","      850  2  3"
"12755","      850  9  2"
"12756","      850 16  2"
"12757","      850 45  1"
"12758","      850 52  2"
"12759","      850 59  2"
"12760","      850 81  2"
"12761","      850 88  2"
"12762","      850 88  3"
"12763","      850 88  4"
"12764","      850 88  5"
"12765","      850 95  3"
"12766","      850 95  4"
"12767","      850102  2"
"12768","      850109  3"
"12769","      851 10  3"
"12770","      851 10  4"
"12771","      851 10  5"
"12772","      851 10  9"
"12773","      851 17  1"
"12774","      851 17  4"
"12775","      851 37  4"
"12776","      851 43  3"
"12777","      851 43  4"
"12778","      851 50  3"
"12779","      851 57  6"
"12780","      851 63  2"
"12781","      851 63  3"
"12782","      851 70  2"
"12783","      851 77  3"
"12784","      851 83  2"
"12785","      851 97  2"
"12786","      851 97  3"
"12787","      851103  4"
"12788","      851110  2"
"12789","      851110  3"
"12790","      851123  3"
"12791","      851130  2"
"12792","      851143  2"
"12793","      851150  3"
"12794","      851156  2"
"12795","      851156  4"
"12796","      851163  2"
"12797","      851170  2"
"12798","      851170  6"
"12799","      851183  2"
"12800","      851190  3"
"12801","      851196  3"
"12802","      851203  2"
"12803","      854  6  1"
"12804","      854 13  2"
"12805","      854 20  2"
"12806","      854 41  1"
"12807","      854 41  3"
"12808","      854 48  3"
"12809","      854 55  2"
"12810","      854 61  4"
"12811","      854 61  6"
"12812","      854 68  4"
"12813","      854 75  4"
"12814","      854 89  2"
"12815","      855  1  2"
"12816","      855  8  1"
"12817","      855 15  2"
"12818","      855 28  2"
"12819","      855 28  3"
"12820","      855 35  2"
"12821","      855 61  2"
"12822","      855 68  2"
"12823","      856  3  2"
"12824","      856  3  3"
"12825","      856  3  6"
"12826","      856  3  8"
"12827","      856  9  3"
"12828","      856  9  4"
"12829","      856 14  2"
"12830","      856 31  3"
"12831","      856 31  5"
"12832","      856 42  2"
"12833","      856 47  3"
"12834","      856 53  1"
"12835","      856 53  3"
"12836","      856 53  6"
"12837","      859  6  2"
"12838","      859 20  2"
"12839","      859 26  2"
"12840","      859 26  3"
"12841","      859 33  7"
"12842","      859 40  2"
"12843","      859 40  6"
"12844","      859 53  2"
"12845","      859 53  3"
"12846","      859 53  5"
"12847","      859 67  2"
"12848","      859 67  3"
"12849","      859 73  2"
"12850","      859 80  1"
"12851","      859 87  2"
"12852","      860  5  3"
"12853","      860 25  1"
"12854","      860 25  4"
"12855","      860 32  2"
"12856","      860 46  2"
"12857","      860 53  2"
"12858","      860 53  6"
"12859","      860 60  2"
"12860","      860 66  1"
"12861","      860 73  1"
"12862","      860 87  2"
"12863","      860 94  2"
"12864","      861 11  2"
"12865","      861 18  4"
"12866","      861 18  5"
"12867","      861 45  1"
"12868","      861 45  3"
"12869","      861 52  6"
"12870","      861 52  8"
"12871","      861 58  1"
"12872","      861 58  3"
"12873","      861 65  2"
"12874","      861 65  3"
"12875","      861 86  2"
"12876","      861 86  6"
"12877","      861 93  5"
"12878","      861 99  2"
"12879","      861113  5"
"12880","      861113  6"
"12881","      861127  3"
"12882","      861127  4"
"12883","      861133  3"
"12884","      861140  2"
"12885","      862  5  3"
"12886","      862 12  3"
"12887","      862 19  2"
"12888","      862 26  2"
"12889","      862 40  2"
"12890","      862 40  5"
"12891","      862 47  1"
"12892","      862 54  2"
"12893","      862 61  2"
"12894","      862 68  3"
"12895","      862 68  5"
"12896","      862 68  7"
"12897","      862 75  2"
"12898","      862 75  3"
"12899","      862 75  4"
"12900","      862 89  1"
"12901","      862 96  2"
"12902","      862 96  3"
"12903","      862110  2"
"12904","      862110  4"
"12905","      862117  2"
"12906","      862131  1"
"12907","      862131  2"
"12908","      862138  5"
"12909","      864 15  3"
"12910","      864 15  6"
"12911","      864 21  5"
"12912","      864 28  4"
"12913","      864 35  4"
"12914","      864 42  3"
"12915","      864 42  4"
"12916","      864 48  2"
"12917","      864 55  5"
"12918","      864 62  2"
"12919","      864 82  3"
"12920","      864 82  4"
"12921","      864 82  5"
"12922","      864 89  2"
"12923","      864 89  5"
"12924","      864102  2"
"12925","      864102  3"
"12926","      865  1  1"
"12927","      865  7  2"
"12928","      865  7  3"
"12929","      865  7  5"
"12930","      865 12  2"
"12931","      865 17  1"
"12932","      865 17  2"
"12933","      865 22  1"
"12934","      865 28  2"
"12935","      865 33  2"
"12936","      865 43  2"
"12937","      865 49  2"
"12938","      865 49  4"
"12939","      865 54  2"
"12940","      865 59  2"
"12941","      866  5  2"
"12942","      866  5  7"
"12943","      866 11  4"
"12944","      866 11  6"
"12945","      866 17  2"
"12946","      866 17  3"
"12947","      866 17  4"
"12948","      866 23  2"
"12949","      866 35  2"
"12950","      866 42  2"
"12951","      866 48  2"
"12952","      866 54  2"
"12953","      866 54  5"
"12954","      866 60  2"
"12955","      866 66  2"
"12956","      866 78  2"
"12957","      866 85  3"
"12958","      866 85  5"
"12959","      869 16  2"
"12960","      869 43  2"
"12961","      869 61  3"
"12962","      869 61  5"
"12963","      869 69  2"
"12964","      869 69  3"
"12965","      869 69  4"
"12966","      869 69  5"
"12967","      869 87  4"
"12968","      869 96  2"
"12969","      869 96  5"
"12970","      869 96 10"
"12971","      869105  2"
"12972","      869122  3"
"12973","      869122  4"
"12974","      869140  4"
"12975","      869149  1"
"12976","      870  3  2"
"12977","      870  3  3"
"12978","      870 11  2"
"12979","      870 20  1"
"12980","      870 20  3"
"12981","      870 29  2"
"12982","      870 37  2"
"12983","      870 46  2"
"12984","      870 46  3"
"12985","      870 46  4"
"12986","      870 54  2"
"12987","      870 54  4"
"12988","      870 63  2"
"12989","      870 63  3"
"12990","      870 63  5"
"12991","      870 71  2"
"12992","      870 80  1"
"12993","      870 88  2"
"12994","      870 88  6"
"12995","      870 97  2"
"12996","      870106  2"
"12997","      870106  3"
"12998","      870106  7"
"12999","      870114  2"
"13000","      870114  5"
"13001","      870123  2"
"13002","      870131  3"
"13003","      870148  2"
"13004","      870165  2"
"13005","      871  4  2"
"13006","      871 29  1"
"13007","      871 34  3"
"13008","      871 54  3"
"13009","      871 64  2"
"13010","      871 68  2"
"13011","      871 68  5"
"13012","      871 73  2"
"13013","      871 78  2"
"13014","      871 78  3"
"13015","      871 88  2"
"13016","      871 88  3"
"13017","      874  4  2"
"13018","      874  9  2"
"13019","      874 15  2"
"13020","      874 15  4"
"13021","      874 20  2"
"13022","      874 42  2"
"13023","      874 42  3"
"13024","      874 42  7"
"13025","      874 53  2"
"13026","      874 64  2"
"13027","      874 70  3"
"13028","      874 70  4"
"13029","      874 75  2"
"13030","      874 75  3"
"13031","      875  1  4"
"13032","      875  1  7"
"13033","      875 20  2"
"13034","      875 20  3"
"13035","      875 20  5"
"13036","      875 27  2"
"13037","      875 39  2"
"13038","      875 39  3"
"13039","      875 39  4"
"13040","      875 52  3"
"13041","      875 52  4"
"13042","      875 65  2"
"13043","      875 65  8"
"13044","      875 71  2"
"13045","      875 78  2"
"13046","      875 84  2"
"13047","      875 90  2"
"13048","      875 97  2"
"13049","      875 97  5"
"13050","      876 24  2"
"13051","      876 31  2"
"13052","      876 38  2"
"13053","      876 38  3"
"13054","      876 45  1"
"13055","      876 45  6"
"13056","      876 52  2"
"13057","      876 66  2"
"13058","      876 74  2"
"13059","      876 81  2"
"13060","      877  4  2"
"13061","      877  9  2"
"13062","      877  9  7"
"13063","      877 14  2"
"13064","      877 19  3"
"13065","      877 30  2"
"13066","      877 30  5"
"13067","      877 35  1"
"13068","      877 35  5"
"13069","      877 45  2"
"13070","      877 45  4"
"13071","      877 50  2"
"13072","      877 56  2"
"13073","      877 56  3"
"13074","      877 66  5"
"13075","      877 71  2"
"13076","      877 71  4"
"13077","      877 81  2"
"13078","      877 87  2"
"13079","      879  2  2"
"13080","      879  2  3"
"13081","      879  2  4"
"13082","      879 16  2"
"13083","      879 29  2"
"13084","      879 29  3"
"13085","      879 34  1"
"13086","      879 34  5"
"13087","      879 34  9"
"13088","      879 43  1"
"13089","      879 47  2"
"13090","      879 52  5"
"13091","      879 56  2"
"13092","      879 56  3"
"13093","      879 70  4"
"13094","      880  5  2"
"13095","      880 16  2"
"13096","      880 27  2"
"13097","      880 27  3"
"13098","      880 38  2"
"13099","      880 38  3"
"13100","      880 43  1"
"13101","      880 43  2"
"13102","      880 43  5"
"13103","      880 43  7"
"13104","      880 49  1"
"13105","      880 49  4"
"13106","      880 49  5"
"13107","      880 49  6"
"13108","      880 54  2"
"13109","      880 60  1"
"13110","      880 65  2"
"13111","      880 65  5"
"13112","      880 70  1"
"13113","      880 70  2"
"13114","      880 70  5"
"13115","      880 76  2"
"13116","      884  9  2"
"13117","      884 15  4"
"13118","      884 21  2"
"13119","      884 34  1"
"13120","      884 46  3"
"13121","      884 58  2"
"13122","      884 64  2"
"13123","      884 71  2"
"13124","      884 77  2"
"13125","      884 83  2"
"13126","      884 83  8"
"13127","      885 14  2"
"13128","      885 14  4"
"13129","      885 17  3"
"13130","      885 20  2"
"13131","      885 26  3"
"13132","      885 29  2"
"13133","      885 29  4"
"13134","      885 35  2"
"13135","      885 42  3"
"13136","      885 45  2"
"13137","      885 48  3"
"13138","      886 18  2"
"13139","      886 18  4"
"13140","      886 18  5"
"13141","      886 21  2"
"13142","      886 28  2"
"13143","      886 43  2"
"13144","      889 25  4"
"13145","      889 25  5"
"13146","      889 26  2"
"13147","      889 28  2"
"13148","      889 30  2"
"13149","      889 30  3"
"13150","      889 31  5"
"13151","      889 31  7"
"13152","      889 32  2"
"13153","      889 32  3"
"13154","      889 73  3"
"13155","      889 79  3"
"13156","      889 81  2"
"13157","      890 17  2"
"13158","      890 19  2"
"13159","      890 19  6"
"13160","      890 20  1"
"13161","      890 21  2"
"13162","      890 21  9"
"13163","      890 22  2"
"13164","      890 24  3"
"13165","      890 57  2"
"13166","      890 58  2"
"13167","      890 59  2"
"13168","      890 60  2"
"13169","      890 61  2"
"13170","      890 62  5"
"13171","      890 63  1"
"13172","      890 63  2"
"13173","      891  9  2"
"13174","      891 10  2"
"13175","      891 11  2"
"13176","      891 12  4"
"13177","      891 13  3"
"13178","      891 13  4"
"13179","      891 15  2"
"13180","      891 15  6"
"13181","      891 65  2"
"13182","      891 66  3"
"13183","      891 67  2"
"13184","      891 69  2"
"13185","      891 69  5"
"13186","      891 70  1"
"13187","      891 71  2"
"13188","      891 72  2"
"13189","      891121  2"
"13190","      891121  3"
"13191","      891122  2"
"13192","      891122  4"
"13193","      891123  1"
"13194","      891124  2"
"13195","      891125  1"
"13196","      891126  2"
"13197","      891127  2"
"13198","      891127  3"
"13199","      891127  5"
"13200","      891127  6"
"13201","      891128  2"
"13202","      891177  1"
"13203","      891177  3"
"13204","      891177  4"
"13205","      891178  2"
"13206","      891179  2"
"13207","      891180  2"
"13208","      891181  1"
"13209","      891182  2"
"13210","      891183  2"
"13211","      891233  5"
"13212","      891233  6"
"13213","      891234  3"
"13214","      891235  1"
"13215","      891236  2"
"13216","      892 10  2"
"13217","      892 12  2"
"13218","      892 13  2"
"13219","      892 13  3"
"13220","      892 14  2"
"13221","      892 43  2"
"13222","      892 44  1"
"13223","      892 46  2"
"13224","      892 47  2"
"13225","      892 48  2"
"13226","      892 48  3"
"13227","      892 74  4"
"13228","      892 75  2"
"13229","      892 78  2"
"13230","      892 79  2"
"13231","      892 80  2"
"13232","      892107  2"
"13233","      892108  2"
"13234","      892129  2"
"13235","      892131  1"
"13236","      892131  2"
"13237","      892132  2"
"13238","      892132  3"
"13239","      892133  2"
"13240","      894  4  2"
"13241","      894  5  2"
"13242","      894  7  2"
"13243","      894  8  2"
"13244","      894 38  2"
"13245","      894 39  2"
"13246","      894 59  2"
"13247","      894 60  1"
"13248","      895  1  1"
"13249","      895  1  2"
"13250","      895  3  2"
"13251","      895  4  2"
"13252","      895  5  2"
"13253","      895  7  2"
"13254","      895  7  3"
"13255","      895  9  2"
"13256","      895 28  2"
"13257","      895 30  6"
"13258","      895 32  3"
"13259","      895 33  2"
"13260","      896  1  2"
"13261","      896  1  9"
"13262","      896  2  2"
"13263","      896  3  2"
"13264","      896  5  1"
"13265","      896 34  3"
"13266","      896 35  3"
"13267","      899  1  1"
"13268","      899  7  2"
"13269","      899  7  5"
"13270","      899 12  1"
"13271","      899 22  1"
"13272","      899 28  2"
"13273","      899 38  1"
"13274","      899 49  1"
"13275","      899 49  5"
"13276","      899 54  2"
"13277","      899 70  2"
"13278","      899 70  5"
"13279","      899 75  2"
"13280","      899 80  2"
"13281","      899 80  4"
"13282","      900  2  2"
"13283","      900  8  2"
"13284","      900  8  4"
"13285","      900 18  2"
"13286","      900 18  5"
"13287","      900 18  7"
"13288","      900 24  1"
"13289","      900 29  3"
"13290","      900 29  4"
"13291","      900 29  6"
"13292","      900 40  4"
"13293","      900 45  6"
"13294","      900 51  2"
"13295","      900 61  2"
"13296","      900 61  4"
"13297","      900 61  6"
"13298","      900 67  1"
"13299","      900 67  2"
"13300","      900 67  4"
"13301","      900 72  2"
"13302","      900 78  1"
"13303","      900 78  2"
"13304","      900 83  2"
"13305","      900 83  3"
"13306","      900 83  4"
"13307","      900 88  2"
"13308","      900 88  4"
"13309","      900 94  2"
"13310","      901  3  2"
"13311","      901  9  2"
"13312","      901 14  3"
"13313","      901 14  4"
"13314","      901 20  2"
"13315","      901 25  1"
"13316","      901 31  2"
"13317","      901 31  4"
"13318","      901 37  2"
"13319","      901 42  2"
"13320","      901 42  6"
"13321","      901 48  1"
"13322","      901 54  3"
"13323","      901 59  2"
"13324","      901 59  4"
"13325","      901 65  1"
"13326","      901 65  3"
"13327","      901 71  2"
"13328","      901 76  1"
"13329","      901 82  2"
"13330","      901 87  2"
"13331","      901 93  2"
"13332","      901 93  4"
"13333","      901110  2"
"13334","      901116  4"
"13335","      901116  6"
"13336","      901121  3"
"13337","      904 13  4"
"13338","      904 13  5"
"13339","      904 18  3"
"13340","      904 23  2"
"13341","      904 23  6"
"13342","      904 23  8"
"13343","      904 39  5"
"13344","      904 45  2"
"13345","      904 45  3"
"13346","      904 50  1"
"13347","      904 50  2"
"13348","      904 55  2"
"13349","      904 55  7"
"13350","      904 66  1"
"13351","      904 71  2"
"13352","      904 76  6"
"13353","      904 76  9"
"13354","      904 82  3"
"13355","      904 82  4"
"13356","      904 82  5"
"13357","      904 82  6"
"13358","      904 87  2"
"13359","      904 92  5"
"13360","      904 92  6"
"13361","      904 92  9"
"13362","      904 98  4"
"13363","      904 98  6"
"13364","      904103  2"
"13365","      904103  4"
"13366","      904108  2"
"13367","      904113  2"
"13368","      904119  2"
"13369","      904129  4"
"13370","      904135  2"
"13371","      904140  3"
"13372","      904145  5"
"13373","      904145  7"
"13374","      904150  5"
"13375","      904156  2"
"13376","      904156  3"
"13377","      904162  4"
"13378","      904162  5"
"13379","      904162  9"
"13380","      904162 12"
"13381","      905  9  2"
"13382","      905 14  2"
"13383","      905 18  2"
"13384","      905 23  2"
"13385","      905 23  3"
"13386","      905 23  4"
"13387","      905 28  2"
"13388","      905 28  3"
"13389","      905 28  4"
"13390","      905 33  6"
"13391","      905 43  2"
"13392","      905 48  2"
"13393","      905 48  6"
"13394","      905 52  2"
"13395","      905 57  4"
"13396","      905 57  7"
"13397","      905 62  2"
"13398","      905 67  2"
"13399","      905 67  3"
"13400","      905 67  5"
"13401","      905 71  4"
"13402","      905 77  2"
"13403","      905 77  5"
"13404","      905 77  7"
"13405","      905 82  3"
"13406","      905 86  1"
"13407","      905 86  6"
"13408","      905 91  4"
"13409","      905 96  2"
"13410","      905 96  3"
"13411","      905 96  4"
"13412","      905101  2"
"13413","      905111  2"
"13414","      905120  2"
"13415","      905120  3"
"13416","      905120  5"
"13417","      905125  1"
"13418","      905130  4"
"13419","      906  5  2"
"13420","      906 11  4"
"13421","      906 28  3"
"13422","      906 28  8"
"13423","      906 34  2"
"13424","      906 34  3"
"13425","      906 40  2"
"13426","      906 45  1"
"13427","      906 45  2"
"13428","      906 51  2"
"13429","      906 57  3"
"13430","      906 68  1"
"13431","      906 74  2"
"13432","      906 80  4"
"13433","      906 86  2"
"13434","      906 91  1"
"13435","      906 91  5"
"13436","      906 97  2"
"13437","      907 10  4"
"13438","      907 10  6"
"13439","      907 14  3"
"13440","      907 22  2"
"13441","      907 22  5"
"13442","      907 22  6"
"13443","      907 31  2"
"13444","      907 35  2"
"13445","      907 39  1"
"13446","      907 39  2"
"13447","      907 48  4"
"13448","      907 48  5"
"13449","      907 69  2"
"13450","      907 73  1"
"13451","      907 86  2"
"13452","      909  4  2"
"13453","      909 10  2"
"13454","      909 16  1"
"13455","      909 21  2"
"13456","      909 27  2"
"13457","      909 27  5"
"13458","      909 32  2"
"13459","      909 38  2"
"13460","      909 49  1"
"13461","      909 55  2"
"13462","      909 60  2"
"13463","      909 66  2"
"13464","      909 66  3"
"13465","      909 72  2"
"13466","      909 72  3"
"13467","      909 77  2"
"13468","      909 88  2"
"13469","      909 88  5"
"13470","      909 94  1"
"13471","      909 94  2"
"13472","      909 94  3"
"13473","      909 94  4"
"13474","      909 94  5"
"13475","      909 99  3"
"13476","      909 99  5"
"13477","      909105  2"
"13478","      909105  3"
"13479","      909111  2"
"13480","      909111  4"
"13481","      909111  5"
"13482","      909111  6"
"13483","      909116  2"
"13484","      909122  2"
"13485","      909122  4"
"13486","      909133  2"
"13487","      909139  3"
"13488","      909150  2"
"13489","      909150  3"
"13490","      909150  4"
"13491","      909155  1"
"13492","      909155  2"
"13493","      909155  4"
"13494","      909155  5"
"13495","      909167  3"
"13496","      909178  2"
"13497","      909183  2"
"13498","      909189  2"
"13499","      909195  2"
"13500","      909200  3"
"13501","      909211  2"
"13502","      909217  4"
"13503","      910  1  4"
"13504","      910  7  2"
"13505","      910 12  2"
"13506","      910 12  3"
"13507","      910 12  4"
"13508","      910 12  5"
"13509","      910 17  2"
"13510","      910 17  7"
"13511","      910 23  2"
"13512","      910 28  1"
"13513","      910 28  3"
"13514","      910 28  4"
"13515","      910 38  2"
"13516","      910 38  8"
"13517","      910 44  3"
"13518","      910 49  4"
"13519","      910 54  2"
"13520","      910 54  3"
"13521","      910 65  2"
"13522","      910 70  2"
"13523","      910 81  2"
"13524","      910 81  7"
"13525","      910 86  2"
"13526","      910 91  2"
"13527","      910 97  2"
"13528","      910102  2"
"13529","      910102  3"
"13530","      910102  6"
"13531","      910107  1"
"13532","      910107  3"
"13533","      910107  4"
"13534","      910113  2"
"13535","      910118  2"
"13536","      910123  2"
"13537","      910134  2"
"13538","      910134  7"
"13539","      910139  2"
"13540","      910144  1"
"13541","      910155  1"
"13542","      910155  2"
"13543","      910160  2"
"13544","      910165  2"
"13545","      910176  2"
"13546","      911  1  2"
"13547","      911  7  1"
"13548","      911  7  3"
"13549","      911 12  1"
"13550","      911 12  3"
"13551","      911 18  4"
"13552","      911 18  5"
"13553","      911 24  1"
"13554","      911 24  5"
"13555","      911 29  2"
"13556","      911 29  3"
"13557","      911 35  1"
"13558","      911 35  3"
"13559","      911 35  4"
"13560","      911 35  5"
"13561","      911 41  2"
"13562","      911 46  5"
"13563","      911 46  7"
"13564","      911 52  2"
"13565","      911 52  3"
"13566","      911 52  4"
"13567","      911 58  2"
"13568","      911 63  1"
"13569","      911 69  2"
"13570","      911 69  4"
"13571","      911 74  2"
"13572","      911 86  2"
"13573","      911 86  6"
"13574","      911 86  9"
"13575","      911 91  2"
"13576","      911 91  4"
"13577","      911 91  7"
"13578","      911 97  2"
"13579","      911103  6"
"13580","      911114  2"
"13581","      911114  3"
"13582","      911114  4"
"13583","      911114  5"
"13584","      911114  8"
"13585","      914  4  2"
"13586","      914 14  2"
"13587","      914 14  4"
"13588","      914 20  1"
"13589","      914 20  5"
"13590","      914 20  7"
"13591","      914 30  3"
"13592","      914 36  2"
"13593","      914 41  1"
"13594","      914 41  2"
"13595","      914 41  3"
"13596","      914 41  4"
"13597","      914 46  2"
"13598","      914 46  4"
"13599","      914 52  2"
"13600","      914 57  4"
"13601","      914 62  2"
"13602","      914 67  2"
"13603","      914 83  2"
"13604","      914 83  5"
"13605","      914 89  6"
"13606","      914 94  3"
"13607","      914 99  2"
"13608","      914105  2"
"13609","      915  2  4"
"13610","      915  7  2"
"13611","      915 12  3"
"13612","      915 17  2"
"13613","      915 17  4"
"13614","      915 22  2"
"13615","      915 27  2"
"13616","      915 27  6"
"13617","      915 37  2"
"13618","      915 42  2"
"13619","      915 42  5"
"13620","      915 52  2"
"13621","      915 62  4"
"13622","      915 67  3"
"13623","      915 67  4"
"13624","      915 67  6"
"13625","      915 72  3"
"13626","      915 72  4"
"13627","      915 72  5"
"13628","      915 77  2"
"13629","      915 77  4"
"13630","      915 82  3"
"13631","      915 87  1"
"13632","      915 92  1"
"13633","      915 92  2"
"13634","      915 97  2"
"13635","      915102  2"
"13636","      915102  5"
"13637","      915107  2"
"13638","      915107  3"
"13639","      915107  4"
"13640","      916  4  1"
"13641","      916  4  3"
"13642","      916 10  1"
"13643","      916 15  1"
"13644","      916 20  1"
"13645","      916 20  2"
"13646","      916 20  5"
"13647","      916 41  1"
"13648","      916 41  5"
"13649","      916 46  2"
"13650","      916 51  2"
"13651","      916 56  1"
"13652","      916 61  2"
"13653","      916 66  1"
"13654","      916 72  2"
"13655","      916 77  2"
"13656","      916 82  2"
"13657","      916 92  1"
"13658","      919  1  2"
"13659","      919  6  2"
"13660","      919 12  2"
"13661","      919 17  2"
"13662","      919 27  2"
"13663","      919 33  2"
"13664","      919 38  2"
"13665","      919 38  3"
"13666","      919 38  6"
"13667","      919 38  8"
"13668","      919 48  2"
"13669","      919 54  2"
"13670","      919 54  7"
"13671","      919 54 10"
"13672","      919 59  3"
"13673","      919 64  2"
"13674","      919 69  2"
"13675","      919 75  2"
"13676","      919 80  2"
"13677","      919 85  2"
"13678","      919 91  4"
"13679","      919 96  2"
"13680","      919 96  3"
"13681","      919101  3"
"13682","      919106  2"
"13683","      919112  2"
"13684","      919117  1"
"13685","      919122  2"
"13686","      919127  1"
"13687","      919127  2"
"13688","      919127  3"
"13689","      919133  2"
"13690","      919133  8"
"13691","      919138  2"
"13692","      919143  2"
"13693","      919148  1"
"13694","      919154  4"
"13695","      919154  6"
"13696","      919154 10"
"13697","      919175  2"
"13698","      919175  5"
"13699","      919180  2"
"13700","      919185  4"
"13701","      919190  1"
"13702","      919196  2"
"13703","      919201  1"
"13704","      920 19  5"
"13705","      920 19  7"
"13706","      920 31  1"
"13707","      920 31  6"
"13708","      920 31  9"
"13709","      920 31 12"
"13710","      920 36  4"
"13711","      920 36  9"
"13712","      920 36 12"
"13713","      920 42  2"
"13714","      920 48  2"
"13715","      920 54  2"
"13716","      920 54  4"
"13717","      920 65  6"
"13718","      920 71  2"
"13719","      920 82  2"
"13720","      920 88  2"
"13721","      920 94  2"
"13722","      920 94  3"
"13723","      920100  2"
"13724","      920100  5"
"13725","      920105  2"
"13726","      920105  4"
"13727","      921  2  2"
"13728","      921  7  2"
"13729","      921 12  3"
"13730","      921 12  4"
"13731","      921 17  2"
"13732","      921 22  2"
"13733","      921 27  3"
"13734","      921 27  6"
"13735","      921 27  7"
"13736","      921 32  2"
"13737","      921 42  2"
"13738","      921 47  2"
"13739","      921 47  5"
"13740","      921 47  7"
"13741","      921 53  2"
"13742","      921 58  2"
"13743","      921 58  6"
"13744","      921 68  2"
"13745","      921 73  2"
"13746","      921 78  2"
"13747","      921 83  2"
"13748","      921 93  2"
"13749","      921 93  4"
"13750","      921 93  5"
"13751","      921 93  7"
"13752","      921 98  2"
"13753","      921104  2"
"13754","      922  4  2"
"13755","      922  7  4"
"13756","      922  7  7"
"13757","      922  9  4"
"13758","      922 11  3"
"13759","      922 11  5"
"13760","      922 14  2"
"13761","      922 14  7"
"13762","      922 19  1"
"13763","      922 21  5"
"13764","      922 24  3"
"13765","      922 28  2"
"13766","      922 28  3"
"13767","      922 31  2"
"13768","      922 43  2"
"13769","      922 45  2"
"13770","      922 48  3"
"13771","      922 50  1"
"13772","      922 50  3"
"13773","      922 57  7"
"13774","      922 65  4"
"13775","      922 72  2"
"13776","      922 72  3"
"13777","      922 74  2"
"13778","      922 74  4"
"13779","      922 77  1"
"13780","      922 77  2"
"13781","      922 82  2"
"13782","      922 82  3"
"13783","      922 84  2"
"13784","      922 84  5"
"13785","      922 87  1"
"13786","      922 89  4"
"13787","      922 89  5"
"13788","      922 91  2"
"13789","      922 91  4"
"13790","      922 94  2"
"13791","      922 94  5"
"13792","      922 96  2"
"13793","      922 96  3"
"13794","      922 96  4"
"13795","      924  2  2"
"13796","      924  8  2"
"13797","      924 15  2"
"13798","      924 21  2"
"13799","      924 21  3"
"13800","      924 27  1"
"13801","      924 27  3"
"13802","      924 27  7"
"13803","      924 33  2"
"13804","      924 33  3"
"13805","      924 39  2"
"13806","      924 45  2"
"13807","      924 45  3"
"13808","      924 58  2"
"13809","      924 58  9"
"13810","      924 64  2"
"13811","      925  1  4"
"13812","      925  5  2"
"13813","      925  9  2"
"13814","      925 12  2"
"13815","      925 16  2"
"13816","      925 23  2"
"13817","      925 27  2"
"13818","      925 30  2"
"13819","      925 34  2"
"13820","      925 41  2"
"13821","      925 45  2"
"13822","      925 59  2"
"13823","      925 63  3"
"13824","      926  5  2"
"13825","      926  5  7"
"13826","      926 10  1"
"13827","      926 15  3"
"13828","      926 21  2"
"13829","      926 21  3"
"13830","      926 26  4"
"13831","      926 26  8"
"13832","      926 32  2"
"13833","      926 32  3"
"13834","      926 32  4"
"13835","      926 37  2"
"13836","      926 37  8"
"13837","      926 37 11"
"13838","      926 43  2"
"13839","      926 48  2"
"13840","      926 54  2"
"13841","      926 64  2"
"13842","      926 70  2"
"13843","      926 70  5"
"13844","      926 70  7"
"13845","      926 75  2"
"13846","      926 81  2"
"13847","      926 86  2"
"13848","      926 92  2"
"13849","      926 92  3"
"13850","      926 97  2"
"13851","      929  3  3"
"13852","      929  3  5"
"13853","      929  3  8"
"13854","      929  7  1"
"13855","      929 12  2"
"13856","      929 16  2"
"13857","      929 16  3"
"13858","      929 16  4"
"13859","      929 21  2"
"13860","      929 21  3"
"13861","      929 21  7"
"13862","      929 26  2"
"13863","      929 26  7"
"13864","      929 30  4"
"13865","      929 30  7"
"13866","      929 30 10"
"13867","      929 39  2"
"13868","      929 39  6"
"13869","      929 39  9"
"13870","      929 44  2"
"13871","      929 49  2"
"13872","      929 58  3"
"13873","      929 62  2"
"13874","      929 67  2"
"13875","      929 67  4"
"13876","      929 72  2"
"13877","      929 72  3"
"13878","      929 76  2"
"13879","      929 76  3"
"13880","      929 76  4"
"13881","      929 81  2"
"13882","      929 81  3"
"13883","      929 85  2"
"13884","      929 85  4"
"13885","      929 85  5"
"13886","      929 90  1"
"13887","      929 95  2"
"13888","      929 99  2"
"13889","      929104  2"
"13890","      929108  5"
"13891","      929108 12"
"13892","      929108 16"
"13893","      929113  4"
"13894","      929113  6"
"13895","      929113 10"
"13896","      930  3  2"
"13897","      930  9  2"
"13898","      930 16  2"
"13899","      930 36  3"
"13900","      930 43  2"
"13901","      930 49  2"
"13902","      930 56  2"
"13903","      930 62  2"
"13904","      930 62 10"
"13905","      930 62 11"
"13906","      930 69  2"
"13907","      930 69  8"
"13908","      930 69  9"
"13909","      930 69 10"
"13910","      930 76  4"
"13911","      930 82  3"
"13912","      930 82  5"
"13913","      930 96  1"
"13914","      930102  2"
"13915","      930102  8"
"13916","      930109  2"
"13917","      930116  2"
"13918","      930116  4"
"13919","      930122  2"
"13920","      930122  5"
"13921","      930122  7"
"13922","      930142  2"
"13923","      931 17  2"
"13924","      931 23  3"
"13925","      931 23  4"
"13926","      931 35  2"
"13927","      931 41  3"
"13928","      931 53  1"
"13929","      931 59  2"
"13930","      931 59  4"
"13931","      931 59  5"
"13932","      931 65  2"
"13933","      931 65  3"
"13934","      931 71  2"
"13935","      931 77  2"
"13936","      931 77  8"
"13937","      931 83  1"
"13938","      931 83  3"
"13939","      931 89  2"
"13940","      932 13  3"
"13941","      932 13  6"
"13942","      932 13  9"
"13943","      932 13 11"
"13944","      932 13 13"
"13945","      932 21  1"
"13946","      932 29  2"
"13947","      932 53  2"
"13948","      932 53  3"
"13949","      932 61  2"
"13950","      932 69  2"
"13951","      932 77  4"
"13952","      932 93  2"
"13953","      932101  2"
"13954","      932101  8"
"13955","      932117  4"
"13956","      934 33  2"
"13957","      934 33  7"
"13958","      934 35  2"
"13959","      934 38  2"
"13960","      934 38  7"
"13961","      934 39  2"
"13962","      934 39 10"
"13963","      934 40  2"
"13964","      935  2  2"
"13965","      935  2 10"
"13966","      935  2 16"
"13967","      935  3  5"
"13968","      935  4  2"
"13969","      935  5  2"
"13970","      935  8  4"
"13971","      935 33  2"
"13972","      935 34  2"
"13973","      935 34  5"
"13974","      935 34 10"
"13975","      935 35  2"
"13976","      935 35  3"
"13977","      935 36  2"
"13978","      935 37  2"
"13979","      935 39  2"
"13980","      935 40  2"
"13981","      935 58  3"
"13982","      935 58  7"
"13983","      935 59  2"
"13984","      936  1  2"
"13985","      936  2  2"
"13986","      936  4  1"
"13987","      936  4  3"
"13988","      936  5  2"
"13989","      936  6  2"
"13990","      936  6  8"
"13991","      936  7  2"
"13992","      936 13  2"
"13993","      936 14  2"
"13994","      936 16  2"
"13995","      936 18  2"
"13996","      936 19  2"
"13997","      936 20  2"
"13998","      936 22  5"
"13999","      936 24  2"
"14000","      936 32  1"
"14001","      936 32  3"
"14002","      936 34  4"
"14003","      936 34  5"
"14004","      936 35  2"
"14005","      936 36  2"
"14006","      936 37  1"
"14007","      936 38  2"
"14008","      936 39  2"
"14009","      936 40  6"
"14010","      936 41  2"
"14011","      936 42  2"
"14012","      936 45  2"
"14013","      936 46  2"
"14014","      939  9  2"
"14015","      939 10  2"
"14016","      939 11  2"
"14017","      939 12  2"
"14018","      939 13  2"
"14019","      939 16  2"
"14020","      939 16  3"
"14021","      939 34  2"
"14022","      939 35  2"
"14023","      939 35  3"
"14024","      939 36  2"
"14025","      939 37  2"
"14026","      939 37  3"
"14027","      939 37  6"
"14028","      939 38  2"
"14029","      939 58  2"
"14030","      939 60  2"
"14031","      939 61  2"
"14032","      939 61  6"
"14033","      939 62  2"
"14034","      939 63  2"
"14035","      939 63 10"
"14036","      939 63 15"
"14037","      939 64  2"
"14038","      939 89  2"
"14039","      939 90  2"
"14040","      939 90  6"
"14041","      939 91  7"
"14042","      939 92  2"
"14043","      939 92 10"
"14044","      939 94  2"
"14045","      939 95  1"
"14046","      939 95  4"
"14047","      939105  2"
"14048","      939106  2"
"14049","      939107  2"
"14050","      939108  1"
"14051","      940 17  4"
"14052","      940 18  2"
"14053","      940 22  2"
"14054","      940 57  2"
"14055","      940 60  2"
"14056","      941 34  2"
"14057","      941 35  2"
"14058","      941 36  2"
"14059","      941 37  2"
"14060","      941 38  2"
"14061","      941 40  2"
"14062","      941 81  2"
"14063","      941 82  2"
"14064","      941 84  2"
"14065","      941 85  2"
"14066","      941 87  2"
"14067","      942 17  2"
"14068","      942 18  2"
"14069","      942 18  4"
"14070","      942 19  4"
"14071","      942 21  2"
"14072","      942 22  3"
"14073","      942 24  4"
"14074","      942 24  8"
"14075","      942 57  6"
"14076","      942 59  2"
"14077","      942 61  2"
"14078","      942 61  6"
"14079","      942 62  2"
"14080","      942 63  2"
"14081","      942 64  5"
"14082","      942 66  2"
"14083","      944  9  2"
"14084","      944 10  2"
"14085","      944 12  2"
"14086","      944 12  6"
"14087","      944 13  2"
"14088","      944 13  8"
"14089","      944 14  3"
"14090","      944 15  2"
"14091","      944 16  2"
"14092","      944 33  2"
"14093","      944 34  2"
"14094","      944 35  2"
"14095","      944 36  2"
"14096","      944 37  2"
"14097","      944 39  2"
"14098","      944 40  2"
"14099","      944 66  4"
"14100","      944 67  2"
"14101","      944 69  2"
"14102","      944 72  2"
"14103","      944 97  2"
"14104","      944 99  2"
"14105","      944100  3"
"14106","      944100  4"
"14107","      944101  4"
"14108","      944102  2"
"14109","      944104  2"
"14110","      944121  2"
"14111","      944122  2"
"14112","      944123  2"
"14113","      944124  2"
"14114","      944124  3"
"14115","      944124  7"
"14116","      944126  2"
"14117","      945  2  2"
"14118","      945  3  2"
"14119","      945  4  2"
"14120","      945  5  2"
"14121","      945  6  2"
"14122","      945  7  2"
"14123","      945  7 10"
"14124","      945 33  2"
"14125","      945 38  2"
"14126","      945 38  5"
"14127","      945 39  2"
"14128","      945 66  2"
"14129","      945 67  2"
"14130","      945 69  2"
"14131","      945 69  6"
"14132","      945 69  7"
"14133","      945 70  2"
"14134","      946 17  2"
"14135","      946 17  5"
"14136","      946 18  2"
"14137","      946 19  5"
"14138","      946 20  4"
"14139","      946 22  2"
"14140","      946 24  2"
"14141","      946 49  2"
"14142","      946 50  2"
"14143","      946 53  2"
"14144","      946 55  2"
"14145","      946 56  4"
"14146","      946 57  3"
"14147","      946 59  2"
"14148","      949 19  2"
"14149","      949 20  2"
"14150","      949 23  4"
"14151","      949 23 10"
"14152","      949 24  2"
"14153","      949 24  5"
"14154","      949 49  2"
"14155","      949 50  2"
"14156","      949 51  2"
"14157","      949 51  5"
"14158","      949 53  2"
"14159","      949 54  2"
"14160","      949 56  2"
"14161","      949 56  3"
"14162","      949 58  2"
"14163","      949 59  2"
"14164","      950  9  2"
"14165","      950 11  2"
"14166","      950 12  2"
"14167","      950 13  2"
"14168","      950 14  2"
"14169","      950 14  4"
"14170","      950 16  2"
"14171","      950 41  2"
"14172","      950 43  2"
"14173","      950 44  2"
"14174","      950 44  9"
"14175","      950 45  2"
"14176","      950 47  5"
"14177","      950 48  2"
"14178","      950 48 10"
"14179","      950 65  2"
"14180","      950 66  2"
"14181","      950 66  9"
"14182","      950 67  6"
"14183","      950 68  2"
"14184","      950 69  2"
"14185","      950 70  2"
"14186","      950 70  8"
"14187","      950 71  2"
"14188","      950 72  2"
"14189","      950 73  2"
"14190","      950 73  7"
"14191","      951  1  2"
"14192","      951  3  2"
"14193","      951  4  2"
"14194","      951  5  2"
"14195","      951  8  5"
"14196","      951 33  2"
"14197","      951 34  2"
"14198","      951 35  2"
"14199","      951 36  2"
"14200","      951 37  8"
"14201","      951 37 10"
"14202","      951 39  2"
"14203","      951 40  2"
"14204","      951 40  7"
"14205","      951 65  2"
"14206","      951 66  2"
"14207","      951 67  2"
"14208","      951 70  2"
"14209","      951 71  2"
"14210","      951 97  2"
"14211","      951100  2"
"14212","      951102  3"
"14213","      951103  2"
"14214","      954 27  2"
"14215","      954 27  6"
"14216","      954 29  3"
"14217","      954 32  2"
"14218","      954 33  2"
"14219","      954 76  2"
"14220","      954 76  6"
"14221","      954 76  9"
"14222","      954 76 11"
"14223","      954 77  2"
"14224","      954 78  2"
"14225","      954 80  4"
"14226","      954 81  2"
"14227","      955  6  1"
"14228","      955  9  2"
"14229","      955  9  3"
"14230","      955 12  2"
"14231","      955 15  2"
"14232","      955 15  5"
"14233","      955 18  2"
"14234","      955 22  2"
"14235","      955 25  3"
"14236","      955 25  4"
"14237","      955 28  1"
"14238","      955 37  2"
"14239","      955 50  2"
"14240","      955 53  1"
"14241","      955 56  6"
"14242","      955 59  2"
"14243","      955 59  5"
"14244","      955 62  2"
"14245","      955 65  3"
"14246","      955 68  2"
"14247","      955 71  2"
"14248","      955 71  3"
"14249","      955 74  3"
"14250","      955 78  2"
"14251","      955 78  5"
"14252","      955 81  2"
"14253","      955 84  2"
"14254","      955 84  5"
"14255","      955 87  2"
"14256","      955 90  2"
"14257","      955 93  4"
"14258","      955 96  2"
"14259","      955102  2"
"14260","      955105  2"
"14261","      955109  1"
"14262","      955112  2"
"14263","      955115  2"
"14264","      956  3  2"
"14265","      956  3  4"
"14266","      956  6  9"
"14267","      956  9  2"
"14268","      956  9  3"
"14269","      956 12  3"
"14270","      956 15  2"
"14271","      956 19  5"
"14272","      956 22  2"
"14273","      956 22  4"
"14274","      956 25  2"
"14275","      956 31  2"
"14276","      956 31  5"
"14277","      956 31  6"
"14278","      956 34  1"
"14279","      956 38  2"
"14280","      956 41  1"
"14281","      956 44  2"
"14282","      956 47  2"
"14283","      956 50  2"
"14284","      956 50  7"
"14285","      956 53  2"
"14286","      956 60  2"
"14287","      956 63  2"
"14288","      956 66  2"
"14289","      956 69  2"
"14290","      956 72  2"
"14291","      956 72  4"
"14292","      956 75  2"
"14293","      956 75  3"
"14294","      956 75  4"
"14295","      956 79  1"
"14296","      956 79  4"
"14297","      956 82  3"
"14298","      956 82  5"
"14299","      956 91  1"
"14300","      956 94  2"
"14301","      956 98  3"
"14302","      956 98  8"
"14303","      956101  3"
"14304","      956107  2"
"14305","      956110  3"
"14306","      956113  2"
"14307","      956113  5"
"14308","      956117  2"
"14309","      956117  5"
"14310","      957  1  2"
"14311","      957  1  3"
"14312","      957  1  5"
"14313","      957  5  1"
"14314","      957  9  2"
"14315","      957 17  2"
"14316","      957 25  2"
"14317","      957 25  3"
"14318","      957 25  4"
"14319","      957 36  2"
"14320","      957 44  2"
"14321","      957 44  3"
"14322","      957 44  7"
"14323","      957 48  1"
"14324","      957 52  2"
"14325","      957 52  3"
"14326","      957 52  4"
"14327","      957 52  6"
"14328","      957 56  4"
"14329","      957 64  2"
"14330","      957 64  3"
"14331","      957 64  6"
"14332","      957 68  2"
"14333","      957 72  2"
"14334","      957 72  4"
"14335","      957 76  1"
"14336","      957 76  3"
"14337","      957103  2"
"14338","      957107  2"
"14339","      957107  3"
"14340","      957115  2"
"14341","      957115  3"
"14342","      957119  5"
"14343","      957119  7"
"14344","      957119  9"
"14345","      957123  4"
"14346","      957123  6"
"14347","      957123  8"
"14348","      957131  2"
"14349","      957135  1"
"14350","      957135  2"
"14351","      957138  3"
"14352","      957142  3"
"14353","      957146  2"
"14354","      957154  2"
"14355","      959  1  2"
"14356","      959  1  5"
"14357","      959  5  2"
"14358","      959  5  6"
"14359","      959  8  2"
"14360","      959 11  2"
"14361","      959 11  5"
"14362","      959 11  6"
"14363","      959 15  2"
"14364","      959 18  2"
"14365","      959 25  2"
"14366","      959 25  3"
"14367","      959 28  2"
"14368","      959 31  2"
"14369","      959 35  2"
"14370","      959 38  2"
"14371","      959 41  5"
"14372","      959 41  6"
"14373","      959 41  8"
"14374","      959 45  2"
"14375","      959 48  2"
"14376","      959 48  6"
"14377","      959 51  1"
"14378","      959 54  2"
"14379","      959 58  2"
"14380","      959 68  2"
"14381","      959 71  2"
"14382","      959 81  2"
"14383","      959 84  2"
"14384","      959101  2"
"14385","      959108  2"
"14386","      959114  1"
"14387","      959118  2"
"14388","      959121  2"
"14389","      959128  1"
"14390","      960  8  1"
"14391","      960  8  2"
"14392","      960 15  5"
"14393","      960 15  6"
"14394","      960 18  1"
"14395","      960 20  1"
"14396","      960 20  2"
"14397","      960 22  1"
"14398","      960 24  2"
"14399","      960 24  6"
"14400","      960 27  6"
"14401","      960 27  7"
"14402","      960 29  2"
"14403","      960 29  3"
"14404","      960 29  4"
"14405","      960 29  7"
"14406","      960 31  2"
"14407","      960 38  2"
"14408","      960 40  5"
"14409","      960 43  1"
"14410","      960 43  2"
"14411","      960 47  2"
"14412","      960 49  2"
"14413","      960 49  3"
"14414","      960 49  4"
"14415","      960 52  2"
"14416","      960 52  3"
"14417","      960 52  4"
"14418","      960 54  2"
"14419","      960 59  2"
"14420","      960 61  2"
"14421","      960 70  2"
"14422","      960 70  3"
"14423","      960 72  2"
"14424","      960 72  4"
"14425","      960 72  5"
"14426","      960 72  7"
"14427","      960 77  3"
"14428","      960 77  6"
"14429","      960 77  9"
"14430","      960 79  1"
"14431","      960 79  2"
"14432","      960 81  1"
"14433","      961  4  2"
"14434","      961  7  2"
"14435","      961 10  2"
"14436","      961 13  3"
"14437","      961 16  1"
"14438","      961 16  3"
"14439","      961 16  4"
"14440","      961 19  1"
"14441","      961 24  2"
"14442","      961 33  2"
"14443","      961 39  3"
"14444","      961 41  3"
"14445","      961 41  6"
"14446","      961 44  2"
"14447","      961 44  6"
"14448","      961 44  9"
"14449","      961 47  3"
"14450","      961 50  1"
"14451","      961 53  2"
"14452","      961 58  2"
"14453","      961 61  1"
"14454","      961 61  2"
"14455","      961 64  2"
"14456","      961 67  2"
"14457","      961 70  3"
"14458","      961 76  2"
"14459","      961 76  3"
"14460","      961 76  4"
"14461","      961 78  2"
"14462","      961 81  4"
"14463","      961 81  5"
"14464","      961 87  2"
"14465","      961 90  2"
"14466","      961 93  1"
"14467","      961110  1"
"14468","      961113  3"
"14469","      961113  4"
"14470","      961113  8"
"14471","      964  1  2"
"14472","      964  4  2"
"14473","      964  7  2"
"14474","      964  7  3"
"14475","      964  7  4"
"14476","      964  7  5"
"14477","      964 11  2"
"14478","      964 14  2"
"14479","      964 17  2"
"14480","      964 20  1"
"14481","      964 23  2"
"14482","      964 26  2"
"14483","      964 33  2"
"14484","      964 36  2"
"14485","      964 36  5"
"14486","      964 42  2"
"14487","      964 42  3"
"14488","      964 42  5"
"14489","      964 45  2"
"14490","      964 45  6"
"14491","      964 48  2"
"14492","      964 51  1"
"14493","      964 55  2"
"14494","      964 58  2"
"14495","      964 61  2"
"14496","      964 70  2"
"14497","      964 70  3"
"14498","      964 73  3"
"14499","      964 73  4"
"14500","      964 76  1"
"14501","      964 89  1"
"14502","      964 92  2"
"14503","      964 98  3"
"14504","      964102  2"
"14505","      964111  2"
"14506","      964111  3"
"14507","      965  4  2"
"14508","      965  4  5"
"14509","      965 12  2"
"14510","      965 12  3"
"14511","      965 12  4"
"14512","      965 17  2"
"14513","      965 21  2"
"14514","      965 21  4"
"14515","      965 21  5"
"14516","      965 25  2"
"14517","      965 34  2"
"14518","      965 34  4"
"14519","      965 34  7"
"14520","      965 38  2"
"14521","      965 43  2"
"14522","      965 51  2"
"14523","      965 56  4"
"14524","      965 65  2"
"14525","      965 69  1"
"14526","      965 69  3"
"14527","      965 73  2"
"14528","      965 78  1"
"14529","      965 82  2"
"14530","      965 82  3"
"14531","      965 86  2"
"14532","      965 91  1"
"14533","      965 91  3"
"14534","      965 91  4"
"14535","      965 95  2"
"14536","      965 99  2"
"14537","      965104  2"
"14538","      965108  3"
"14539","      965108  4"
"14540","      965112  3"
"14541","      965121  2"
"14542","      965138  1"
"14543","      965138  2"
"14544","      965156  2"
"14545","      965165  2"
"14546","      965173  2"
"14547","      966  2  1"
"14548","      966  2  3"
"14549","      966  9  1"
"14550","      966  9  3"
"14551","      966 17  2"
"14552","      966 17  4"
"14553","      966 24  2"
"14554","      966 34  2"
"14555","      966 38  2"
"14556","      966 45  2"
"14557","      966 45  5"
"14558","      966 45  6"
"14559","      966 49  2"
"14560","      966 52  2"
"14561","      966 56  1"
"14562","      966 67  2"
"14563","      966 70  2"
"14564","      966 70  3"
"14565","      966 70  4"
"14566","      966 70  5"
"14567","      966 74  2"
"14568","      966 74  7"
"14569","      966 77  2"
"14570","      966 77  3"
"14571","      966 77  9"
"14572","      966 77 11"
"14573","      966 77 15"
"14574","      966 81  6"
"14575","      966 84  2"
"14576","      966 84  5"
"14577","      966 84  8"
"14578","      966 88  1"
"14579","      966 88  2"
"14580","      966 88  3"
"14581","      966 92  1"
"14582","      966 95  1"
"14583","      966 99  1"
"14584","      966102  2"
"14585","      966110  4"
"14586","      966117  2"
"14587","      966117 11"
"14588","      966117 14"
"14589","      966120  2"
"14590","      966124  2"
"14591","      966127  2"
"14592","      966131  2"
"14593","      966135  1"
"14594","      966138  1"
"14595","      966142  2"
"14596","      966142  3"
"14597","      967  2  1"
"14598","      967  2  2"
"14599","      967 13  2"
"14600","      967 13  4"
"14601","      967 13  6"
"14602","      967 19  2"
"14603","      967 22  1"
"14604","      967 33  2"
"14605","      967 36  2"
"14606","      967 47  1"
"14607","      967 58  2"
"14608","      967 61  1"
"14609","      967 61  4"
"14610","      967 67  2"
"14611","      967 67  3"
"14612","      967 69  2"
"14613","      967 75  4"
"14614","      967 78  2"
"14615","      967 81  4"
"14616","      967 83  1"
"14617","      967 83  2"
"14618","      967 83  3"
"14619","      967 83  6"
"14620","      967 95  4"
"14621","      967 97  1"
"14622","      967103  3"
"14623","      967103  5"
"14624","      967109  2"
"14625","      967109  3"
"14626","      967111  1"
"14627","      969  8  1"
"14628","      969  8  4"
"14629","      969 14  2"
"14630","      969 17  1"
"14631","      969 20  4"
"14632","      969 23  4"
"14633","      969 28  2"
"14634","      969 31  2"
"14635","      969 40  2"
"14636","      969 51  2"
"14637","      969 57  4"
"14638","      969 60  2"
"14639","      969 63  2"
"14640","      969 68  2"
"14641","      969 68  3"
"14642","      969 74  2"
"14643","      969 83  2"
"14644","      969 83  3"
"14645","      970  3  1"
"14646","      970  3  3"
"14647","      970 11  2"
"14648","      970 11  7"
"14649","      970 18  2"
"14650","      970 30  2"
"14651","      970 34  2"
"14652","      970 38  1"
"14653","      970 42  3"
"14654","      970 42  4"
"14655","      970 46  2"
"14656","      970 53  2"
"14657","      970 57  1"
"14658","      970 61  3"
"14659","      970 61  5"
"14660","      970 73  1"
"14661","      970 77  2"
"14662","      970 77  5"
"14663","      970 81  1"
"14664","      970 81  3"
"14665","      970 85  1"
"14666","      970 89  2"
"14667","      970 92  2"
"14668","      970 92  3"
"14669","      970 96  2"
"14670","      970 96  4"
"14671","      970100  2"
"14672","      970100  3"
"14673","      970104  2"
"14674","      970108  2"
"14675","      970112  2"
"14676","      970116  2"
"14677","      970120  1"
"14678","      970120  2"
"14679","      970124  2"
"14680","      970124  4"
"14681","      970128  2"
"14682","      970131  2"
"14683","      970131  3"
"14684","      970135  2"
"14685","      970139  2"
"14686","      970147  2"
"14687","      970147  4"
"14688","      970151  2"
"14689","      971  3  2"
"14690","      971  6  2"
"14691","      971  9  2"
"14692","      971 12  2"
"14693","      971 15  2"
"14694","      971 19  2"
"14695","      971 25  1"
"14696","      971 28  2"
"14697","      971 31  2"
"14698","      971 34  2"
"14699","      971 41  1"
"14700","      971 41  2"
"14701","      971 44  2"
"14702","      971 47  2"
"14703","      971 47  3"
"14704","      971 47  4"
"14705","      971 53  1"
"14706","      971 53  2"
"14707","      971 56  2"
"14708","      971 63  2"
"14709","      971 66  2"
"14710","      971 69  2"
"14711","      971 78  2"
"14712","      971 82  2"
"14713","      971 82  5"
"14714","      971 85  2"
"14715","      971 88  2"
"14716","      971 91  1"
"14717","      971 91  3"
"14718","      971 91  6"
"14719","      971 94  1"
"14720","      971 97  1"
"14721","      971101  2"
"14722","      971101  5"
"14723","      971101  6"
"14724","      971101  9"
"14725","      971104  1"
"14726","      971104  2"
"14727","      971110  1"
"14728","      971110  3"
"14729","      971119  2"
"14730","      971123  2"
"14731","      971123  5"
"14732","      974  4  2"
"14733","      974  8  2"
"14734","      974  8  5"
"14735","      974 11  2"
"14736","      974 11  5"
"14737","      974 18  2"
"14738","      974 18  5"
"14739","      974 18  6"
"14740","      974 18 11"
"14741","      974 21  1"
"14742","      974 24  2"
"14743","      974 28  1"
"14744","      974 38  5"
"14745","      974 41  2"
"14746","      974 41  3"
"14747","      974 44  2"
"14748","      974 48  2"
"14749","      974 48  3"
"14750","      974 51  2"
"14751","      974 54  2"
"14752","      974 54  3"
"14753","      974 54  5"
"14754","      974 61  2"
"14755","      974 61  4"
"14756","      974 64  2"
"14757","      974 67  1"
"14758","      974 67  4"
"14759","      974 71  2"
"14760","      974 77  2"
"14761","      974 77  5"
"14762","      974 81  8"
"14763","      974 84  1"
"14764","      974 84  2"
"14765","      974 84  5"
"14766","      974 91  2"
"14767","      974 94  2"
"14768","      974 97  1"
"14769","      974101  2"
"14770","      974104  2"
"14771","      975  2  3"
"14772","      975  2  4"
"14773","      975  5  1"
"14774","      975  5  2"
"14775","      975 10  2"
"14776","      975 10  6"
"14777","      975 12  2"
"14778","      975 12  4"
"14779","      975 15  1"
"14780","      975 17  1"
"14781","      975 22  2"
"14782","      975 25  2"
"14783","      975 28  2"
"14784","      975 30  2"
"14785","      975 33  2"
"14786","      975 35  2"
"14787","      975 38  1"
"14788","      975 40  3"
"14789","      975 43  2"
"14790","      975 45  5"
"14791","      975 48  1"
"14792","      975 50  1"
"14793","      975 50  2"
"14794","      975 56  1"
"14795","      975 61  2"
"14796","      975 66  2"
"14797","      975 68  2"
"14798","      975 68  4"
"14799","      975 73  2"
"14800","      975 79  2"
"14801","      975 84  1"
"14802","      975 84  2"
"14803","      975 86  2"
"14804","      975 91  4"
"14805","      975 91  5"
"14806","      975 94  2"
"14807","      975 96  1"
"14808","      975 96  3"
"14809","      976  2  2"
"14810","      976  5  2"
"14811","      976  8  2"
"14812","      976 13  2"
"14813","      976 16  1"
"14814","      976 19  2"
"14815","      976 22  1"
"14816","      976 25  2"
"14817","      976 25  3"
"14818","      976 28  2"
"14819","      976 28  5"
"14820","      976 28  8"
"14821","      976 28  9"
"14822","      976 31  2"
"14823","      976 31  3"
"14824","      976 31  8"
"14825","      976 34  2"
"14826","      976 37  6"
"14827","      976 37  9"
"14828","      976 40  2"
"14829","      976 43  2"
"14830","      976 46  2"
"14831","      976 49  3"
"14832","      976 51  2"
"14833","      976 54  3"
"14834","      976 57  3"
"14835","      976 60  2"
"14836","      976 60  3"
"14837","      976 60  4"
"14838","      976 63  1"
"14839","      976 66  1"
"14840","      976 72  2"
"14841","      976 72  4"
"14842","      976 72  6"
"14843","      976 72  9"
"14844","      976 75  2"
"14845","      976 75  3"
"14846","      976 81  2"
"14847","      976 86  2"
"14848","      976 89  2"
"14849","      976 98  2"
"14850","      976 98  3"
"14851","      976101  4"
"14852","      976104  2"
"14853","      976107  2"
"14854","      976107  3"
"14855","      979  3  2"
"14856","      979  7  2"
"14857","      979 11  1"
"14858","      979 14  2"
"14859","      979 14  4"
"14860","      979 14  7"
"14861","      979 18  1"
"14862","      979 18  2"
"14863","      979 26  2"
"14864","      979 30  2"
"14865","      979 33  2"
"14866","      979 33  5"
"14867","      979 41  2"
"14868","      979 49  2"
"14869","      979 52  2"
"14870","      979 52  5"
"14871","      979 56  2"
"14872","      979 56  4"
"14873","      979 60  2"
"14874","      979 64  4"
"14875","      979 64  9"
"14876","      979 68  2"
"14877","      979 71  2"
"14878","      979 75  2"
"14879","      979 83  2"
"14880","      979 87  2"
"14881","      979 94  2"
"14882","      979 98  2"
"14883","      979102  2"
"14884","      979106  2"
"14885","      979109  2"
"14886","      979113  2"
"14887","      979121  2"
"14888","      979125  2"
"14889","      979128  5"
"14890","      979132  2"
"14891","      979140  3"
"14892","      979144  2"
"14893","      979144  4"
"14894","      979147  2"
"14895","      979151  2"
"14896","      979151  3"
"14897","      980  5  2"
"14898","      980  9  2"
"14899","      980  9  5"
"14900","      980 14  1"
"14901","      980 14  5"
"14902","      980 23  2"
"14903","      980 27  2"
"14904","      980 32  1"
"14905","      980 37  2"
"14906","      980 41  2"
"14907","      980 46  2"
"14908","      980 50  2"
"14909","      980 59  1"
"14910","      980 64  2"
"14911","      980 69  3"
"14912","      980 69  6"
"14913","      980 73  3"
"14914","      980 82  2"
"14915","      980 82  5"
"14916","      980 92  2"
"14917","      980 92  4"
"14918","      980 96  2"
"14919","      980101  2"
"14920","      980110  2"
"14921","      980114  2"
"14922","      980119  2"
"14923","      981 11  2"
"14924","      981 15  1"
"14925","      981 19  2"
"14926","      981 23  2"
"14927","      981 27  1"
"14928","      981 27  4"
"14929","      981 31  1"
"14930","      981 36  2"
"14931","      981 48  2"
"14932","      981 48  3"
"14933","      981 52  2"
"14934","      981 56  2"
"14935","      981 60  2"
"14936","      981 60  4"
"14937","      981 64  2"
"14938","      981 77  2"
"14939","      981 81  2"
"14940","      981 85  2"
"14941","      981 85  4"
"14942","      981 89  2"
"14943","      981 89  3"
"14944","      981 89  7"
"14945","      981 93  3"
"14946","      981 93  5"
"14947","      981 97  2"
"14948","      981102  2"
"14949","      981102  9"
"14950","      981106  2"
"14951","      981106  3"
"14952","      981106  4"
"14953","      981114  2"
"14954","      981118  2"
"14955","      981118  4"
"14956","      981122  2"
"14957","      981130  2"
"14958","      981135  1"
"14959","      981135  5"
"14960","      981135  7"
"14961","      981147  2"
"14962","      981159  2"
"14963","      981159  3"
"14964","      982 23  3"
"14965","      982 35  2"
"14966","      982 42  2"
"14967","      982 54  4"
"14968","      982 67  2"
"14969","      982 73  2"
"14970","      982 79  1"
"14971","      982 86  4"
"14972","      982105  3"
"14973","      982117  2"
"14974","      982124  3"
"14975","      982136  2"
"14976","      984  1  2"
"14977","      984  3  2"
"14978","      984  5  2"
"14979","      984  5  4"
"14980","      984  7  2"
"14981","      984  9  2"
"14982","      984 14  2"
"14983","      984 18  2"
"14984","      984 18  4"
"14985","      984 20  2"
"14986","      984 22  2"
"14987","      984 30  1"
"14988","      984 36  2"
"14989","      984 39  2"
"14990","      984 41  2"
"14991","      984 43  2"
"14992","      984 47  1"
"14993","      984 47  3"
"14994","      984 49  2"
"14995","      984 51  1"
"14996","      984 55  1"
"14997","      984 57  2"
"14998","      984 57  3"
"14999","      984 61  2"
"15000","      984 63  1"
"15001","      984 65  2"
"15002","      984 72  1"
"15003","      984 76  2"
"15004","      984 82  2"
"15005","      985  1  1"
"15006","      985  6  2"
"15007","      985  9  4"
"15008","      985 11  2"
"15009","      985 14  2"
"15010","      985 17  1"
"15011","      985 19  2"
"15012","      985 22  2"
"15013","      985 22  5"
"15014","      985 24  2"
"15015","      985 27  2"
"15016","      985 29  2"
"15017","      985 32  2"
"15018","      985 32  3"
"15019","      985 32  4"
"15020","      985 35  2"
"15021","      985 37  6"
"15022","      985 42  2"
"15023","      985 45  2"
"15024","      985 45  4"
"15025","      985 45  6"
"15026","      985 50  2"
"15027","      985 53  2"
"15028","      985 53  3"
"15029","      985 55  2"
"15030","      985 58  2"
"15031","      985 58  4"
"15032","      985 58  8"
"15033","      985 63  2"
"15034","      985 68  1"
"15035","      985 68  2"
"15036","      985 71  2"
"15037","      985 73  2"
"15038","      985 76  2"
"15039","      985 78  2"
"15040","      985 81  2"
"15041","      985 86  2"
"15042","      985 86  3"
"15043","      985 89  2"
"15044","      985 91  2"
"15045","      985 94  1"
"15046","      985 96  1"
"15047","      985 99  2"
"15048","      985101  2"
"15049","      986 18  2"
"15050","      986 19  2"
"15051","      986 20  2"
"15052","      986 20  3"
"15053","      986 21  1"
"15054","      986 22  2"
"15055","      986 23  2"
"15056","      986 24  2"
"15057","      986 41  2"
"15058","      986 42  2"
"15059","      986 44  2"
"15060","      986 46  2"
"15061","      986 65  2"
"15062","      986 66  2"
"15063","      986 69  2"
"15064","      986 70  2"
"15065","      986 72  2"
"15066","      986 97  2"
"15067","      986 97  3"
"15068","      986 98  2"
"15069","      986100  2"
"15070","      986101  2"
"15071","      986101  3"
"15072","      986102  2"
"15073","      986103  2"
"15074","      986104  2"
"15075","      986121  2"
"15076","      986122  2"
"15077","      989  1  2"
"15078","      989  4  2"
"15079","      989  6  5"
"15080","      989  8  1"
"15081","      989 25  2"
"15082","      989 25  3"
"15083","      989 25  4"
"15084","      989 26  2"
"15085","      989 27  2"
"15086","      989 28  6"
"15087","      989 30  2"
"15088","      989 32  2"
"15089","      989 45  5"
"15090","      989 57  3"
"15091","      989 58  2"
"15092","      989 59  2"
"15093","      989 63  2"
"15094","      989 84  1"
"15095","      989 84  2"
"15096","      990  2  2"
"15097","      990  4  2"
"15098","      990  4  3"
"15099","      990  4  4"
"15100","      990  4  7"
"15101","      990  5  2"
"15102","      990  5  4"
"15103","      990  6  2"
"15104","      990  7  2"
"15105","      990 26  5"
"15106","      990 26  6"
"15107","      990 27  2"
"15108","      990 28  2"
"15109","      990 30  2"
"15110","      990 31  2"
"15111","      990 32  2"
"15112","      990 41  2"
"15113","      990 42  2"
"15114","      990 43  1"
"15115","      990 44  2"
"15116","      990 44  3"
"15117","      990 45  2"
"15118","      991  1  2"
"15119","      991  2  1"
"15120","      991  2  2"
"15121","      991  3  3"
"15122","      991  7  2"
"15123","      991 22  2"
"15124","      991 24  3"
"15125","      991 33  1"
"15126","      991 36  2"
"15127","      991 36  4"
"15128","      991 37  3"
"15129","      991 39  3"
"15130","      991 50  2"
"15131","      991 53  2"
"15132","      991 56  2"
"15133","      991 56  5"
"15134","      992  9  3"
"15135","      992 14  2"
"15136","      992 15  1"
"15137","      992 25  2"
"15138","      992 26  1"
"15139","      992 27  2"
"15140","      992 28  2"
"15141","      992 35  2"
"15142","      992 37  2"
"15143","      992 37  3"
"15144","      992 50  2"
"15145","      992 51  2"
"15146","      992 53  2"
"15147","      992 53  3"
"15148","      992 54  2"
"15149","      992 56  2"
"15150","      994  1  2"
"15151","      994  1  5"
"15152","      994  3  1"
"15153","      994  4  2"
"15154","      994 25  2"
"15155","      994 30  2"
"15156","      994 49  2"
"15157","      994 49  7"
"15158","      994 50  2"
"15159","      994 51  2"
"15160","      994 52  2"
"15161","      994 54  2"
"15162","      994 73  2"
"15163","      994 74  1"
"15164","      994 76  2"
"15165","      994 77  2"
"15166","      994 77  4"
"15167","      994 78  2"
"15168","      994107  3"
"15169","      994108  2"
"15170","      994109  5"
"15171","      994110  1"
"15172","      994110  2"
"15173","      994111  2"
"15174","      994112  2"
"15175","      994112  5"
"15176","      995  2  4"
"15177","      995  4  1"
"15178","      995  5  2"
"15179","      995  7  2"
"15180","      995  7  6"
"15181","      995 27  1"
"15182","      995 28  2"
"15183","      995 31  2"
"15184","      995 32  2"
"15185","      995 49  2"
"15186","      995 49  3"
"15187","      995 51  2"
"15188","      995 53  2"
"15189","      995 53  3"
"15190","      995 53  4"
"15191","      995 54  2"
"15192","      995 55  1"
"15193","      995 55  4"
"15194","      995 56  2"
"15195","      995 65  2"
"15196","      995 65  3"
"15197","      995 65  8"
"15198","      995 66  7"
"15199","      995 66  8"
"15200","      995 66 11"
"15201","      995 67  2"
"15202","      995 68  2"
"15203","      996  2  2"
"15204","      996  3  2"
"15205","      996  5  2"
"15206","      996  5  3"
"15207","      996  6  2"
"15208","      996  6  4"
"15209","      996  6  7"
"15210","      996  7  2"
"15211","      996  8  2"
"15212","      996 25  2"
"15213","      996 27  2"
"15214","      996 28  1"
"15215","      996 29  2"
"15216","      996 31  2"
"15217","      996 32  2"
"15218","      996 50  2"
"15219","      996 52  2"
"15220","      996 53  2"
"15221","      996 55  2"
"15222","      999 52  2"
"15223","      999 56  2"
"15224","      999130  1"
"15225","      999131  2"
"15226","      999134  2"
"15227","      999135  3"
"15228","      999136  2"
"15229","      999202  2"
"15230","      999203  2"
"15231","      999204  2"
"15232","      999206  1"
"15233","      999207  1"
"15234","      999209  1"
"15235","      999210  2"
"15236","      999211  2"
"15237","     1000  9  2"
"15238","     1000 10  2"
"15239","     1000 13  2"
"15240","     1000 14  1"
"15241","     1000 15  2"
"15242","     1000 16  2"
"15243","     1000 17  4"
"15244","     1000 17  6"
"15245","     1000 17  7"
"15246","     1000 82  2"
"15247","     1000 84  2"
"15248","     1000 84  4"
"15249","     1000 85  2"
"15250","     1000 89  1"
"15251","     1001 17  2"
"15252","     1001 17  6"
"15253","     1001 18  1"
"15254","     1001 19  2"
"15255","     1001 20  2"
"15256","     1001 21  2"
"15257","     1001 22  2"
"15258","     1001 23  2"
"15259","     1001 24  4"
"15260","     1004 42  2"
"15261","     1004 43  2"
"15262","     1004 44  2"
"15263","     1004 45  2"
"15264","     1004 46  2"
"15265","     1004 47  2"
"15266","     1004 48  2"
"15267","     1004 48  7"
"15268","     1004 49  2"
"15269","     1004127  2"
"15270","     1005  2  2"
"15271","     1005  2  3"
"15272","     1005 15  1"
"15273","     1005 21  2"
"15274","     1005 25  2"
"15275","     1005 28  2"
"15276","     1005 28  3"
"15277","     1005 34  4"
"15278","     1005 41  2"
"15279","     1005 51  2"
"15280","     1005 51  4"
"15281","     1005 57  3"
"15282","     1005 67  2"
"15283","     1005 70  1"
"15284","     1005 73  1"
"15285","     1005 73  3"
"15286","     1005 76  2"
"15287","     1005 80  2"
"15288","     1005 80  5"
"15289","     1005 93  2"
"15290","     1005 96  2"
"15291","     1005 99  2"
"15292","     1005109  2"
"15293","     1005109  4"
"15294","     1006  3  2"
"15295","     1006  6  3"
"15296","     1006  6  4"
"15297","     1006 11  2"
"15298","     1006 20  3"
"15299","     1006 31  2"
"15300","     1006 31  4"
"15301","     1006 34  3"
"15302","     1006 34  4"
"15303","     1006 37  3"
"15304","     1006 46  2"
"15305","     1006 46  5"
"15306","     1006 54  3"
"15307","     1006 54  5"
"15308","     1006 54  7"
"15309","     1009  7  3"
"15310","     1009  7  5"
"15311","     1009 13  4"
"15312","     1009 19  3"
"15313","     1009 19  5"
"15314","     1009 22  2"
"15315","     1009 28  2"
"15316","     1009 31  2"
"15317","     1009 35  1"
"15318","     1009 38  2"
"15319","     1009 41  2"
"15320","     1009 41  4"
"15321","     1009 50  5"
"15322","     1009 56  2"
"15323","     1009 59  2"
"15324","     1009 59  3"
"15325","     1009 65  1"
"15326","     1009 65  2"
"15327","     1009 68  2"
"15328","     1009 68  5"
"15329","     1009 71  2"
"15330","     1010  1  2"
"15331","     1010  4  1"
"15332","     1010  7  1"
"15333","     1010 10  3"
"15334","     1010 13  6"
"15335","     1010 24  2"
"15336","     1010 27  2"
"15337","     1010 33  3"
"15338","     1010 35  2"
"15339","     1010 38  2"
"15340","     1010 44  2"
"15341","     1010 44  5"
"15342","     1010 47  2"
"15343","     1010 50  2"
"15344","     1010 56  2"
"15345","     1010 56  3"
"15346","     1010 58  2"
"15347","     1010 58  3"
"15348","     1010 64  2"
"15349","     1010 64  3"
"15350","     1011  3  2"
"15351","     1011  3  5"
"15352","     1011  6  4"
"15353","     1011 12  2"
"15354","     1011 15  3"
"15355","     1011 18  1"
"15356","     1011 21  3"
"15357","     1011 24  2"
"15358","     1011 27  2"
"15359","     1011 30  3"
"15360","     1011 33  2"
"15361","     1011 33  6"
"15362","     1011 36  2"
"15363","     1011 40  2"
"15364","     1011 40  4"
"15365","     1011 49  1"
"15366","     1011 55  2"
"15367","     1011 61  3"
"15368","     1011 61  5"
"15369","     1011 61  6"
"15370","     1011 64  2"
"15371","     1011 64  3"
"15372","     1011 67  2"
"15373","     1011 73  2"
"15374","     1011 95  2"
"15375","     1011 98  2"
"15376","     1014  2  1"
"15377","     1014  2  3"
"15378","     1014  4  1"
"15379","     1014  6  2"
"15380","     1014  8  1"
"15381","     1014 10  2"
"15382","     1014 12  1"
"15383","     1014 14  2"
"15384","     1014 16  2"
"15385","     1014 18  2"
"15386","     1014 20  2"
"15387","     1014 22  2"
"15388","     1014 24  1"
"15389","     1014 24  2"
"15390","     1014 26  2"
"15391","     1014 28  2"
"15392","     1014 28  3"
"15393","     1014 30  2"
"15394","     1014 30  3"
"15395","     1014 32  1"
"15396","     1014 34  2"
"15397","     1014 34  3"
"15398","     1014 40  1"
"15399","     1014 42  2"
"15400","     1014 44  1"
"15401","     1014 46  1"
"15402","     1014 46  2"
"15403","     1014 48  2"
"15404","     1014 52  1"
"15405","     1014 54  2"
"15406","     1014 61  2"
"15407","     1014 63  1"
"15408","     1014 63  3"
"15409","     1014 67  2"
"15410","     1015  5  2"
"15411","     1015  5  3"
"15412","     1015  8  2"
"15413","     1015  8  3"
"15414","     1015 10  2"
"15415","     1015 13  2"
"15416","     1015 13  3"
"15417","     1015 16  2"
"15418","     1015 16  4"
"15419","     1015 16  5"
"15420","     1015 18  2"
"15421","     1015 21  5"
"15422","     1015 24  2"
"15423","     1015 24  3"
"15424","     1015 27  1"
"15425","     1015 29  2"
"15426","     1015 32  2"
"15427","     1015 35  2"
"15428","     1015 35  3"
"15429","     1015 37  2"
"15430","     1015 43  1"
"15431","     1015 45  2"
"15432","     1015 48  2"
"15433","     1015 48  3"
"15434","     1015 51  2"
"15435","     1016  1  2"
"15436","     1016  1  3"
"15437","     1016  4  2"
"15438","     1016  4  3"
"15439","     1016  8  2"
"15440","     1016  8  3"
"15441","     1016 10  2"
"15442","     1016 10  3"
"15443","     1016 12  2"
"15444","     1016 14  2"
"15445","     1016 16  2"
"15446","     1016 16  3"
"15447","     1016 21  2"
"15448","     1016 27  2"
"15449","     1016 31  4"
"15450","     1016 31  5"
"15451","     1016 36  2"
"15452","     1016 38  3"
"15453","     1016 38  4"
"15454","     1016 40  1"
"15455","     1016 42  2"
"15456","     1016 44  2"
"15457","     1016 46  2"
"15458","     1016 49  2"
"15459","     1016 49  4"
"15460","     1016 51  2"
"15461","     1016 51  5"
"15462","     1016 57  2"
"15463","     1016 59  2"
"15464","     1016 61  2"
"15465","     1017  4  2"
"15466","     1017  4  3"
"15467","     1017  8  2"
"15468","     1017  8  4"
"15469","     1017  9  1"
"15470","     1017 11  2"
"15471","     1017 15  2"
"15472","     1017 17  2"
"15473","     1017 19  2"
"15474","     1017 21  2"
"15475","     1017 23  2"
"15476","     1017 25  2"
"15477","     1017 27  1"
"15478","     1017 29  2"
"15479","     1017 29  3"
"15480","     1017 30  2"
"15481","     1017 32  2"
"15482","     1017 34  2"
"15483","     1017 36  1"
"15484","     1017 40  1"
"15485","     1017 42  2"
"15486","     1017 44  2"
"15487","     1017 44  3"
"15488","     1017 46  2"
"15489","     1017 50  2"
"15490","     1017 51  3"
"15491","     1017 53  2"
"15492","     1017 53  3"
"15493","     1017 55  1"
"15494","     1017 57  2"
"15495","     1017 61  2"
"15496","     1017 63  2"
"15497","     1017 63  4"
"15498","     1019  1  2"
"15499","     1019  7  2"
"15500","     1019 10  1"
"15501","     1019 13  2"
"15502","     1019 16  2"
"15503","     1019 22  2"
"15504","     1019 25  2"
"15505","     1019 34  1"
"15506","     1019 43  1"
"15507","     1019 43  2"
"15508","     1019 43  3"
"15509","     1019 49  2"
"15510","     1019 49  3"
"15511","     1019 52  2"
"15512","     1019 55  2"
"15513","     1019 64  2"
"15514","     1019 64  3"
"15515","     1020  1  2"
"15516","     1020  1  4"
"15517","     1020  4  2"
"15518","     1020  6  1"
"15519","     1020  6  2"
"15520","     1020  9  1"
"15521","     1020 14  3"
"15522","     1020 14  4"
"15523","     1020 14  5"
"15524","     1020 19  2"
"15525","     1020 19  3"
"15526","     1020 21  2"
"15527","     1020 29  2"
"15528","     1020 31  2"
"15529","     1020 31  4"
"15530","     1020 34  3"
"15531","     1020 39  2"
"15532","     1020 44  2"
"15533","     1020 44  5"
"15534","     1020 46  1"
"15535","     1020 46  3"
"15536","     1020 49  2"
"15537","     1020 49  5"
"15538","     1020 51  2"
"15539","     1020 51  4"
"15540","     1020 54  1"
"15541","     1020 56  2"
"15542","     1020 56  3"
"15543","     1020 59  4"
"15544","     1020 59  5"
"15545","     1020 64  4"
"15546","     1020 69  4"
"15547","     1021  2  2"
"15548","     1021  5  1"
"15549","     1021  7  3"
"15550","     1021  7  4"
"15551","     1021 10  3"
"15552","     1021 10  7"
"15553","     1021 13  1"
"15554","     1021 16  2"
"15555","     1021 18  5"
"15556","     1021 18  9"
"15557","     1021 18 17"
"15558","     1021 21  2"
"15559","     1021 24  2"
"15560","     1021 24  3"
"15561","     1021 27  2"
"15562","     1021 30  2"
"15563","     1021 30  4"
"15564","     1021 32  2"
"15565","     1021 44  2"
"15566","     1021 49  2"
"15567","     1021 49  6"
"15568","     1021 55  2"
"15569","     1021 60  1"
"15570","     1021 69  4"
"15571","     1021 69  5"
"15572","     1021 74  3"
"15573","     1021 77  2"
"15574","     1021 88  2"
"15575","     1021 91  2"
"15576","     1021 94  2"
"15577","     1021 96  1"
"15578","     1021 99  4"
"15579","     1024  2  3"
"15580","     1024  8  4"
"15581","     1024  8  8"
"15582","     1024 11  2"
"15583","     1024 22  2"
"15584","     1024 25  4"
"15585","     1024 28  1"
"15586","     1024 31  3"
"15587","     1024 40  2"
"15588","     1024 40  5"
"15589","     1024 43  2"
"15590","     1024 54  3"
"15591","     1024 57  2"
"15592","     1024 57  3"
"15593","     1024 60  2"
"15594","     1024 66  2"
"15595","     1024 68  2"
"15596","     1024 71  1"
"15597","     1025  1  2"
"15598","     1025  4  2"
"15599","     1025  7  2"
"15600","     1025 12  2"
"15601","     1025 12  3"
"15602","     1025 12  4"
"15603","     1025 23  2"
"15604","     1025 23  3"
"15605","     1025 23  4"
"15606","     1025 23  5"
"15607","     1025 26  2"
"15608","     1025 28  2"
"15609","     1025 28  6"
"15610","     1025 34  2"
"15611","     1025 36  1"
"15612","     1025 36  3"
"15613","     1025 39  2"
"15614","     1025 42  2"
"15615","     1025 42  4"
"15616","     1025 44  2"
"15617","     1025 47  2"
"15618","     1025 47  4"
"15619","     1025 50  2"
"15620","     1025 53  2"
"15621","     1025 58  2"
"15622","     1025 63  4"
"15623","     1025 69  1"
"15624","     1025 71  2"
"15625","     1025 74  1"
"15626","     1025 74  3"
"15627","     1025 77  2"
"15628","     1025 80  2"
"15629","     1025 82  4"
"15630","     1025 85  2"
"15631","     1025 88  1"
"15632","     1025 93  3"
"15633","     1025 93  4"
"15634","     1025 98  2"
"15635","     1025 98  8"
"15636","     1025101  1"
"15637","     1025104  2"
"15638","     1025104  3"
"15639","     1025104  4"
"15640","     1025107  2"
"15641","     1026  1  3"
"15642","     1026  3  3"
"15643","     1026  5  1"
"15644","     1026  9  1"
"15645","     1026 11  2"
"15646","     1026 17  2"
"15647","     1026 19  2"
"15648","     1026 19  3"
"15649","     1026 21  3"
"15650","     1026 25  2"
"15651","     1026 27  2"
"15652","     1026 29  2"
"15653","     1026 33  2"
"15654","     1026 33  3"
"15655","     1026 35  1"
"15656","     1026 35  2"
"15657","     1026 37  2"
"15658","     1026 39  2"
"15659","     1026 45  2"
"15660","     1026 49  2"
"15661","     1026 53  1"
"15662","     1026 54  2"
"15663","     1026 56  2"
"15664","     1026 58  2"
"15665","     1026 60  2"
"15666","     1026 62  2"
"15667","     1026 64  2"
"15668","     1029  2  2"
"15669","     1029  8  1"
"15670","     1029 11  2"
"15671","     1029 17  2"
"15672","     1029 22  1"
"15673","     1029 28  1"
"15674","     1029 31  1"
"15675","     1029 34  1"
"15676","     1029 37  2"
"15677","     1029 42  2"
"15678","     1029 42  4"
"15679","     1029 45  1"
"15680","     1029 51  3"
"15681","     1029 54  1"
"15682","     1029 57  2"
"15683","     1029 57  6"
"15684","     1029 63  1"
"15685","     1029 63  4"
"15686","     1029 68  2"
"15687","     1030  1  1"
"15688","     1030  1  4"
"15689","     1030  4  2"
"15690","     1030  4  3"
"15691","     1030  6  2"
"15692","     1030  9  2"
"15693","     1030 11  3"
"15694","     1030 17  2"
"15695","     1030 19  1"
"15696","     1030 19  3"
"15697","     1030 22  2"
"15698","     1030 27  2"
"15699","     1030 37  3"
"15700","     1030 45  1"
"15701","     1030 45  2"
"15702","     1030 48  2"
"15703","     1030 48  3"
"15704","     1030 50  2"
"15705","     1030 53  4"
"15706","     1030 55  2"
"15707","     1030 58  2"
"15708","     1030 60  2"
"15709","     1030 60  4"
"15710","     1030 66  2"
"15711","     1031  1  1"
"15712","     1031  1  2"
"15713","     1031  3  1"
"15714","     1031  5  2"
"15715","     1031  8  2"
"15716","     1031 10  1"
"15717","     1031 12  2"
"15718","     1031 12  3"
"15719","     1031 20  2"
"15720","     1031 25  2"
"15721","     1031 25  7"
"15722","     1031 27  2"
"15723","     1031 31  2"
"15724","     1031 31  4"
"15725","     1031 33  2"
"15726","     1031 35  2"
"15727","     1031 38  2"
"15728","     1031 40  2"
"15729","     1031 42  2"
"15730","     1031 44  3"
"15731","     1031 46  2"
"15732","     1031 46  3"
"15733","     1031 46  4"
"15734","     1031 48  3"
"15735","     1031 48  4"
"15736","     1031 53  2"
"15737","     1031 53  3"
"15738","     1031 55  4"
"15739","     1032  7  1"
"15740","     1032 10  2"
"15741","     1032 13  1"
"15742","     1032 13  2"
"15743","     1032 15  2"
"15744","     1032 16  2"
"15745","     1032 20  3"
"15746","     1032 21  2"
"15747","     1032 26  2"
"15748","     1032 26  5"
"15749","     1032 29  2"
"15750","     1032 30  2"
"15751","     1032 33  2"
"15752","     1032 35  2"
"15753","     1032 35  3"
"15754","     1032 43  5"
"15755","     1032 43  6"
"15756","     1032 47  2"
"15757","     1032 49  3"
"15758","     1032 52  2"
"15759","     1032 52  3"
"15760","     1032 52  4"
"15761","     1034  9  2"
"15762","     1034 12  3"
"15763","     1034 15  4"
"15764","     1034 15  6"
"15765","     1034 22  2"
"15766","     1034 25  2"
"15767","     1034 28  2"
"15768","     1034 48  2"
"15769","     1034 51  1"
"15770","     1034 51  2"
"15771","     1034 58  1"
"15772","     1034 58  2"
"15773","     1034 67  1"
"15774","     1034 71  2"
"15775","     1034 74  3"
"15776","     1034 74  4"
"15777","     1035  2  2"
"15778","     1035  6  2"
"15779","     1035  9  5"
"15780","     1035 15  2"
"15781","     1035 18  2"
"15782","     1035 21  5"
"15783","     1035 24  2"
"15784","     1035 24  3"
"15785","     1035 28  2"
"15786","     1035 28  5"
"15787","     1035 31  2"
"15788","     1035 31  4"
"15789","     1035 34  4"
"15790","     1035 37  2"
"15791","     1035 40  4"
"15792","     1035 43  3"
"15793","     1035 50  2"
"15794","     1035 53  3"
"15795","     1035 56  1"
"15796","     1035 56  2"
"15797","     1035 56  4"
"15798","     1035 59  3"
"15799","     1035 59  4"
"15800","     1035 62  2"
"15801","     1035 62  3"
"15802","     1035 62  4"
"15803","     1035 62  5"
"15804","     1035 62  6"
"15805","     1035 65  3"
"15806","     1035 65  4"
"15807","     1035 69  1"
"15808","     1035 72  3"
"15809","     1035 78  1"
"15810","     1035 84  2"
"15811","     1036  2  2"
"15812","     1036  7  2"
"15813","     1036 15  2"
"15814","     1036 24  3"
"15815","     1036 24  5"
"15816","     1036 28  2"
"15817","     1036 28  3"
"15818","     1036 36  2"
"15819","     1036 49  2"
"15820","     1036 58  2"
"15821","     1036 58  3"
"15822","     1036 62  2"
"15823","     1036 62  4"
"15824","     1036 66  4"
"15825","     1039  1  2"
"15826","     1039  7  4"
"15827","     1039 10  2"
"15828","     1039 10  3"
"15829","     1039 12  2"
"15830","     1039 12  3"
"15831","     1039 12  6"
"15832","     1039 17  2"
"15833","     1039 17  3"
"15834","     1039 19  2"
"15835","     1039 19  3"
"15836","     1039 23  2"
"15837","     1039 26  2"
"15838","     1039 31  2"
"15839","     1039 32  2"
"15840","     1039 32  3"
"15841","     1039 34  2"
"15842","     1039 34  3"
"15843","     1039 35  2"
"15844","     1040  1  3"
"15845","     1040  3  2"
"15846","     1040  5  2"
"15847","     1040 10  2"
"15848","     1040 12  1"
"15849","     1040 14  2"
"15850","     1040 16  2"
"15851","     1040 21  2"
"15852","     1040 31  2"
"15853","     1040 34  2"
"15854","     1040 36  2"
"15855","     1040 38  2"
"15856","     1040 42  2"
"15857","     1040 47  3"
"15858","     1040 49  2"
"15859","     1040 49  3"
"15860","     1040 49  5"
"15861","     1040 49  7"
"15862","     1040 55  2"
"15863","     1040 58  5"
"15864","     1040 60  1"
"15865","     1040 62  2"
"15866","     1040 62  3"
"15867","     1040 66  2"
"15868","     1040 68  2"
"15869","     1040 71  2"
"15870","     1040 73  2"
"15871","     1040 77  2"
"15872","     1040 79  2"
"15873","     1040 81  2"
"15874","     1040 84  2"
"15875","     1040 86  2"
"15876","     1041 18  2"
"15877","     1041 18  5"
"15878","     1041 20  3"
"15879","     1041 23  6"
"15880","     1041 23  8"
"15881","     1041 26  2"
"15882","     1041 26  5"
"15883","     1041 28  2"
"15884","     1041 28  3"
"15885","     1041 34  2"
"15886","     1041 34  4"
"15887","     1041 36  2"
"15888","     1041 39  2"
"15889","     1041 42  2"
"15890","     1041 47  2"
"15891","     1041 49  2"
"15892","     1044  4  2"
"15893","     1044  7  1"
"15894","     1044 10  1"
"15895","     1044 16  2"
"15896","     1044 18  3"
"15897","     1044 19  2"
"15898","     1044 21  1"
"15899","     1044 24  5"
"15900","     1044 29  2"
"15901","     1044 35  2"
"15902","     1044 35  4"
"15903","     1044 35  5"
"15904","     1044 39  1"
"15905","     1044 47  1"
"15906","     1044 48  1"
"15907","     1044 50  2"
"15908","     1044 51  3"
"15909","     1044 54  2"
"15910","     1044 56  3"
"15911","     1044 57  2"
"15912","     1044 59  2"
"15913","     1045  9  2"
"15914","     1045 11  3"
"15915","     1045 15  2"
"15916","     1045 17  3"
"15917","     1045 23  2"
"15918","     1045 25  1"
"15919","     1045 26  2"
"15920","     1045 26  4"
"15921","     1045 36  3"
"15922","     1045 42  2"
"15923","     1045 42  3"
"15924","     1045 42  4"
"15925","     1045 44  2"
"15926","     1045 49  2"
"15927","     1046  1  2"
"15928","     1046  4  2"
"15929","     1046  4  5"
"15930","     1046  4  7"
"15931","     1046  6  2"
"15932","     1046  6  6"
"15933","     1046  7  2"
"15934","     1046  8  2"
"15935","     1046 10  2"
"15936","     1046 14  4"
"15937","     1046 19  2"
"15938","     1046 19  7"
"15939","     1046 28  2"
"15940","     1046 29  2"
"15941","     1046 29  3"
"15942","     1046 31  2"
"15943","     1046 34  2"
"15944","     1046 34  3"
"15945","     1046 34  6"
"15946","     1046 36  4"
"15947","     1046 38  2"
"15948","     1046 41  3"
"15949","     1046 44  2"
"15950","     1046 44  5"
"15951","     1046 48  2"
"15952","     1046 48  5"
"15953","     1046 50  2"
"15954","     1046 51  2"
"15955","     1046 51  4"
"15956","     1046 53  2"
"15957","     1046 54  2"
"15958","     1046 54  3"
"15959","     1049  3  6"
"15960","     1049  4  2"
"15961","     1049  4  3"
"15962","     1049  6  1"
"15963","     1049  6  2"
"15964","     1049  7  2"
"15965","     1049  7  3"
"15966","     1049  8  2"
"15967","     1049 19  2"
"15968","     1049 20  2"
"15969","     1049 29  3"
"15970","     1049 32  1"
"15971","     1049 32  2"
"15972","     1049 42  2"
"15973","     1049 42  3"
"15974","     1049 44  2"
"15975","     1049 44  3"
"15976","     1049 47  2"
"15977","     1049 55  1"
"15978","     1050  2  2"
"15979","     1050  7  6"
"15980","     1050  8  2"
"15981","     1050 21  2"
"15982","     1050 23  2"
"15983","     1050 38  1"
"15984","     1050 49  2"
"15985","     1050 54  3"
"15986","     1050 66  2"
"15987","     1050 72  1"
"15988","     1051  9  2"
"15989","     1051 11  2"
"15990","     1051 25  5"
"15991","     1051 26  2"
"15992","     1051 26  3"
"15993","     1051 27  2"
"15994","     1051 28  2"
"15995","     1051 29  2"
"15996","     1051 31  2"
"15997","     1051 32  2"
"15998","     1051 42  4"
"15999","     1051 45  2"
"16000","     1051 45  3"
"16001","     1051 47  2"
"16002","     1051 58  3"
"16003","     1051 74  2"
"16004","     1051 75  2"
"16005","     1052 33  3"
"16006","     1052 34  2"
"16007","     1052 35  2"
"16008","     1052 36  5"
"16009","     1052 37  2"
"16010","     1052 39  3"
"16011","     1052 39  6"
"16012","     1052 59  1"
"16013","     1052 62  2"
"16014","     1052 63  1"
"16015","     1052 81  2"
"16016","     1052 84  2"
"16017","     1052 86  2"
"16018","     1052 88  2"
"16019","     1054 11  2"
"16020","     1054 14  2"
"16021","     1054 25  2"
"16022","     1054 29  1"
"16023","     1054 31  2"
"16024","     1054 50  2"
"16025","     1054 51  2"
"16026","     1054 55  5"
"16027","     1054 56  3"
"16028","     1054 56  5"
"16029","     1054 67  3"
"16030","     1054 68  2"
"16031","     1054 68  4"
"16032","     1054 68  5"
"16033","     1054 70  3"
"16034","     1054 71  2"
"16035","     1054 72  3"
"16036","     1055  4  1"
"16037","     1055  8  2"
"16038","     1055  8  5"
"16039","     1055 12  2"
"16040","     1055 16  3"
"16041","     1055 16  5"
"16042","     1055 20  2"
"16043","     1055 20  3"
"16044","     1055 24  5"
"16045","     1055 24  6"
"16046","     1055 28  1"
"16047","     1055 36  2"
"16048","     1055 36  3"
"16049","     1055 36  4"
"16050","     1055 36  8"
"16051","     1055 40  3"
"16052","     1055 44  2"
"16053","     1055 52  1"
"16054","     1055 60  3"
"16055","     1055 68  2"
"16056","     1055 72  4"
"16057","     1055 76  2"
"16058","     1055 80  2"
"16059","     1055 80  5"
"16060","     1055 84  2"
"16061","     1055 88  2"
"16062","     1055 93  2"
"16063","     1056  2  3"
"16064","     1056  2  5"
"16065","     1056  6  2"
"16066","     1056  9  2"
"16067","     1056  9  3"
"16068","     1056 12  2"
"16069","     1056 16  1"
"16070","     1056 22  1"
"16071","     1056 22  2"
"16072","     1056 39  2"
"16073","     1056 43  2"
"16074","     1056 43  3"
"16075","     1056 46  2"
"16076","     1056 49  1"
"16077","     1056 53  2"
"16078","     1056 56  2"
"16079","     1056 63  2"
"16080","     1056 63  3"
"16081","     1056 70  1"
"16082","     1056 76  2"
"16083","     1056 80  2"
"16084","     1056 80  3"
"16085","     1056 83  2"
"16086","     1056 86  2"
"16087","     1056 86  3"
"16088","     1056 93  2"
"16089","     1056 96  2"
"16090","     1056100  3"
"16091","     1056103  2"
"16092","     1056106  2"
"16093","     1056110  2"
"16094","     1056110  3"
"16095","     1056110  6"
"16096","     1056113  2"
"16097","     1056117  3"
"16098","     1056120  3"
"16099","     1056120  4"
"16100","     1056120  6"
"16101","     1057  6  2"
"16102","     1057  6  4"
"16103","     1057  9  5"
"16104","     1057 12  2"
"16105","     1057 18  1"
"16106","     1057 21  2"
"16107","     1057 24  3"
"16108","     1057 24  5"
"16109","     1057 27  1"
"16110","     1057 27  2"
"16111","     1057 30  2"
"16112","     1057 33  3"
"16113","     1057 33  4"
"16114","     1057 33  7"
"16115","     1057 45  2"
"16116","     1057 48  7"
"16117","     1057 51  2"
"16118","     1057 54  2"
"16119","     1057 60  2"
"16120","     1057 63  1"
"16121","     1057 66  4"
"16122","     1057 66  5"
"16123","     1057 69  2"
"16124","     1057 69  3"
"16125","     1057 69  4"
"16126","     1057 75  2"
"16127","     1057 75  4"
"16128","     1057 78  2"
"16129","     1059  3  2"
"16130","     1059  3  7"
"16131","     1059 12  1"
"16132","     1059 15  2"
"16133","     1059 18  2"
"16134","     1059 21  1"
"16135","     1059 21  2"
"16136","     1059 27  2"
"16137","     1059 30  2"
"16138","     1059 33  2"
"16139","     1059 42  2"
"16140","     1059 48  1"
"16141","     1059 54  2"
"16142","     1059 54  4"
"16143","     1059 57  3"
"16144","     1059 63  2"
"16145","     1059 63  6"
"16146","     1059 66  1"
"16147","     1059 72  2"
"16148","     1059 75  2"
"16149","     1059 75  5"
"16150","     1060  2  2"
"16151","     1060  2  3"
"16152","     1060  2  5"
"16153","     1060  2  6"
"16154","     1060  5  2"
"16155","     1060  5  3"
"16156","     1060  8  1"
"16157","     1060 12  2"
"16158","     1060 18  3"
"16159","     1060 18  8"
"16160","     1060 22  2"
"16161","     1060 25  3"
"16162","     1060 28  2"
"16163","     1060 28  6"
"16164","     1060 28  7"
"16165","     1060 32  2"
"16166","     1060 32  3"
"16167","     1060 35  2"
"16168","     1060 38  2"
"16169","     1060 42  2"
"16170","     1060 45  2"
"16171","     1060 45  4"
"16172","     1060 48  2"
"16173","     1060 52  2"
"16174","     1060 55  2"
"16175","     1061  2  2"
"16176","     1061  2  3"
"16177","     1061  6  3"
"16178","     1061  6  4"
"16179","     1061  6  6"
"16180","     1061 10  3"
"16181","     1061 10  5"
"16182","     1061 19  2"
"16183","     1061 23  2"
"16184","     1061 27  1"
"16185","     1061 31  2"
"16186","     1061 35  2"
"16187","     1061 40  2"
"16188","     1061 44  2"
"16189","     1061 44  3"
"16190","     1061 52  3"
"16191","     1061 56  1"
"16192","     1061 56  2"
"16193","     1061 60  2"
"16194","     1061 69  2"
"16195","     1064  4  2"
"16196","     1064  7  2"
"16197","     1064  7  4"
"16198","     1064 11  3"
"16199","     1064 14  2"
"16200","     1064 21  1"
"16201","     1064 21  2"
"16202","     1064 25  1"
"16203","     1064 32  2"
"16204","     1064 36  2"
"16205","     1064 39  1"
"16206","     1064 43  2"
"16207","     1064 43  3"
"16208","     1064 43  4"
"16209","     1064 46  2"
"16210","     1064 46  8"
"16211","     1064 50  1"
"16212","     1064 60  1"
"16213","     1064 64  2"
"16214","     1065 10  2"
"16215","     1065 10  3"
"16216","     1065 10  4"
"16217","     1065 14  1"
"16218","     1065 17  1"
"16219","     1065 21  1"
"16220","     1065 24  2"
"16221","     1065 31  2"
"16222","     1065 35  2"
"16223","     1065 39  1"
"16224","     1065 39  2"
"16225","     1065 42  2"
"16226","     1065 46  2"
"16227","     1065 49  1"
"16228","     1065 49  2"
"16229","     1065 53  2"
"16230","     1065 60  1"
"16231","     1065 67  1"
"16232","     1065 74  2"
"16233","     1065 78  1"
"16234","     1065 81  3"
"16235","     1065 85  2"
"16236","     1065 92  2"
"16237","     1065 95  2"
"16238","     1066  2  2"
"16239","     1066 10  2"
"16240","     1066 26  2"
"16241","     1066 26  3"
"16242","     1066 32  2"
"16243","     1066 35  2"
"16244","     1066 35  5"
"16245","     1066 37  2"
"16246","     1066 40  2"
"16247","     1066 43  2"
"16248","     1066 45  2"
"16249","     1066 54  3"
"16250","     1066 54  4"
"16251","     1066 54  7"
"16252","     1066 56  2"
"16253","     1066 56  5"
"16254","     1066 59  2"
"16255","     1066 59  3"
"16256","     1066 62  2"
"16257","     1066 65  2"
"16258","     1066 67  2"
"16259","     1066 67  5"
"16260","     1066 70  4"
"16261","     1066 73  1"
"16262","     1066 78  2"
"16263","     1067  7  1"
"16264","     1067 14  2"
"16265","     1067 18  1"
"16266","     1067 21  2"
"16267","     1067 25  1"
"16268","     1067 29  2"
"16269","     1067 32  2"
"16270","     1067 36  2"
"16271","     1067 40  5"
"16272","     1067 43  2"
"16273","     1067 47  1"
"16274","     1067 50  2"
"16275","     1067 54  2"
"16276","     1067 65  2"
"16277","     1067 68  2"
"16278","     1067 69  2"
"16279","     1067 72  2"
"16280","     1067 76  4"
"16281","     1067 76  6"
"16282","     1067 83  2"
"16283","     1067 87  1"
"16284","     1067 94  2"
"16285","     1067102  1"
"16286","     1067102  2"
"16287","     1067105  2"
"16288","     1067109  1"
"16289","     1067116  3"
"16290","     1067116  4"
"16291","     1067116  5"
"16292","     1067120  2"
"16293","     1067131  4"
"16294","     1067134  2"
"16295","     1067134  3"
"16296","     1067142  3"
"16297","     1067145  2"
"16298","     1067145  3"
"16299","     1069  2  5"
"16300","     1069  7  4"
"16301","     1069  9  2"
"16302","     1069 14  2"
"16303","     1069 16  2"
"16304","     1069 18  2"
"16305","     1069 23  2"
"16306","     1069 26  2"
"16307","     1069 28  2"
"16308","     1069 33  2"
"16309","     1069 35  1"
"16310","     1069 37  2"
"16311","     1069 40  2"
"16312","     1069 42  2"
"16313","     1069 45  2"
"16314","     1069 47  2"
"16315","     1069 52  1"
"16316","     1069 66  2"
"16317","     1069 66  4"
"16318","     1069 68  2"
"16319","     1069 73  3"
"16320","     1069 75  3"
"16321","     1069 90  1"
"16322","     1069 92  2"
"16323","     1069 92  3"
"16324","     1069 92  4"
"16325","     1069 94  2"
"16326","     1069 94  3"
"16327","     1069 94  5"
"16328","     1070  1  2"
"16329","     1070  5  6"
"16330","     1070  7  2"
"16331","     1070 13  1"
"16332","     1070 13  2"
"16333","     1070 15  2"
"16334","     1070 19  6"
"16335","     1070 23  2"
"16336","     1070 25  3"
"16337","     1070 29  4"
"16338","     1070 31  2"
"16339","     1070 35  2"
"16340","     1070 37  2"
"16341","     1070 41  4"
"16342","     1070 43  2"
"16343","     1070 43  3"
"16344","     1070 47  3"
"16345","     1070 51  2"
"16346","     1070 53  2"
"16347","     1070 53  3"
"16348","     1070 53  4"
"16349","     1071  7  2"
"16350","     1071 14  2"
"16351","     1071 18  2"
"16352","     1071 29  2"
"16353","     1071 33  2"
"16354","     1071 41  2"
"16355","     1071 52  2"
"16356","     1071 56  2"
"16357","     1071 60  2"
"16358","     1071 63  2"
"16359","     1071 63  3"
"16360","     1071 63  5"
"16361","     1071 71  2"
"16362","     1071 75  1"
"16363","     1071 82  2"
"16364","     1071 86  2"
"16365","     1071101  2"
"16366","     1071109  1"
"16367","     1071112  2"
"16368","     1071116  3"
"16369","     1071116  4"
"16370","     1071116  5"
"16371","     1071120  2"
"16372","     1071120  3"
"16373","     1071131  2"
"16374","     1071131  3"
"16375","     1071131  4"
"16376","     1071135  1"
"16377","     1071139  2"
"16378","     1071143  2"
"16379","     1071143  3"
"16380","     1071143  6"
"16381","     1071146  1"
"16382","     1071146  2"
"16383","     1074  1  2"
"16384","     1074  1  3"
"16385","     1074 15  2"
"16386","     1074 20  2"
"16387","     1074 24  2"
"16388","     1074 29  2"
"16389","     1074 33  4"
"16390","     1074 38  2"
"16391","     1074 38  3"
"16392","     1074 38  4"
"16393","     1074 38  7"
"16394","     1074 43  2"
"16395","     1074 43  4"
"16396","     1074 47  2"
"16397","     1074 47  5"
"16398","     1074 57  2"
"16399","     1074 57  3"
"16400","     1074 61  2"
"16401","     1074 61  5"
"16402","     1074 66  2"
"16403","     1074 66  3"
"16404","     1074 70  2"
"16405","     1075  1  2"
"16406","     1075  3  2"
"16407","     1075  5  4"
"16408","     1075  5  7"
"16409","     1075  7  2"
"16410","     1075  9  1"
"16411","     1075  9  3"
"16412","     1075  9  4"
"16413","     1075 11  2"
"16414","     1075 11  4"
"16415","     1075 13  2"
"16416","     1075 14  5"
"16417","     1075 14  8"
"16418","     1075 16  3"
"16419","     1075 18  2"
"16420","     1075 20  2"
"16421","     1075 20  6"
"16422","     1075 22  1"
"16423","     1075 24  1"
"16424","     1075 24  3"
"16425","     1075 25  2"
"16426","     1075 27  2"
"16427","     1075 31  2"
"16428","     1075 35  2"
"16429","     1075 40  1"
"16430","     1075 44  5"
"16431","     1075 46  2"
"16432","     1075 48  2"
"16433","     1075 50  2"
"16434","     1075 51  2"
"16435","     1075 53  2"
"16436","     1075 55  2"
"16437","     1075 57  3"
"16438","     1075 57  7"
"16439","     1075 61  2"
"16440","     1075 62  2"
"16441","     1075 64  2"
"16442","     1075 68  1"
"16443","     1075 68  2"
"16444","     1075 70  2"
"16445","     1075 74  2"
"16446","     1076  1  2"
"16447","     1076  4  2"
"16448","     1076  7  2"
"16449","     1076 11  2"
"16450","     1076 14  2"
"16451","     1076 14  5"
"16452","     1076 17  2"
"16453","     1076 23  2"
"16454","     1076 30  2"
"16455","     1076 33  2"
"16456","     1076 39  2"
"16457","     1076 39  3"
"16458","     1076 42  2"
"16459","     1076 42  5"
"16460","     1076 45  3"
"16461","     1076 48  2"
"16462","     1076 52  2"
"16463","     1076 55  2"
"16464","     1076 61  2"
"16465","     1076 64  1"
"16466","     1076 64  2"
"16467","     1076 67  2"
"16468","     1076 70  2"
"16469","     1076 70  3"
"16470","     1076 74  2"
"16471","     1076 77  2"
"16472","     1076 83  2"
"16473","     1076 83  6"
"16474","     1079  1  2"
"16475","     1079  5  2"
"16476","     1079  5  3"
"16477","     1079  8  7"
"16478","     1079 12  2"
"16479","     1079 15  1"
"16480","     1079 19  2"
"16481","     1079 25  2"
"16482","     1079 25  4"
"16483","     1079 29  4"
"16484","     1079 32  2"
"16485","     1079 42  2"
"16486","     1079 46  2"
"16487","     1079 56  2"
"16488","     1079 60  2"
"16489","     1079 77  2"
"16490","     1080  6  2"
"16491","     1080 14  2"
"16492","     1080 19  2"
"16493","     1080 21  2"
"16494","     1080 26  1"
"16495","     1080 28  2"
"16496","     1080 31  2"
"16497","     1080 36  2"
"16498","     1081  2  2"
"16499","     1081  4  2"
"16500","     1081  9  1"
"16501","     1081 14  2"
"16502","     1081 22  3"
"16503","     1081 24  2"
"16504","     1081 37  2"
"16505","     1081 45  3"
"16506","     1081 55  2"
"16507","     1081 57  3"
"16508","     1081 62  1"
"16509","     1081 65  2"
"16510","     1081 67  2"
"16511","     1082  7  2"
"16512","     1082 13  2"
"16513","     1082 16  2"
"16514","     1082 21  2"
"16515","     1082 25  1"
"16516","     1082 30  2"
"16517","     1082 34  2"
"16518","     1082 52  2"
"16519","     1082 75  2"
"16520","     1082 93  2"
"16521","     1082106  1"
"16522","     1082133  1"
"16523","     1082133  2"
"16524","     1082142  2"
"16525","     1082169  2"
"16526","     1082169  4"
"16527","     1082178  4"
"16528","     1084  1  1"
"16529","     1084  1  3"
"16530","     1084  1  7"
"16531","     1084  4  2"
"16532","     1084  4  3"
"16533","     1084  4  4"
"16534","     1084  6  2"
"16535","     1084  8  2"
"16536","     1084  8  3"
"16537","     1084 13  4"
"16538","     1084 18  2"
"16539","     1084 18  3"
"16540","     1084 23  2"
"16541","     1084 25  7"
"16542","     1084 28  2"
"16543","     1084 30  2"
"16544","     1084 33  5"
"16545","     1084 35  2"
"16546","     1084 38  4"
"16547","     1084 42  2"
"16548","     1084 45  2"
"16549","     1084 45  5"
"16550","     1085  5  4"
"16551","     1085 12  2"
"16552","     1085 12  4"
"16553","     1085 23  1"
"16554","     1085 26  2"
"16555","     1085 26  4"
"16556","     1085 26  5"
"16557","     1085 30  2"
"16558","     1085 33  1"
"16559","     1085 40  2"
"16560","     1085 44  2"
"16561","     1086  9  2"
"16562","     1086 11  1"
"16563","     1086 14  2"
"16564","     1086 15  2"
"16565","     1086 15  3"
"16566","     1086 33  2"
"16567","     1086 35  2"
"16568","     1086 39  2"
"16569","     1086 58  2"
"16570","     1086 60  2"
"16571","     1086 61  2"
"16572","     1086 84  2"
"16573","     1086 85  2"
"16574","     1089  9  2"
"16575","     1089 15  2"
"16576","     1089 27  2"
"16577","     1089 31  2"
"16578","     1089 32  2"
"16579","     1089 32  8"
"16580","     1089 43  2"
"16581","     1089 44  2"
"16582","     1089 45  2"
"16583","     1089 46  1"
"16584","     1089 47  1"
"16585","     1090  1  3"
"16586","     1090  1  5"
"16587","     1090  3  2"
"16588","     1090  4  3"
"16589","     1090  5  2"
"16590","     1090  6  2"
"16591","     1090 12  5"
"16592","     1090 13  3"
"16593","     1090 15  2"
"16594","     1090 16  3"
"16595","     1090 17  2"
"16596","     1090 18  2"
"16597","     1090 19  2"
"16598","     1090 20  1"
"16599","     1090 22  2"
"16600","     1090 27  2"
"16601","     1090 27  4"
"16602","     1090 29  2"
"16603","     1090 31  2"
"16604","     1091 10  2"
"16605","     1091 10  3"
"16606","     1091 11  2"
"16607","     1091 11  3"
"16608","     1091 13  2"
"16609","     1091 14  1"
"16610","     1091 16  2"
"16611","     1091 16  4"
"16612","     1091 49  1"
"16613","     1092 18  2"
"16614","     1092 21  2"
"16615","     1092 21  3"
"16616","     1092 21  7"
"16617","     1092 21  8"
"16618","     1092 22  2"
"16619","     1092 23  1"
"16620","     1094  4  2"
"16621","     1094  5  4"
"16622","     1094  5  6"
"16623","     1094  7  2"
"16624","     1094 17  2"
"16625","     1094 19  2"
"16626","     1094 23  2"
"16627","     1094 23  3"
"16628","     1094 44  2"
"16629","     1094 48  4"
"16630","     1094 48  5"
"16631","     1094 48  6"
"16632","     1094 57  2"
"16633","     1094 59  2"
"16634","     1094 60  2"
"16635","     1094 61  2"
"16636","     1094 64  2"
"16637","     1094 66  2"
"16638","     1095  1  2"
"16639","     1095  2  2"
"16640","     1095  3  2"
"16641","     1095  4  1"
"16642","     1095  5  2"
"16643","     1095  7  2"
"16644","     1095  8  2"
"16645","     1095 17  2"
"16646","     1095 17  3"
"16647","     1095 18  3"
"16648","     1095 18  4"
"16649","     1095 23  2"
"16650","     1095 24  3"
"16651","     1095 36  2"
"16652","     1095 39  2"
"16653","     1095 40  2"
"16654","     1095 40  3"
"16655","     1095 41  2"
"16656","     1095 41  6"
"16657","     1095 43  2"
"16658","     1095 44  2"
"16659","     1095 44  3"
"16660","     1095 46  3"
"16661","     1095 49  2"
"16662","     1096  3  2"
"16663","     1096  4  2"
"16664","     1096  5  2"
"16665","     1096  6  4"
"16666","     1096  7  2"
"16667","     1096  8  2"
"16668","     1096 10  3"
"16669","     1096 10  4"
"16670","     1096 10  7"
"16671","     1096 11  2"
"16672","     1096 11  3"
"16673","     1096 12  2"
"16674","     1096 13  2"
"16675","     1096 14  2"
"16676","     1096 17  1"
"16677","     1096 18  4"
"16678","     1096 20  3"
"16679","     1096 20  5"
"16680","     1096 23  2"
"16681","     1096 23  5"
"16682","     1096 24  2"
"16683","     1096 26  2"
"16684","     1096 26  4"
"16685","     1096 27  2"
"16686","     1096 27  7"
"16687","     1096 28  2"
"16688","     1096 29  2"
"16689","     1096 32  2"
"16690","     1096 35  2"
"16691","     1096 35  3"
"16692","     1099  1  2"
"16693","     1099  2  3"
"16694","     1099  3  2"
"16695","     1099  5  2"
"16696","     1099  6  2"
"16697","     1099  7  2"
"16698","     1099 27  2"
"16699","     1099 28  1"
"16700","     1099 29  2"
"16701","     1099 30  2"
"16702","     1099 30  3"
"16703","     1099 31  2"
"16704","     1099 31  7"
"16705","     1099 33  2"
"16706","     1099 51  1"
"16707","     1099 52  2"
"16708","     1099 52  4"
"16709","     1099 53  2"
"16710","     1099 54  2"
"16711","     1099 55  2"
"16712","     1099 56  2"
"16713","     1099 57  2"
"16714","     1099 58  3"
"16715","     1099 58  5"
"16716","     1100 11  2"
"16717","     1100 14  2"
"16718","     1100 17  2"
"16719","     1100 18  6"
"16720","     1100 19  1"
"16721","     1100 21  2"
"16722","     1100 22  2"
"16723","     1100 22  3"
"16724","     1100 34  1"
"16725","     1100 35  2"
"16726","     1100 38  2"
"16727","     1100 38  9"
"16728","     1100 39  2"
"16729","     1100 49  2"
"16730","     1100 51  5"
"16731","     1100 52  3"
"16732","     1100 52  4"
"16733","     1100 53  2"
"16734","     1100 54  2"
"16735","     1100 55  2"
"16736","     1100 65  2"
"16737","     1100 67  1"
"16738","     1100 68  2"
"16739","     1100 69  2"
"16740","     1100 70  2"
"16741","     1100 72  2"
"16742","     1101 11  2"
"16743","     1101 12  2"
"16744","     1101 13  2"
"16745","     1101 14  2"
"16746","     1101 16  2"
"16747","     1101 33  2"
"16748","     1101 34  2"
"16749","     1101 34  3"
"16750","     1101 37  2"
"16751","     1101 37  4"
"16752","     1101 39  2"
"16753","     1101 58  2"
"16754","     1101 59  2"
"16755","     1101 59  3"
"16756","     1101 61  2"
"16757","     1101 62  2"
"16758","     1101 62  3"
"16759","     1101 63  2"
"16760","     1101 64  2"
"16761","     1104  9  2"
"16762","     1104 11  2"
"16763","     1104 12  3"
"16764","     1104 13  2"
"16765","     1104 14  2"
"16766","     1104 49  2"
"16767","     1104 50  2"
"16768","     1104 51  2"
"16769","     1104 53  2"
"16770","     1104 53  4"
"16771","     1104 53  5"
"16772","     1104 54  1"
"16773","     1104 54  3"
"16774","     1104 54  6"
"16775","     1105  2  2"
"16776","     1105  4  2"
"16777","     1105  4  4"
"16778","     1105  6  2"
"16779","     1105  8  2"
"16780","     1105 10  1"
"16781","     1105 12  1"
"16782","     1105 12  2"
"16783","     1105 14  2"
"16784","     1105 14  4"
"16785","     1105 16  2"
"16786","     1105 20  2"
"16787","     1105 25  2"
"16788","     1105 27  2"
"16789","     1105 31  2"
"16790","     1105 31  5"
"16791","     1105 33  1"
"16792","     1105 33  4"
"16793","     1105 35  3"
"16794","     1105 37  3"
"16795","     1105 41  2"
"16796","     1105 43  2"
"16797","     1105 45  3"
"16798","     1105 45  4"
"16799","     1105 48  2"
"16800","     1105 50  2"
"16801","     1105 52  2"
"16802","     1105 56  3"
"16803","     1105 56  4"
"16804","     1105 60  2"
"16805","     1105 60  3"
"16806","     1105 60  4"
"16807","     1105 64  2"
"16808","     1106  1  1"
"16809","     1106  5  2"
"16810","     1106  8  2"
"16811","     1106 12  2"
"16812","     1106 23  2"
"16813","     1106 27  2"
"16814","     1106 34  1"
"16815","     1106 38  1"
"16816","     1106 49  2"
"16817","     1106 52  2"
"16818","     1106 56  2"
"16819","     1106 60  2"
"16820","     1106 60  5"
"16821","     1106 60  6"
"16822","     1106 63  3"
"16823","     1106 63  4"
"16824","     1106 63  5"
"16825","     1106 67  3"
"16826","     1106 74  2"
"16827","     1106 78  2"
"16828","     1106 81  2"
"16829","     1106 85  3"
"16830","     1106 85  5"
"16831","     1106 89  2"
"16832","     1106 89  5"
"16833","     1106 89  6"
"16834","     1106 92  5"
"16835","     1106 96  2"
"16836","     1106100  5"
"16837","     1106100  6"
"16838","     1106100  7"
"16839","     1106103  4"
"16840","     1106111  1"
"16841","     1107  7  2"
"16842","     1107  9  2"
"16843","     1107 11  2"
"16844","     1107 11  3"
"16845","     1107 15  3"
"16846","     1107 17  2"
"16847","     1107 20  5"
"16848","     1107 22  4"
"16849","     1107 22  7"
"16850","     1107 26  2"
"16851","     1107 30  2"
"16852","     1107 30  4"
"16853","     1107 30  7"
"16854","     1107 32  2"
"16855","     1107 36  2"
"16856","     1107 38  3"
"16857","     1107 38  4"
"16858","     1107 40  2"
"16859","     1107 42  2"
"16860","     1107 43  5"
"16861","     1107 45  2"
"16862","     1107 45  3"
"16863","     1107 49  2"
"16864","     1107 53  1"
"16865","     1107 57  2"
"16866","     1107 59  3"
"16867","     1107 59  4"
"16868","     1107 59  6"
"16869","     1107 61  2"
"16870","     1107 63  2"
"16871","     1107 63  6"
"16872","     1107 65  2"
"16873","     1107 67  2"
"16874","     1107 69  2"
"16875","     1107 70  3"
"16876","     1107 72  2"
"16877","     1107 74  2"
"16878","     1107 76  2"
"16879","     1107 76  3"
"16880","     1109  3  2"
"16881","     1109  8  2"
"16882","     1109  8  3"
"16883","     1109 17  2"
"16884","     1109 25  2"
"16885","     1109 25  3"
"16886","     1109 30  3"
"16887","     1109 34  2"
"16888","     1109 47  1"
"16889","     1109 56  3"
"16890","     1109 56  4"
"16891","     1109 56  5"
"16892","     1109 56 10"
"16893","     1109 60  4"
"16894","     1109 69  3"
"16895","     1110  8  4"
"16896","     1110 14  2"
"16897","     1110 20  2"
"16898","     1110 26  3"
"16899","     1110 32  2"
"16900","     1110 32  5"
"16901","     1110 38  2"
"16902","     1110 38  4"
"16903","     1110 44  2"
"16904","     1110 44  6"
"16905","     1110 68  2"
"16906","     1110 68  3"
"16907","     1111  3  2"
"16908","     1111  6  1"
"16909","     1111  6  4"
"16910","     1111 10  2"
"16911","     1111 13  3"
"16912","     1111 17  2"
"16913","     1111 24  2"
"16914","     1111 27  1"
"16915","     1111 31  2"
"16916","     1111 48  2"
"16917","     1111 48  5"
"16918","     1111 52  3"
"16919","     1111 52  4"
"16920","     1111 55  4"
"16921","     1111 59  2"
"16922","     1111 62  4"
"16923","     1111 66  2"
"16924","     1111 69  2"
"16925","     1111 80  2"
"16926","     1111 83  2"
"16927","     1111 87  2"
"16928","     1111 90  2"
"16929","     1111 90  4"
"16930","     1111 90  5"
"16931","     1111 94  1"
"16932","     1111 97  2"
"16933","     1114  2  2"
"16934","     1114  6  2"
"16935","     1114 14  2"
"16936","     1114 27  2"
"16937","     1114 31  2"
"16938","     1114 35  2"
"16939","     1114 43  2"
"16940","     1114 47  2"
"16941","     1114 51  1"
"16942","     1114 51  2"
"16943","     1114 51  3"
"16944","     1114 55  2"
"16945","     1114 55  6"
"16946","     1114 60  3"
"16947","     1114 63  1"
"16948","     1114 63  4"
"16949","     1114 63  8"
"16950","     1114 67  3"
"16951","     1114 75  3"
"16952","     1114 79  2"
"16953","     1114 79  4"
"16954","     1114 91  2"
"16955","     1114 91  6"
"16956","     1114 96  2"
"16957","     1114100  2"
"16958","     1114100  3"
"16959","     1114100  6"
"16960","     1114104  2"
"16961","     1115  8  2"
"16962","     1115 16  3"
"16963","     1115 20  1"
"16964","     1115 28  2"
"16965","     1115 28  3"
"16966","     1115 28  4"
"16967","     1115 28  5"
"16968","     1115 32  5"
"16969","     1115 37  3"
"16970","     1115 45  2"
"16971","     1115 45  3"
"16972","     1115 49  2"
"16973","     1115 53  2"
"16974","     1115 53  3"
"16975","     1115 57  2"
"16976","     1115 61  2"
"16977","     1115 61  7"
"16978","     1115 61  8"
"16979","     1115 61 13"
"16980","     1115 69  2"
"16981","     1115 73  2"
"16982","     1115 78  1"
"16983","     1115 82  2"
"16984","     1115 86  2"
"16985","     1115 86  3"
"16986","     1115 86  4"
"16987","     1115 86  5"
"16988","     1115 98  2"
"16989","     1115102  2"
"16990","     1115102  3"
"16991","     1115102  5"
"16992","     1115106  1"
"16993","     1115106  2"
"16994","     1115114  2"
"16995","     1115123  2"
"16996","     1115123  3"
"16997","     1115127  2"
"16998","     1116  1  8"
"16999","     1116  4  2"
"17000","     1116  4  3"
"17001","     1116  4  4"
"17002","     1116  4  6"
"17003","     1116 12  2"
"17004","     1116 17  2"
"17005","     1116 20  4"
"17006","     1116 22  2"
"17007","     1116 25  2"
"17008","     1116 30  3"
"17009","     1116 32  2"
"17010","     1116 35  2"
"17011","     1116 38  2"
"17012","     1116 40  2"
"17013","     1116 43  2"
"17014","     1116 45  2"
"17015","     1116 45  3"
"17016","     1116 45  4"
"17017","     1116 48  2"
"17018","     1116 51  2"
"17019","     1116 53  3"
"17020","     1116 56  2"
"17021","     1119  3  2"
"17022","     1119  6  2"
"17023","     1119 14  2"
"17024","     1119 17  2"
"17025","     1119 20  5"
"17026","     1119 20  6"
"17027","     1119 23  2"
"17028","     1119 29  3"
"17029","     1119 32  2"
"17030","     1119 32  5"
"17031","     1119 35  2"
"17032","     1119 38  2"
"17033","     1119 38  3"
"17034","     1119 38  4"
"17035","     1119 40  2"
"17036","     1119 40  3"
"17037","     1119 40  4"
"17038","     1119 43  2"
"17039","     1119 43  4"
"17040","     1119 43  7"
"17041","     1119 46  2"
"17042","     1119 46  3"
"17043","     1119 55  3"
"17044","     1119 58  2"
"17045","     1119 58  3"
"17046","     1119 61  2"
"17047","     1119 64  2"
"17048","     1119 64  7"
"17049","     1119 67  2"
"17050","     1119 69  2"
"17051","     1119 72  2"
"17052","     1119 72  3"
"17053","     1119 72  5"
"17054","     1119 78  2"
"17055","     1119 81  2"
"17056","     1120  2  1"
"17057","     1120 19  2"
"17058","     1120 19  3"
"17059","     1120 19  4"
"17060","     1120 23  2"
"17061","     1120 27  2"
"17062","     1120 36  2"
"17063","     1120 40  2"
"17064","     1120 44  1"
"17065","     1120 49  3"
"17066","     1120 53  2"
"17067","     1120 57  2"
"17068","     1120 66  2"
"17069","     1120 70  3"
"17070","     1120 74  2"
"17071","     1120 78  2"
"17072","     1120 83  2"
"17073","     1120 95  5"
"17074","     1121  7  3"
"17075","     1121 15  2"
"17076","     1121 24  2"
"17077","     1121 32  4"
"17078","     1121 32  7"
"17079","     1121 37  4"
"17080","     1121 45  1"
"17081","     1121 45  3"
"17082","     1121 50  1"
"17083","     1121 50  2"
"17084","     1121 54  2"
"17085","     1121 58  2"
"17086","     1121 63  3"
"17087","     1121 71  2"
"17088","     1121 80  2"
"17089","     1121 84  2"
"17090","     1121 89  2"
"17091","     1121 93  3"
"17092","     1121 93  4"
"17093","     1121 97  2"
"17094","     1121102  2"
"17095","     1121110  2"
"17096","     1121115  4"
"17097","     1121119  5"
"17098","     1121123  2"
"17099","     1121136  2"
"17100","     1121141  2"
"17101","     1121154  4"
"17102","     1121158  2"
"17103","     1121171  3"
"17104","     1121171  5"
"17105","     1122  6  2"
"17106","     1122  6  3"
"17107","     1122 10  2"
"17108","     1122 14  3"
"17109","     1122 19  2"
"17110","     1122 23  2"
"17111","     1122 27  3"
"17112","     1122 36  5"
"17113","     1122 40  2"
"17114","     1122 48  2"
"17115","     1122 53  2"
"17116","     1122 57  3"
"17117","     1122 61  2"
"17118","     1122 61  4"
"17119","     1122 70  2"
"17120","     1122 70  3"
"17121","     1122 74  3"
"17122","     1122 74  4"
"17123","     1122 78  4"
"17124","     1122 82  2"
"17125","     1122 82  4"
"17126","     1122 87  4"
"17127","     1122 91  2"
"17128","     1122 95  3"
"17129","     1124  3  6"
"17130","     1124 11  2"
"17131","     1124 11  3"
"17132","     1124 16  2"
"17133","     1124 20  3"
"17134","     1124 20  4"
"17135","     1124 24  1"
"17136","     1124 24  4"
"17137","     1124 29  3"
"17138","     1124 29  7"
"17139","     1124 29 11"
"17140","     1124 33  1"
"17141","     1124 33  2"
"17142","     1124 38  2"
"17143","     1124 42  3"
"17144","     1124 42  5"
"17145","     1124 46  2"
"17146","     1124 46  5"
"17147","     1124 51  2"
"17148","     1124 55  3"
"17149","     1124 60  5"
"17150","     1124 64  1"
"17151","     1124 64  3"
"17152","     1124 68  2"
"17153","     1124 73  2"
"17154","     1124 77  2"
"17155","     1124 81  1"
"17156","     1124 86  2"
"17157","     1124 90  2"
"17158","     1125  3  2"
"17159","     1125  7  2"
"17160","     1125 11  2"
"17161","     1125 11  5"
"17162","     1125 16  2"
"17163","     1125 24  2"
"17164","     1125 29  3"
"17165","     1125 33  3"
"17166","     1125 37  2"
"17167","     1125 42  2"
"17168","     1125 54  5"
"17169","     1125 63  2"
"17170","     1125 67  2"
"17171","     1125 67  4"
"17172","     1125 76  2"
"17173","     1125 76  7"
"17174","     1125 85  2"
"17175","     1125 85  3"
"17176","     1125 93  4"
"17177","     1125 93  7"
"17178","     1125 98  2"
"17179","     1125 98  3"
"17180","     1125 98  4"
"17181","     1125106  2"
"17182","     1125115  3"
"17183","     1125115  6"
"17184","     1125115  7"
"17185","     1125115  8"
"17186","     1125119  1"
"17187","     1125119  2"
"17188","     1125124  2"
"17189","     1125124  5"
"17190","     1125128  2"
"17191","     1125128  3"
"17192","     1125128  4"
"17193","     1125128  5"
"17194","     1125132  2"
"17195","     1125132  3"
"17196","     1125137  3"
"17197","     1125137  4"
"17198","     1125141  2"
"17199","     1125150  1"
"17200","     1125154  4"
"17201","     1125158  3"
"17202","     1125171  2"
"17203","     1125171  3"
"17204","     1126  3  2"
"17205","     1126  7  2"
"17206","     1126 11  2"
"17207","     1126 15  2"
"17208","     1126 19  1"
"17209","     1126 23  3"
"17210","     1126 27  2"
"17211","     1126 31  1"
"17212","     1126 35  2"
"17213","     1126 39  2"
"17214","     1126 43  2"
"17215","     1126 47  2"
"17216","     1126 55  1"
"17217","     1126 59  2"
"17218","     1126 67  2"
"17219","     1126 67  7"
"17220","     1126 71  2"
"17221","     1126 75  1"
"17222","     1126 79  2"
"17223","     1126 87  2"
"17224","     1126 91  2"
"17225","     1126 95  2"
"17226","     1126 99  1"
"17227","     1126103  2"
"17228","     1126111  2"
"17229","     1126111  3"
"17230","     1126115  1"
"17231","     1126119  2"
"17232","     1126119  6"
"17233","     1126123  9"
"17234","     1126127  2"
"17235","     1126127  3"
"17236","     1129  7  4"
"17237","     1129  7  5"
"17238","     1129  9  2"
"17239","     1129 12  2"
"17240","     1129 12  3"
"17241","     1129 14  2"
"17242","     1129 14  3"
"17243","     1129 17  2"
"17244","     1129 17  3"
"17245","     1129 17  4"
"17246","     1129 19  2"
"17247","     1129 21  5"
"17248","     1129 24  2"
"17249","     1129 24  7"
"17250","     1129 36  2"
"17251","     1129 39  2"
"17252","     1129 39  3"
"17253","     1129 39  4"
"17254","     1129 39  7"
"17255","     1129 41  4"
"17256","     1129 44  6"
"17257","     1129 46  4"
"17258","     1129 54  2"
"17259","     1129 56  3"
"17260","     1129 56  4"
"17261","     1129 59  4"
"17262","     1129 61  3"
"17263","     1129 61  5"
"17264","     1129 69  2"
"17265","     1129 71  4"
"17266","     1129 76  2"
"17267","     1129 78  2"
"17268","     1129 86  4"
"17269","     1129 88  2"
"17270","     1129 91  2"
"17271","     1129 91  3"
"17272","     1129 93  2"
"17273","     1129 96  2"
"17274","     1130  3  2"
"17275","     1130  3  6"
"17276","     1130  7  1"
"17277","     1130 16  2"
"17278","     1130 20  2"
"17279","     1130 29  2"
"17280","     1130 29  6"
"17281","     1130 33  4"
"17282","     1130 37  2"
"17283","     1130 37  3"
"17284","     1130 42  2"
"17285","     1130 42  4"
"17286","     1130 50  2"
"17287","     1130 50  3"
"17288","     1130 55  2"
"17289","     1130 59  3"
"17290","     1130 63  2"
"17291","     1130 63  3"
"17292","     1131  2  2"
"17293","     1131  6  4"
"17294","     1131  6  5"
"17295","     1131  6  7"
"17296","     1131 10  2"
"17297","     1131 14  2"
"17298","     1131 23  4"
"17299","     1131 27  2"
"17300","     1131 27  3"
"17301","     1131 31  2"
"17302","     1131 40  2"
"17303","     1131 40  3"
"17304","     1131 44  2"
"17305","     1131 44  3"
"17306","     1131 53  2"
"17307","     1131 53  5"
"17308","     1131 57  1"
"17309","     1131 61  2"
"17310","     1134  7  2"
"17311","     1134 12  4"
"17312","     1134 17  2"
"17313","     1134 26  6"
"17314","     1134 31  1"
"17315","     1134 35  2"
"17316","     1134 45  2"
"17317","     1134 49  6"
"17318","     1134 49  8"
"17319","     1134 54  2"
"17320","     1134 59  2"
"17321","     1134 63  3"
"17322","     1134 63  6"
"17323","     1134 73  3"
"17324","     1134 77  3"
"17325","     1134 77  6"
"17326","     1134 82  6"
"17327","     1135  2  2"
"17328","     1135  5  2"
"17329","     1135 12  1"
"17330","     1135 12  2"
"17331","     1135 26  2"
"17332","     1135 40  2"
"17333","     1135 43  5"
"17334","     1135 47  2"
"17335","     1135 50  2"
"17336","     1136  4  2"
"17337","     1136  4  3"
"17338","     1136 10  2"
"17339","     1136 10  6"
"17340","     1136 15  2"
"17341","     1136 21  3"
"17342","     1136 21  4"
"17343","     1136 21  5"
"17344","     1136 27  2"
"17345","     1136 27  3"
"17346","     1136 33  2"
"17347","     1136 39  6"
"17348","     1136 57  2"
"17349","     1136 57  6"
"17350","     1136 57  7"
"17351","     1136 63  2"
"17352","     1136 63  8"
"17353","     1136 69  2"
"17354","     1139  3  2"
"17355","     1139  6  2"
"17356","     1139  6  3"
"17357","     1139  6  4"
"17358","     1139  8  2"
"17359","     1139  8  5"
"17360","     1139  8  6"
"17361","     1139 11  2"
"17362","     1139 11  5"
"17363","     1139 18  2"
"17364","     1139 20  2"
"17365","     1139 25  1"
"17366","     1139 25  3"
"17367","     1139 27  2"
"17368","     1139 29  2"
"17369","     1139 29  4"
"17370","     1139 29  9"
"17371","     1139 32  3"
"17372","     1139 34  2"
"17373","     1139 34  3"
"17374","     1139 37  2"
"17375","     1139 37  3"
"17376","     1139 41  2"
"17377","     1139 44  2"
"17378","     1139 46  2"
"17379","     1139 48  2"
"17380","     1139 51  2"
"17381","     1139 53  3"
"17382","     1139 53  4"
"17383","     1139 55  1"
"17384","     1139 55  2"
"17385","     1139 58  2"
"17386","     1139 60  3"
"17387","     1139 63  3"
"17388","     1139 65  2"
"17389","     1139 70  2"
"17390","     1139 70  4"
"17391","     1139 70  5"
"17392","     1139 72  1"
"17393","     1139 72  3"
"17394","     1139 72  4"
"17395","     1139 72  5"
"17396","     1139 74  2"
"17397","     1139 77  3"
"17398","     1139 77  7"
"17399","     1140 10  2"
"17400","     1140 12  2"
"17401","     1140 12  3"
"17402","     1140 13  2"
"17403","     1140 15  2"
"17404","     1140 81  2"
"17405","     1140 82  5"
"17406","     1140 83  3"
"17407","     1140 83  4"
"17408","     1140 84  4"
"17409","     1140 85  2"
"17410","     1140 86  2"
"17411","     1140 87  2"
"17412","     1140 88  2"
"17413","     1140145  2"
"17414","     1140146  2"
"17415","     1141  9  2"
"17416","     1141 10  2"
"17417","     1141 10  4"
"17418","     1141 12  2"
"17419","     1141 13  2"
"17420","     1141 14  2"
"17421","     1141 90  2"
"17422","     1141 92  2"
"17423","     1144  1  3"
"17424","     1144  1  4"
"17425","     1144  1  5"
"17426","     1144  2  1"
"17427","     1144  4  2"
"17428","     1144  4  3"
"17429","     1144  4  5"
"17430","     1144  6  2"
"17431","     1144  8  1"
"17432","     1144 25  2"
"17433","     1144 25  3"
"17434","     1144 26  2"
"17435","     1144 26  5"
"17436","     1144 27  2"
"17437","     1144 28  3"
"17438","     1144 28  4"
"17439","     1144 30  1"
"17440","     1144 32  1"
"17441","     1144 49  3"
"17442","     1144 51  2"
"17443","     1144 52  2"
"17444","     1144 52  4"
"17445","     1144 53  6"
"17446","     1144 53  7"
"17447","     1144 54  2"
"17448","     1145  9  2"
"17449","     1145 10  2"
"17450","     1145 10  3"
"17451","     1145 11  2"
"17452","     1145 12  1"
"17453","     1145 14  2"
"17454","     1145 14  4"
"17455","     1145 16  2"
"17456","     1145 41  2"
"17457","     1145 42  3"
"17458","     1145 43  2"
"17459","     1145 43  4"
"17460","     1145 44  2"
"17461","     1145 47  3"
"17462","     1145 74  2"
"17463","     1145 75  2"
"17464","     1145 76  2"
"17465","     1145 79  2"
"17466","     1145 80  4"
"17467","     1145105  1"
"17468","     1145106  2"
"17469","     1145107  2"
"17470","     1145108  1"
"17471","     1145109  2"
"17472","     1145110  2"
"17473","     1146 19  2"
"17474","     1146 19  4"
"17475","     1146 19  9"
"17476","     1146 20  2"
"17477","     1146 20  3"
"17478","     1146 20  6"
"17479","     1146 21  2"
"17480","     1146 22  2"
"17481","     1146 23  1"
"17482","     1146 24  2"
"17483","     1146 42  3"
"17484","     1146 42  4"
"17485","     1146 43  2"
"17486","     1146 44  2"
"17487","     1146 45  2"
"17488","     1146 46  2"
"17489","     1146 73  2"
"17490","     1146 75  2"
"17491","     1146 76  2"
"17492","     1146 79  2"
"17493","     1146 80  2"
"17494","     1146105  2"
"17495","     1146106  2"
"17496","     1146107  2"
"17497","     1146109  2"
"17498","     1146110  2"
"17499","     1146111  2"
"17500","     1146129  2"
"17501","     1146130  2"
"17502","     1146131  2"
"17503","     1146133  2"
"17504","     1146134  5"
"17505","     1146136  5"
"17506","     1147 18  3"
"17507","     1147 19  2"
"17508","     1147 22  2"
"17509","     1147 22  3"
"17510","     1147 24  2"
"17511","     1147 49  2"
"17512","     1147 49  7"
"17513","     1147 51  2"
"17514","     1147 53  2"
"17515","     1147 54  2"
"17516","     1147 55  2"
"17517","     1147 56  2"
"17518","     1147 81  2"
"17519","     1147 81  3"
"17520","     1147 83  2"
"17521","     1147 84  2"
"17522","     1147 88  4"
"17523","     1149 33  3"
"17524","     1149 35  2"
"17525","     1149 36  2"
"17526","     1149 37  2"
"17527","     1149 37  3"
"17528","     1149 38  3"
"17529","     1149 39  2"
"17530","     1149 40  2"
"17531","     1149 73  2"
"17532","     1149 73  3"
"17533","     1149 73  4"
"17534","     1149 74  2"
"17535","     1149 75  2"
"17536","     1149 76  2"
"17537","     1149 77  2"
"17538","     1149 79  2"
"17539","     1149 79  4"
"17540","     1149113  2"
"17541","     1149114  2"
"17542","     1149115  2"
"17543","     1149115  3"
"17544","     1149116  2"
"17545","     1149118  2"
"17546","     1149119  2"
"17547","     1149120  4"
"17548","     1149120  5"
"17549","     1149121  2"
"17550","     1149122  2"
"17551","     1149123  2"
"17552","     1149123  3"
"17553","     1149124  2"
"17554","     1149124  4"
"17555","     1150 10  2"
"17556","     1150 10  5"
"17557","     1150 11  2"
"17558","     1150 11  5"
"17559","     1150 12  2"
"17560","     1150 14  2"
"17561","     1150 14  3"
"17562","     1150 15  2"
"17563","     1150 16  2"
"17564","     1150 33  2"
"17565","     1150 36  2"
"17566","     1150 37  2"
"17567","     1150 39  2"
"17568","     1150 40  2"
"17569","     1150 59  2"
"17570","     1150 60  2"
"17571","     1150 61  2"
"17572","     1151  9  2"
"17573","     1151 12  5"
"17574","     1151 13  2"
"17575","     1151 14  3"
"17576","     1151 58  2"
"17577","     1151 61  2"
"17578","     1154 10  2"
"17579","     1154 11  2"
"17580","     1154 12  2"
"17581","     1154 13  2"
"17582","     1154 14  2"
"17583","     1154 15  8"
"17584","     1154 16  2"
"17585","     1154 34  2"
"17586","     1154 35  2"
"17587","     1154 36  2"
"17588","     1154 37  2"
"17589","     1154 38  2"
"17590","     1154 39  2"
"17591","     1154 40  2"
"17592","     1154 41  2"
"17593","     1154 70  2"
"17594","     1154 70  3"
"17595","     1154 71  2"
"17596","     1154 73  2"
"17597","     1154 98  2"
"17598","     1154100  2"
"17599","     1154101  2"
"17600","     1154103  4"
"17601","     1154130  2"
"17602","     1154131  2"
"17603","     1154132  2"
"17604","     1154133  2"
"17605","     1154134  2"
"17606","     1154135  2"
"17607","     1154136  2"
"17608","     1154136  4"
"17609","     1154137  2"
"17610","     1154137  4"
"17611","     1154137  6"
"17612","     1156  3  2"
"17613","     1156  7  2"
"17614","     1156 15  2"
"17615","     1156 28  2"
"17616","     1156 32  1"
"17617","     1156 32  2"
"17618","     1156 32  3"
"17619","     1156 32  4"
"17620","     1156 36  2"
"17621","     1156 40  1"
"17622","     1156 40  3"
"17623","     1156 45  1"
"17624","     1156 45  2"
"17625","     1156 49  3"
"17626","     1156 53  1"
"17627","     1156 53  3"
"17628","     1156 57  3"
"17629","     1156 70  2"
"17630","     1156 70  5"
"17631","     1156 74  2"
"17632","     1156 82  5"
"17633","     1156 87  2"
"17634","     1156 87  4"
"17635","     1156 87  5"
"17636","     1157  6  2"
"17637","     1157  9  1"
"17638","     1157 13  2"
"17639","     1157 20  2"
"17640","     1157 24  2"
"17641","     1157 27  2"
"17642","     1157 27  3"
"17643","     1157 27  4"
"17644","     1157 31  1"
"17645","     1157 34  2"
"17646","     1157 34  4"
"17647","     1157 42  2"
"17648","     1157 42  6"
"17649","     1157 45  2"
"17650","     1157 45  4"
"17651","     1157 49  1"
"17652","     1157 56  1"
"17653","     1157 56  2"
"17654","     1157 56  4"
"17655","     1157 60  3"
"17656","     1157 63  3"
"17657","     1157 67  2"
"17658","     1157 70  2"
"17659","     1157 74  2"
"17660","     1157 74  3"
"17661","     1157 81  2"
"17662","     1157 85  3"
"17663","     1157 85  4"
"17664","     1158  2  2"
"17665","     1158  2  3"
"17666","     1158  2  4"
"17667","     1158  5  1"
"17668","     1158  5  2"
"17669","     1158  9  4"
"17670","     1158 12  2"
"17671","     1158 15  2"
"17672","     1158 15  4"
"17673","     1158 18  2"
"17674","     1158 18  3"
"17675","     1158 24  2"
"17676","     1158 27  2"
"17677","     1158 27  6"
"17678","     1158 30  2"
"17679","     1158 33  2"
"17680","     1158 36  2"
"17681","     1158 39  2"
"17682","     1158 42  2"
"17683","     1158 46  2"
"17684","     1158 49  2"
"17685","     1158 52  2"
"17686","     1158 52  3"
"17687","     1158 58  3"
"17688","     1158 58  5"
"17689","     1158 67  2"
"17690","     1158 70  3"
"17691","     1158 73  3"
"17692","     1158 76  3"
"17693","     1158 82  2"
"17694","     1158 89  2"
"17695","     1158 95  2"
"17696","     1158 98  2"
"17697","     1158 98  5"
"17698","     1158104  3"
"17699","     1158104  4"
"17700","     1158104  6"
"17701","     1158107  2"
"17702","     1158107  3"
"17703","     1158110  2"
"17704","     1158110  3"
"17705","     1161  1  4"
"17706","     1161  5  2"
"17707","     1161  9  2"
"17708","     1161  9  3"
"17709","     1161  9  4"
"17710","     1161 13  2"
"17711","     1161 13  3"
"17712","     1161 13  5"
"17713","     1161 16  2"
"17714","     1161 20  1"
"17715","     1161 24  2"
"17716","     1161 27  1"
"17717","     1161 27  2"
"17718","     1161 27  3"
"17719","     1161 31  2"
"17720","     1161 38  2"
"17721","     1161 38  3"
"17722","     1161 42  2"
"17723","     1161 46  2"
"17724","     1161 49  4"
"17725","     1161 49  7"
"17726","     1161 57  1"
"17727","     1161 57  3"
"17728","     1161 61  2"
"17729","     1161 64  2"
"17730","     1161 68  2"
"17731","     1161 75  2"
"17732","     1161 79  2"
"17733","     1161 79  4"
"17734","     1161 79  5"
"17735","     1161 83  2"
"17736","     1161 83  3"
"17737","     1162  2  2"
"17738","     1162  2  6"
"17739","     1162  5  1"
"17740","     1162  5  4"
"17741","     1162  7  2"
"17742","     1162  7  5"
"17743","     1162 10  2"
"17744","     1162 12  1"
"17745","     1162 15  2"
"17746","     1162 18  3"
"17747","     1162 23  3"
"17748","     1162 23  5"
"17749","     1162 23  6"
"17750","     1162 23  7"
"17751","     1162 25  2"
"17752","     1162 28  2"
"17753","     1162 30  2"
"17754","     1162 30  4"
"17755","     1162 38  2"
"17756","     1162 38  4"
"17757","     1162 38  6"
"17758","     1162 40  1"
"17759","     1162 43  2"
"17760","     1162 45  2"
"17761","     1162 45  3"
"17762","     1162 48  2"
"17763","     1162 55  2"
"17764","     1162 55  8"
"17765","     1162 55 12"
"17766","     1162 60  2"
"17767","     1162 63  2"
"17768","     1162 66  2"
"17769","     1162 68  2"
"17770","     1162 68  3"
"17771","     1162 71  2"
"17772","     1162 73  2"
"17773","     1162 76  2"
"17774","     1162 78  2"
"17775","     1162 83  1"
"17776","     1162 86  1"
"17777","     1162 88  1"
"17778","     1162 93  2"
"17779","     1162 93  3"
"17780","     1162 93  4"
"17781","     1162 96  2"
"17782","     1162101  2"
"17783","     1163  1  2"
"17784","     1163  4  2"
"17785","     1163  7  1"
"17786","     1163  7  3"
"17787","     1163 10  2"
"17788","     1163 12  2"
"17789","     1163 12  5"
"17790","     1163 18  2"
"17791","     1163 21  2"
"17792","     1163 24  2"
"17793","     1163 26  3"
"17794","     1163 29  2"
"17795","     1163 32  2"
"17796","     1163 35  2"
"17797","     1163 38  2"
"17798","     1163 41  6"
"17799","     1163 41  7"
"17800","     1163 43  3"
"17801","     1163 43  4"
"17802","     1163 46  2"
"17803","     1163 49  3"
"17804","     1163 52  2"
"17805","     1163 55  3"
"17806","     1163 60  2"
"17807","     1163 60  3"
"17808","     1163 63  3"
"17809","     1163 63  4"
"17810","     1163 66  2"
"17811","     1163 66  4"
"17812","     1163 69  2"
"17813","     1163 69  4"
"17814","     1163 71  4"
"17815","     1163 74  1"
"17816","     1163 77  5"
"17817","     1163 80  2"
"17818","     1163 83  2"
"17819","     1163 86  2"
"17820","     1163 88  2"
"17821","     1166  6  2"
"17822","     1166  9  2"
"17823","     1166 12  2"
"17824","     1166 12  3"
"17825","     1166 15  2"
"17826","     1166 15  5"
"17827","     1166 18  2"
"17828","     1166 18  3"
"17829","     1166 21  2"
"17830","     1166 27  1"
"17831","     1166 27  6"
"17832","     1166 30  2"
"17833","     1166 33  2"
"17834","     1166 39  2"
"17835","     1166 48  2"
"17836","     1166 51  2"
"17837","     1166 57  7"
"17838","     1166 66  2"
"17839","     1166 69  2"
"17840","     1166 72  2"
"17841","     1166 78  2"
"17842","     1166 81  2"
"17843","     1166 84  2"
"17844","     1166 87  2"
"17845","     1166 94  2"
"17846","     1166 97  2"
"17847","     1166 97  3"
"17848","     1166103  2"
"17849","     1166106  2"
"17850","     1166112  1"
"17851","     1166115  2"
"17852","     1166118  2"
"17853","     1166121  1"
"17854","     1167  4  2"
"17855","     1167  8  2"
"17856","     1167 11  2"
"17857","     1167 11  4"
"17858","     1167 14  4"
"17859","     1167 14  7"
"17860","     1167 17  2"
"17861","     1167 17  3"
"17862","     1167 27  1"
"17863","     1167 33  3"
"17864","     1167 36  3"
"17865","     1167 36  5"
"17866","     1167 36  6"
"17867","     1167 43  2"
"17868","     1167 46  2"
"17869","     1167 62  2"
"17870","     1167 65  2"
"17871","     1167 65  3"
"17872","     1167 75  3"
"17873","     1167 78  2"
"17874","     1167 78  4"
"17875","     1167 78  7"
"17876","     1167 88  2"
"17877","     1167 91  4"
"17878","     1167 91  6"
"17879","     1167 91  7"
"17880","     1167 94  3"
"17881","     1167 94  4"
"17882","     1167 97  1"
"17883","     1167 97  2"
"17884","     1167104  2"
"17885","     1167110  1"
"17886","     1167114  2"
"17887","     1167114  3"
"17888","     1167120  2"
"17889","     1168  9  2"
"17890","     1168 20  2"
"17891","     1168 25  3"
"17892","     1168 30  2"
"17893","     1168 33  1"
"17894","     1168 33  2"
"17895","     1168 35  2"
"17896","     1168 46  2"
"17897","     1168 48  2"
"17898","     1168 51  4"
"17899","     1168 61  1"
"17900","     1168 64  4"
"17901","     1168 64  7"
"17902","     1168 66  2"
"17903","     1168 66  3"
"17904","     1168 69  2"
"17905","     1168 69  3"
"17906","     1168 69  6"
"17907","     1168 77  2"
"17908","     1168 79  2"
"17909","     1168 82  1"
"17910","     1168 85  2"
"17911","     1168 87  2"
"17912","     1168 90  2"
"17913","     1169  5  1"
"17914","     1169  8  2"
"17915","     1169 15  2"
"17916","     1169 18  5"
"17917","     1169 18  6"
"17918","     1169 35  2"
"17919","     1169 35  3"
"17920","     1169 38  5"
"17921","     1169 42  2"
"17922","     1169 42  5"
"17923","     1169 45  2"
"17924","     1169 52  1"
"17925","     1169 52  6"
"17926","     1169 52  7"
"17927","     1169 58  1"
"17928","     1169 62  2"
"17929","     1169 62  3"
"17930","     1169 65  2"
"17931","     1169 72  3"
"17932","     1169 75  2"
"17933","     1169 79  2"
"17934","     1169 82  2"
"17935","     1169 85  1"
"17936","     1169 85  3"
"17937","     1171  6  1"
"17938","     1171  9  2"
"17939","     1171 12  2"
"17940","     1171 12  3"
"17941","     1171 22  2"
"17942","     1171 27  2"
"17943","     1171 27  3"
"17944","     1171 27  4"
"17945","     1171 30  3"
"17946","     1171 30  4"
"17947","     1171 43  2"
"17948","     1171 43  3"
"17949","     1171 48  2"
"17950","     1171 51  2"
"17951","     1171 51  3"
"17952","     1171 51  4"
"17953","     1171 59  2"
"17954","     1171 59  5"
"17955","     1171 61  2"
"17956","     1171 64  2"
"17957","     1171 66  1"
"17958","     1171 69  1"
"17959","     1171 74  2"
"17960","     1171 85  3"
"17961","     1171 87  2"
"17962","     1171 92  2"
"17963","     1172  4  1"
"17964","     1172  8  2"
"17965","     1172 10  2"
"17966","     1172 12  1"
"17967","     1172 14  2"
"17968","     1172 16  2"
"17969","     1172 18  1"
"17970","     1172 24  2"
"17971","     1172 28  2"
"17972","     1172 28  3"
"17973","     1172 30  2"
"17974","     1172 32  2"
"17975","     1172 34  2"
"17976","     1172 36  2"
"17977","     1172 38  2"
"17978","     1172 40  4"
"17979","     1172 45  2"
"17980","     1172 47  2"
"17981","     1172 49  1"
"17982","     1172 51  1"
"17983","     1172 55  2"
"17984","     1172 55  3"
"17985","     1172 61  2"
"17986","     1173  5  2"
"17987","     1173  5  4"
"17988","     1173 10  3"
"17989","     1173 29  1"
"17990","     1173 34  2"
"17991","     1173 40  2"
"17992","     1173 40  3"
"17993","     1173 45  2"
"17994","     1173 48  2"
"17995","     1173 48  3"
"17996","     1173 50  2"
"17997","     1173 50  5"
"17998","     1173 53  2"
"17999","     1173 56  3"
"18000","     1173 58  2"
"18001","     1173 58  3"
"18002","     1173 61  2"
"18003","     1173 64  1"
"18004","     1173 66  2"
"18005","     1173 69  2"
"18006","     1173 74  1"
"18007","     1173 82  2"
"18008","     1173 85  2"
"18009","     1173 90  1"
"18010","     1173 93  2"
"18011","     1173 98  4"
"18012","     1173101  2"
"18013","     1173101  4"
"18014","     1173107  2"
"18015","     1173107  3"
"18016","     1173107  5"
"18017","     1173107  6"
"18018","     1176  2  2"
"18019","     1176  2  4"
"18020","     1176  7  2"
"18021","     1176  7  3"
"18022","     1176  9  2"
"18023","     1176 11  2"
"18024","     1176 13  1"
"18025","     1176 13  3"
"18026","     1176 18  2"
"18027","     1176 20  2"
"18028","     1176 20  4"
"18029","     1176 22  3"
"18030","     1176 25  2"
"18031","     1176 27  2"
"18032","     1176 34  2"
"18033","     1176 36  1"
"18034","     1176 38  4"
"18035","     1176 43  4"
"18036","     1176 45  2"
"18037","     1176 47  2"
"18038","     1176 50  3"
"18039","     1176 52  2"
"18040","     1176 54  2"
"18041","     1176 59  2"
"18042","     1176 59  5"
"18043","     1176 61  3"
"18044","     1176 63  4"
"18045","     1176 66  2"
"18046","     1177  2  2"
"18047","     1177 10  3"
"18048","     1177 10  5"
"18049","     1177 15  1"
"18050","     1177 15  3"
"18051","     1177 20  2"
"18052","     1177 27  3"
"18053","     1177 27  4"
"18054","     1177 30  2"
"18055","     1177 35  2"
"18056","     1177 37  1"
"18057","     1177 45  1"
"18058","     1177 47  2"
"18059","     1177 47  3"
"18060","     1177 52  2"
"18061","     1177 52  4"
"18062","     1177 60  1"
"18063","     1177 65  3"
"18064","     1177 65  5"
"18065","     1177 67  2"
"18066","     1177 70  2"
"18067","     1178  1  2"
"18068","     1178  1  4"
"18069","     1178  4  2"
"18070","     1178  5  2"
"18071","     1178  8  4"
"18072","     1178 10  2"
"18073","     1178 11  2"
"18074","     1178 16  2"
"18075","     1178 16  3"
"18076","     1178 16  4"
"18077","     1178 17  2"
"18078","     1178 18  2"
"18079","     1178 20  2"
"18080","     1178 21  2"
"18081","     1178 23  2"
"18082","     1178 23  3"
"18083","     1178 23  4"
"18084","     1178 24  2"
"18085","     1178 26  2"
"18086","     1178 27  2"
"18087","     1178 30  2"
"18088","     1178 31  3"
"18089","     1178 36  2"
"18090","     1178 37  2"
"18091","     1178 39  1"
"18092","     1178 43  2"
"18093","     1178 46  3"
"18094","     1178 47  2"
"18095","     1178 49  2"
"18096","     1178 49  4"
"18097","     1178 49  5"
"18098","     1178 50  2"
"18099","     1178 52  2"
"18100","     1178 53  2"
"18101","     1179  5  1"
"18102","     1179 17  2"
"18103","     1179 20  3"
"18104","     1179 20  4"
"18105","     1179 26  2"
"18106","     1179 29  4"
"18107","     1179 32  4"
"18108","     1179 35  2"
"18109","     1179 35  3"
"18110","     1179 38  2"
"18111","     1179 41  2"
"18112","     1179 44  2"
"18113","     1179 47  1"
"18114","     1179 50  2"
"18115","     1179 56  3"
"18116","     1179 62  1"
"18117","     1179 65  2"
"18118","     1179 71  2"
"18119","     1181  2  2"
"18120","     1181  3  2"
"18121","     1181  6  2"
"18122","     1181  8  1"
"18123","     1181 10  2"
"18124","     1181 16  2"
"18125","     1181 27  2"
"18126","     1181 34  2"
"18127","     1181 36  2"
"18128","     1181 36  3"
"18129","     1181 38  1"
"18130","     1182 25  2"
"18131","     1182 26  2"
"18132","     1182 28  2"
"18133","     1182 29  2"
"18134","     1182 32  2"
"18135","     1182 33  2"
"18136","     1182 58  3"
"18137","     1182 60  2"
"18138","     1182 61  2"
"18139","     1182 63  2"
"18140","     1182 64  2"
"18141","     1182 90  2"
"18142","     1182 92  2"
"18143","     1182 93  2"
"18144","     1182 94  2"
"18145","     1182 95  2"
"18146","     1182 97  2"
"18147","     1182121  2"
"18148","     1182122  5"
"18149","     1182123  3"
"18150","     1182124  2"
"18151","     1182125  2"
"18152","     1182126  2"
"18153","     1182127  2"
"18154","     1182128  2"
"18155","     1183 10  2"
"18156","     1183 11  2"
"18157","     1183 13  2"
"18158","     1183 16  2"
"18159","     1183 25  2"
"18160","     1183 27  1"
"18161","     1183 28  2"
"18162","     1183 28  4"
"18163","     1183 28  9"
"18164","     1183 50  2"
"18165","     1183 51  2"
"18166","     1183 52  6"
"18167","     1183 54  2"
"18168","     1183 55  2"
"18169","     1183 69  2"
"18170","     1183 71  2"
"18171","     1183 72  3"
"18172","     1183 73  2"
"18173","     1186  1  2"
"18174","     1186  2  2"
"18175","     1186  4  2"
"18176","     1186  4  3"
"18177","     1186  5  2"
"18178","     1186 25  1"
"18179","     1186 25  2"
"18180","     1186 27  2"
"18181","     1186 28  2"
"18182","     1186 29  1"
"18183","     1186 29  2"
"18184","     1186 29  6"
"18185","     1186 30  1"
"18186","     1186 32  2"
"18187","     1186 41  2"
"18188","     1186 44  2"
"18189","     1186 48  1"
"18190","     1186 65  2"
"18191","     1186 67  2"
"18192","     1186 68  2"
"18193","     1186 70  2"
"18194","     1186 71  2"
"18195","     1186 72  2"
"18196","     1186 74  2"
"18197","     1187  9  2"
"18198","     1187  9  3"
"18199","     1187 11  2"
"18200","     1187 14  2"
"18201","     1187 20  1"
"18202","     1187 22  2"
"18203","     1187 23  2"
"18204","     1187 23  3"
"18205","     1187 35  2"
"18206","     1187 37  2"
"18207","     1187 40  3"
"18208","     1187 49  2"
"18209","     1187 51  2"
"18210","     1187 59  3"
"18211","     1187 59  4"
"18212","     1187 60  2"
"18213","     1187 61  2"
"18214","     1187 63  2"
"18215","     1187 63  4"
"18216","     1188  9  1"
"18217","     1188  9  2"
"18218","     1188 11  2"
"18219","     1188 12  2"
"18220","     1188 15  2"
"18221","     1188 16  2"
"18222","     1188 16  4"
"18223","     1188 33  2"
"18224","     1188 34  2"
"18225","     1188 35  2"
"18226","     1188 37  2"
"18227","     1188 38  2"
"18228","     1188 38  3"
"18229","     1188 65  2"
"18230","     1188 68  2"
"18231","     1188 68  4"
"18232","     1188 69  1"
"18233","     1188 70  2"
"18234","     1188 71  1"
"18235","     1188 91  2"
"18236","     1188 92  2"
"18237","     1188 94  1"
"18238","     1188 94  2"
"18239","     1188 95  2"
"18240","     1188 96  1"
"18241","     1188 96  6"
"18242","     1188113  2"
"18243","     1188115  2"
"18244","     1188116  2"
"18245","     1188119  2"
"18246","     1189  5  2"
"18247","     1189  7  1"
"18248","     1189 18  1"
"18249","     1189 18  3"
"18250","     1189 19  3"
"18251","     1189 44  2"
"18252","     1189 44  4"
"18253","     1189 46  1"
"18254","     1189 48  2"
"18255","     1189 59  1"
"18256","     1189 62  2"
"18257","     1189 73  2"
"18258","     1189 75  3"
"18259","     1189 76  2"
"18260","     1189 77  2"
"18261","     1189 79  5"
"18262","     1191  3  3"
"18263","     1191  3  5"
"18264","     1191  5  1"
"18265","     1191  6  4"
"18266","     1191 17  2"
"18267","     1191 17  3"
"18268","     1191 19  2"
"18269","     1191 21  2"
"18270","     1191 22  2"
"18271","     1191 24  2"
"18272","     1191 25  2"
"18273","     1191 26  2"
"18274","     1191 27  2"
"18275","     1191 27  3"
"18276","     1191 28  2"
"18277","     1191 29  2"
"18278","     1191 29  4"
"18279","     1191 30  5"
"18280","     1191 30  8"
"18281","     1191 31  2"
"18282","     1191 31  3"
"18283","     1191 41  2"
"18284","     1191 42  2"
"18285","     1191 42  3"
"18286","     1191 44  3"
"18287","     1191 45  2"
"18288","     1191 49  2"
"18289","     1191 50  2"
"18290","     1191 51  2"
"18291","     1191 52  2"
"18292","     1191 56  2"
"18293","     1192  1  3"
"18294","     1192  7  2"
"18295","     1192 18  2"
"18296","     1192 19  2"
"18297","     1192 21  2"
"18298","     1192 22  2"
"18299","     1192 24  1"
"18300","     1192 36  2"
"18301","     1192 37  2"
"18302","     1192 37  4"
"18303","     1192 38  1"
"18304","     1192 39  2"
"18305","     1192 40  2"
"18306","     1192 49  2"
"18307","     1192 50  2"
"18308","     1192 50  4"
"18309","     1192 51  2"
"18310","     1192 54  2"
"18311","     1192 62  1"
"18312","     1192 66  2"
"18313","     1192 68  2"
"18314","     1192 68  3"
"18315","     1192 69  4"
"18316","     1192 70  2"
"18317","     1192 71  2"
"18318","     1193  3  2"
"18319","     1193  6  2"
"18320","     1193  8  4"
"18321","     1193 17  2"
"18322","     1193 18  2"
"18323","     1193 18  5"
"18324","     1193 18  6"
"18325","     1193 19  3"
"18326","     1193 21  1"
"18327","     1193 21  2"
"18328","     1193 22  2"
"18329","     1193 23  2"
"18330","     1193 26  2"
"18331","     1193 31  2"
"18332","     1193 45  3"
"18333","     1193 47  2"
"18334","     1193 48  2"
"18335","     1193 50  2"
"18336","     1193 51  2"
"18337","     1193 52  3"
"18338","     1193 53  2"
"18339","     1193 55  2"
"18340","     1196 10  2"
"18341","     1196 15  2"
"18342","     1196 36  2"
"18343","     1196 54  2"
"18344","     1196 55  2"
"18345","     1196 56  3"
"18346","     1196 74  2"
"18347","     1196 76  2"
"18348","     1196 77  2"
"18349","     1196 80  2"
"18350","     1196 81  3"
"18351","     1196 91  2"
"18352","     1196 93  2"
"18353","     1196 94  2"
"18354","     1196 96  2"
"18355","     1196 97  2"
"18356","     1197  1  3"
"18357","     1197  2  4"
"18358","     1197  2  7"
"18359","     1197  4  2"
"18360","     1197  5  2"
"18361","     1197 28  2"
"18362","     1197 29  2"
"18363","     1197 30  2"
"18364","     1197 31  3"
"18365","     1197 32  2"
"18366","     1197 43  2"
"18367","     1197 45  2"
"18368","     1197 46  2"
"18369","     1197 64  2"
"18370","     1197 73  2"
"18371","     1197 74  2"
"18372","     1197 79  3"
"18373","     1197 80  2"
"18374","     1198  2  2"
"18375","     1198  3  2"
"18376","     1198  3  4"
"18377","     1198  4  2"
"18378","     1198  4  7"
"18379","     1198  5  2"
"18380","     1198  6  3"
"18381","     1198  7  2"
"18382","     1198 17  2"
"18383","     1198 18  2"
"18384","     1198 18  8"
"18385","     1198 20  2"
"18386","     1198 22  2"
"18387","     1198 22  3"
"18388","     1198 23  2"
"18389","     1198 24  3"
"18390","     1201 25  2"
"18391","     1201 27  5"
"18392","     1201 29  2"
"18393","     1201 58  2"
"18394","     1201 58  4"
"18395","     1201 60  3"
"18396","     1201 62  3"
"18397","     1201 63  2"
"18398","     1201 64  2"
"18399","     1201 97  2"
"18400","     1201 98  3"
"18401","     1201100  2"
"18402","     1201100  3"
"18403","     1201129  1"
"18404","     1201130  2"
"18405","     1201131  2"
"18406","     1201132  2"
"18407","     1201134  2"
"18408","     1201135  2"
"18409","     1201135  3"
"18410","     1201162  3"
"18411","     1201163  2"
"18412","     1201163  3"
"18413","     1201166  2"
"18414","     1201166  3"
"18415","     1201167  2"
"18416","     1201168  4"
"18417","     1202  9  1"
"18418","     1202 12  5"
"18419","     1202 12  6"
"18420","     1202 13  2"
"18421","     1202 15  2"
"18422","     1202 16  1"
"18423","     1202 25  3"
"18424","     1202 28  2"
"18425","     1202 31  3"
"18426","     1202 35  2"
"18427","     1202 35  3"
"18428","     1202 37  2"
"18429","     1202 38  2"
"18430","     1202 40  2"
"18431","     1202 50  2"
"18432","     1202 52  7"
"18433","     1202 53  2"
"18434","     1202 55  2"
"18435","     1202 55  3"
"18436","     1202 70  3"
"18437","     1203 17  2"
"18438","     1203 18  1"
"18439","     1203 20  2"
"18440","     1203 21  2"
"18441","     1203 22  2"
"18442","     1203 22  6"
"18443","     1203 41  2"
"18444","     1203 42  2"
"18445","     1203 44  2"
"18446","     1203 45  2"
"18447","     1203 45  4"
"18448","     1203 46  1"
"18449","     1203 47  2"
"18450","     1203 57  3"
"18451","     1203 58  2"
"18452","     1203 58  4"
"18453","     1203 59  2"
"18454","     1203 60  2"
"18455","     1203 63  2"
"18456","     1203 63  3"
"18457","     1203 64  2"
"18458","     1203 82  2"
"18459","     1203 85  1"
"18460","     1203 86  4"
"18461","     1203 87  1"
"18462","     1203 88  3"
"18463","     1203105  3"
"18464","     1203107  3"
"18465","     1203111  2"
"18466","     1204  2  4"
"18467","     1204  5  2"
"18468","     1204  6  2"
"18469","     1204 41  2"
"18470","     1204 43  2"
"18471","     1204 46  2"
"18472","     1204 48  2"
"18473","     1204 81  1"
"18474","     1204 85  2"
"18475","     1204 88  2"
"18476","     1204113  2"
"18477","     1204117  1"
"18478","     1204155  2"
"18479","     1204155  3"
"18480","     1204158  1"
"18481","     1206  9  2"
"18482","     1206 11  3"
"18483","     1206 13  2"
"18484","     1206 14  1"
"18485","     1206 16  2"
"18486","     1206 33  2"
"18487","     1206 37  2"
"18488","     1206 37  3"
"18489","     1206 38  2"
"18490","     1206 52  2"
"18491","     1206 53  2"
"18492","     1206 54  2"
"18493","     1206 55  2"
"18494","     1206 56  2"
"18495","     1206 56  3"
"18496","     1206 73  2"
"18497","     1206 75  2"
"18498","     1206 76  2"
"18499","     1206 76  3"
"18500","     1206 76  4"
"18501","     1206 77  2"
"18502","     1206 78  2"
"18503","     1206 79  2"
"18504","     1206 80  2"
"18505","     1206 81  2"
"18506","     1207 21  2"
"18507","     1207 22  2"
"18508","     1207 24  2"
"18509","     1207 33  2"
"18510","     1207 34  2"
"18511","     1207 35  1"
"18512","     1207 37  2"
"18513","     1207 40  2"
"18514","     1207 59  2"
"18515","     1207 60  2"
"18516","     1207 64  2"
"18517","     1207 88  2"
"18518","     1207105  2"
"18519","     1207106  4"
"18520","     1207107  3"
"18521","     1207109  2"
"18522","     1207110  2"
"18523","     1207111  2"
"18524","     1207112  2"
"18525","     1208  9  2"
"18526","     1208 12  3"
"18527","     1208 12  4"
"18528","     1208 25  4"
"18529","     1208 27  2"
"18530","     1208 54  2"
"18531","     1208 65  3"
"18532","     1208 66  1"
"18533","     1208 66  5"
"18534","     1208 71  2"
"18535","     1211 11  2"
"18536","     1211 14  2"
"18537","     1211 16  2"
"18538","     1211 17  2"
"18539","     1211 20  2"
"18540","     1211 22  1"
"18541","     1211 23  2"
"18542","     1211 23  4"
"18543","     1211 24  2"
"18544","     1211 38  2"
"18545","     1211 39  2"
"18546","     1211 39  3"
"18547","     1211 41  3"
"18548","     1211 42  2"
"18549","     1211 43  2"
"18550","     1211 43  3"
"18551","     1211 45  2"
"18552","     1211 47  2"
"18553","     1211 48  2"
"18554","     1211 49  2"
"18555","     1211 58  2"
"18556","     1211 59  1"
"18557","     1211 60  2"
"18558","     1211 61  3"
"18559","     1211 62  2"
"18560","     1211 63  2"
"18561","     1211 63  4"
"18562","     1211 64  2"
"18563","     1211 64  4"
"18564","     1211 65  2"
"18565","     1212 10  2"
"18566","     1212 12  2"
"18567","     1212 14  2"
"18568","     1212 16  1"
"18569","     1212 25  2"
"18570","     1212 28  2"
"18571","     1212 28  7"
"18572","     1212 32  3"
"18573","     1212 48  3"
"18574","     1212 48  4"
"18575","     1212 57  3"
"18576","     1212 57  4"
"18577","     1212 57  5"
"18578","     1212 57  7"
"18579","     1212 59  2"
"18580","     1212 59  3"
"18581","     1212 60  2"
"18582","     1212 61  3"
"18583","     1212 61  4"
"18584","     1212 62  2"
"18585","     1212 63  2"
"18586","     1213  1  2"
"18587","     1213  1  3"
"18588","     1213  1  4"
"18589","     1213  3  3"
"18590","     1213  5  2"
"18591","     1213  5  3"
"18592","     1213  7  1"
"18593","     1213  8  2"
"18594","     1213 27  2"
"18595","     1213 29  4"
"18596","     1213 31  2"
"18597","     1213 41  3"
"18598","     1213 42  2"
"18599","     1213 44  2"
"18600","     1213 45  2"
"18601","     1213 47  4"
"18602","     1213 48  2"
"18603","     1213 57  2"
"18604","     1213 59  2"
"18605","     1213 83  1"
"18606","     1213 83  2"
"18607","     1213 84  2"
"18608","     1213 85  2"
"18609","     1216  3  2"
"18610","     1216 18  3"
"18611","     1216 18  4"
"18612","     1216 25  2"
"18613","     1216 33  2"
"18614","     1216 33  3"
"18615","     1216 33  5"
"18616","     1216 47  2"
"18617","     1216 47  5"
"18618","     1216 55  2"
"18619","     1216 55  3"
"18620","     1216 70  2"
"18621","     1216 77  1"
"18622","     1216 84  2"
"18623","     1217  1  1"
"18624","     1217  9  2"
"18625","     1217 23  2"
"18626","     1217 23  6"
"18627","     1217 31  6"
"18628","     1217 38  2"
"18629","     1217 45  3"
"18630","     1217 53  1"
"18631","     1217 60  3"
"18632","     1217 67  2"
"18633","     1217 75  2"
"18634","     1217 82  2"
"18635","     1218  4  2"
"18636","     1218 11  2"
"18637","     1218 11  3"
"18638","     1218 11  4"
"18639","     1218 18  1"
"18640","     1218 18  2"
"18641","     1218 25  2"
"18642","     1218 32  1"
"18643","     1218 61  2"
"18644","     1218 75  2"
"18645","     1218 82  2"
"18646","     1218 89  2"
"18647","     1218 96  2"
"18648","     1218104  2"
"18649","     1218111  2"
"18650","     1218132  2"
"18651","     1218132  3"
"18652","     1218139  2"
"18653","     1218139  3"
"18654","     1218146  2"
"18655","     1218182  5"
"18656","     1219  4  2"
"18657","     1219 17  2"
"18658","     1219 21  2"
"18659","     1219 26  2"
"18660","     1219 30  1"
"18661","     1219 30  2"
"18662","     1219 34  2"
"18663","     1219 43  2"
"18664","     1219 43  4"
"18665","     1219 47  2"
"18666","     1219 56  2"
"18667","     1219 65  3"
"18668","     1219 65  4"
"18669","     1219 65  5"
"18670","     1219 65  6"
"18671","     1219 65  8"
"18672","     1219 69  2"
"18673","     1219 73  2"
"18674","     1219 78  2"
"18675","     1221  7  2"
"18676","     1221 15  2"
"18677","     1221 19  1"
"18678","     1221 27  4"
"18679","     1221 43  2"
"18680","     1221 47  3"
"18681","     1221 51  1"
"18682","     1221 51  2"
"18683","     1221 51  4"
"18684","     1221 55  2"
"18685","     1221 55  3"
"18686","     1221 55  6"
"18687","     1221 58  2"
"18688","     1221 58  6"
"18689","     1221 70  2"
"18690","     1221 70  4"
"18691","     1221 78  3"
"18692","     1221 82  2"
"18693","     1221 86  2"
"18694","     1221 90  2"
"18695","     1221 90  5"
"18696","     1221 98  1"
"18697","     1221106  3"
"18698","     1221106  5"
"18699","     1221113  2"
"18700","     1221125  2"
"18701","     1221129  2"
"18702","     1221133  4"
"18703","     1221137  2"
"18704","     1221137  4"
"18705","     1221137  5"
"18706","     1221141  2"
"18707","     1221153  3"
"18708","     1221153  5"
"18709","     1221153  6"
"18710","     1221157  2"
"18711","     1222  2  2"
"18712","     1222  2  4"
"18713","     1222  5  2"
"18714","     1222  8  2"
"18715","     1222  8  3"
"18716","     1222  8  4"
"18717","     1222 11  4"
"18718","     1222 15  2"
"18719","     1222 18  2"
"18720","     1222 18  3"
"18721","     1222 18  4"
"18722","     1222 21  2"
"18723","     1222 21  5"
"18724","     1222 24  1"
"18725","     1222 24  4"
"18726","     1222 28  2"
"18727","     1222 28  3"
"18728","     1222 28  5"
"18729","     1222 31  2"
"18730","     1222 31  3"
"18731","     1222 34  2"
"18732","     1222 38  2"
"18733","     1222 38  4"
"18734","     1222 44  1"
"18735","     1222 51  2"
"18736","     1222 57  2"
"18737","     1222 57  3"
"18738","     1222 60  1"
"18739","     1222 67  2"
"18740","     1222 77  2"
"18741","     1222 77  3"
"18742","     1222 77  5"
"18743","     1222 83  2"
"18744","     1222 97  1"
"18745","     1222 97  2"
"18746","     1222100  2"
"18747","     1222100  5"
"18748","     1222103  2"
"18749","     1222110  2"
"18750","     1222119  2"
"18751","     1223 18  2"
"18752","     1223 25  1"
"18753","     1223 25  3"
"18754","     1223 31  4"
"18755","     1223 38  2"
"18756","     1223 38  5"
"18757","     1223 44  2"
"18758","     1223 70  2"
"18759","     1223 70  3"
"18760","     1223 77  3"
"18761","     1223 90  4"
"18762","     1223 96  1"
"18763","     1223109  2"
"18764","     1223109  3"
"18765","     1223122  1"
"18766","     1223142  2"
"18767","     1223148  2"
"18768","     1223155  2"
"18769","     1223155  5"
"18770","     1223161  1"
"18771","     1223168  1"
"18772","     1223174  7"
"18773","     1223200  2"
"18774","     1223207  3"
"18775","     1223220  3"
"18776","     1223220  4"
"18777","     1223226  5"
"18778","     1223239  2"
"18779","     1223239  4"
"18780","     1223246  2"
"18781","     1223252  2"
"18782","     1226  3  5"
"18783","     1226  9  2"
"18784","     1226 16  2"
"18785","     1226 19  2"
"18786","     1226 33  2"
"18787","     1226 40  2"
"18788","     1226 40  3"
"18789","     1226 46  2"
"18790","     1226 50  2"
"18791","     1226 50  4"
"18792","     1226 50  6"
"18793","     1226 53  2"
"18794","     1226 53  7"
"18795","     1226 56  3"
"18796","     1226 63  3"
"18797","     1226 67  2"
"18798","     1226 70  1"
"18799","     1226 70  4"
"18800","     1226 77  4"
"18801","     1226 83  1"
"18802","     1226 90  2"
"18803","     1226 97  3"
"18804","     1226100  2"
"18805","     1226103  5"
"18806","     1226103  8"
"18807","     1226107  2"
"18808","     1226110  3"
"18809","     1226114  2"
"18810","     1226117  2"
"18811","     1226117  3"
"18812","     1226120  4"
"18813","     1227  5  2"
"18814","     1227  5  3"
"18815","     1227  7  2"
"18816","     1227 10  2"
"18817","     1227 12  1"
"18818","     1227 17  2"
"18819","     1227 20  5"
"18820","     1227 25  2"
"18821","     1227 27  2"
"18822","     1227 32  2"
"18823","     1227 42  2"
"18824","     1227 44  2"
"18825","     1227 44  4"
"18826","     1227 49  2"
"18827","     1227 54  2"
"18828","     1227 57  2"
"18829","     1227 57  3"
"18830","     1227 59  2"
"18831","     1227 59  3"
"18832","     1227 64  2"
"18833","     1227 64  3"
"18834","     1227 67  2"
"18835","     1227 74  4"
"18836","     1227 74  7"
"18837","     1227 77  2"
"18838","     1227 84  2"
"18839","     1227 84  3"
"18840","     1227 86  2"
"18841","     1227 91  3"
"18842","     1227 94  1"
"18843","     1227 94  5"
"18844","     1227 94  6"
"18845","     1227 96  2"
"18846","     1228  3  2"
"18847","     1228 10  2"
"18848","     1228 10  3"
"18849","     1228 14  2"
"18850","     1228 18  2"
"18851","     1228 25  3"
"18852","     1228 40  2"
"18853","     1228 44  4"
"18854","     1228 48  2"
"18855","     1228 51  2"
"18856","     1228 55  2"
"18857","     1228 66  2"
"18858","     1228 70  2"
"18859","     1228 74  7"
"18860","     1228 77  2"
"18861","     1228 81  2"
"18862","     1228 85  2"
"18863","     1228 89  2"
"18864","     1228 96  2"
"18865","     1228100  2"
"18866","     1228103  2"
"18867","     1228107  2"
"18868","     1228111  2"
"18869","     1228115  2"
"18870","     1228118  2"
"18871","     1228122  2"
"18872","     1228126  6"
"18873","     1228133  8"
"18874","     1228137  2"
"18875","     1229  3  3"
"18876","     1229  7  3"
"18877","     1229 21  3"
"18878","     1229 30  2"
"18879","     1229 30  4"
"18880","     1229 34  5"
"18881","     1229 39  2"
"18882","     1229 39  4"
"18883","     1229 43  2"
"18884","     1229 47  2"
"18885","     1229 52  2"
"18886","     1229 56  2"
"18887","     1229 70  2"
"18888","     1229 74  2"
"18889","     1229 79  2"
"18890","     1229 83  2"
"18891","     1229 88  3"
"18892","     1229 92  2"
"18893","     1229 97  2"
"18894","     1229106  2"
"18895","     1229106  3"
"18896","     1229110  2"
"18897","     1231  2  2"
"18898","     1231  2  6"
"18899","     1231  5  3"
"18900","     1231  5  4"
"18901","     1231  5  6"
"18902","     1231  9  3"
"18903","     1231 15  6"
"18904","     1231 18  3"
"18905","     1231 21  4"
"18906","     1231 25  2"
"18907","     1231 25  3"
"18908","     1231 25  6"
"18909","     1231 37  1"
"18910","     1231 37  2"
"18911","     1231 37  6"
"18912","     1231 37 10"
"18913","     1231 37 13"
"18914","     1231 44  3"
"18915","     1231 44  4"
"18916","     1231 44  6"
"18917","     1231 47  2"
"18918","     1231 50  1"
"18919","     1231 53  2"
"18920","     1231 53  3"
"18921","     1231 53  4"
"18922","     1231 53  7"
"18923","     1231 53  8"
"18924","     1231 56  2"
"18925","     1231 60  2"
"18926","     1231 63  2"
"18927","     1231 66  1"
"18928","     1231 66  2"
"18929","     1231 66  3"
"18930","     1231 66 11"
"18931","     1231 69  8"
"18932","     1232  3  2"
"18933","     1232  6  5"
"18934","     1232 10  2"
"18935","     1232 17  2"
"18936","     1232 27  2"
"18937","     1232 34  2"
"18938","     1232 40  1"
"18939","     1232 44  2"
"18940","     1232 44  5"
"18941","     1232 47  4"
"18942","     1232 54  2"
"18943","     1232 58  4"
"18944","     1232 61  2"
"18945","     1232 71  2"
"18946","     1232 78  2"
"18947","     1233  3  3"
"18948","     1233  6  2"
"18949","     1233  9  2"
"18950","     1233 12  2"
"18951","     1233 16  5"
"18952","     1233 19  3"
"18953","     1233 29  2"
"18954","     1233 42  2"
"18955","     1233 46  2"
"18956","     1233 49  5"
"18957","     1233 52  2"
"18958","     1233 52  3"
"18959","     1233 59  5"
"18960","     1233 65  2"
"18961","     1233 69  2"
"18962","     1236  2  2"
"18963","     1236  2  3"
"18964","     1236  6  2"
"18965","     1236  6  3"
"18966","     1236  6  4"
"18967","     1236  9  1"
"18968","     1236 12  2"
"18969","     1236 12  4"
"18970","     1236 15  2"
"18971","     1236 25  2"
"18972","     1236 31  3"
"18973","     1236 34  2"
"18974","     1236 34  3"
"18975","     1236 37  1"
"18976","     1236 37  2"
"18977","     1236 37  3"
"18978","     1236 37  4"
"18979","     1236 44  2"
"18980","     1236 44  4"
"18981","     1236 47  2"
"18982","     1236 50  2"
"18983","     1236 53  2"
"18984","     1236 56  2"
"18985","     1236 56  4"
"18986","     1236 56  5"
"18987","     1236 60  2"
"18988","     1236 60  3"
"18989","     1236 60  4"
"18990","     1236 60  7"
"18991","     1236 66  2"
"18992","     1236 69  1"
"18993","     1236 75  2"
"18994","     1236 79  2"
"18995","     1236 82  2"
"18996","     1236 85  2"
"18997","     1236 85  3"
"18998","     1236 88  2"
"18999","     1236 88  3"
"19000","     1236 88  5"
"19001","     1236 95  2"
"19002","     1236 98  2"
"19003","     1236104  2"
"19004","     1236107  2"
"19005","     1236114  2"
"19006","     1237  1  3"
"19007","     1237 10  3"
"19008","     1237 13  3"
"19009","     1237 24  1"
"19010","     1237 24  3"
"19011","     1237 30  2"
"19012","     1237 33  2"
"19013","     1237 36  2"
"19014","     1237 41  1"
"19015","     1237 44  2"
"19016","     1237 50  2"
"19017","     1237 53  3"
"19018","     1237 56  1"
"19019","     1237 67  2"
"19020","     1237 67  7"
"19021","     1237 70  2"
"19022","     1237 73  2"
"19023","     1237 87  2"
"19024","     1237 87  6"
"19025","     1237 90  2"
"19026","     1237 93  2"
"19027","     1237110  2"
"19028","     1237113  2"
"19029","     1238  6  2"
"19030","     1238 10  2"
"19031","     1238 15  2"
"19032","     1238 19  2"
"19033","     1238 24  5"
"19034","     1238 28  2"
"19035","     1238 32  2"
"19036","     1238 32  4"
"19037","     1238 41  1"
"19038","     1238 41  3"
"19039","     1238 41  4"
"19040","     1238 46  2"
"19041","     1238 50  6"
"19042","     1238 50  9"
"19043","     1238 54  2"
"19044","     1238 59  2"
"19045","     1238 63  2"
"19046","     1238 68  2"
"19047","     1238 68  3"
"19048","     1238 72  4"
"19049","     1238 77  2"
"19050","     1238 81  2"
"19051","     1238 81  4"
"19052","     1238 85  2"
"19053","     1238 94  1"
"19054","     1238 99  2"
"19055","     1238103  2"
"19056","     1238108  2"
"19057","     1238108  5"
"19058","     1241  4  2"
"19059","     1241  4  4"
"19060","     1241  9  2"
"19061","     1241 13  2"
"19062","     1241 18  5"
"19063","     1241 23  2"
"19064","     1241 27  2"
"19065","     1241 32  2"
"19066","     1241 46  2"
"19067","     1241 51  2"
"19068","     1241 51  4"
"19069","     1241 60  2"
"19070","     1241 60  3"
"19071","     1241 65  1"
"19072","     1241 65  3"
"19073","     1241 65  6"
"19074","     1241 69  2"
"19075","     1241 79  2"
"19076","     1241 79  4"
"19077","     1241 83  2"
"19078","     1241 83  3"
"19079","     1241 97  1"
"19080","     1241 97  4"
"19081","     1241102  2"
"19082","     1241102  5"
"19083","     1241107  2"
"19084","     1241121  2"
"19085","     1241125  2"
"19086","     1241130  1"
"19087","     1241135  3"
"19088","     1241135  5"
"19089","     1241149  3"
"19090","     1241177  2"
"19091","     1242  2  2"
"19092","     1242  8  4"
"19093","     1242 11  2"
"19094","     1242 15  2"
"19095","     1242 15  3"
"19096","     1242 24  2"
"19097","     1242 24  4"
"19098","     1242 31  5"
"19099","     1242 37  2"
"19100","     1242 40  2"
"19101","     1242 40  5"
"19102","     1242 43  2"
"19103","     1242 43  6"
"19104","     1242 47  2"
"19105","     1242 53  2"
"19106","     1242 56  2"
"19107","     1242 66  2"
"19108","     1242 66  3"
"19109","     1242 69  2"
"19110","     1242 76  2"
"19111","     1242 82  2"
"19112","     1242 85  2"
"19113","     1242 88  2"
"19114","     1242 98  2"
"19115","     1242 98  3"
"19116","     1242 98  4"
"19117","     1242101  2"
"19118","     1242104  2"
"19119","     1242104  3"
"19120","     1243  2  2"
"19121","     1243  2  3"
"19122","     1243 11  2"
"19123","     1243 14  2"
"19124","     1243 14  3"
"19125","     1243 17  2"
"19126","     1243 23  2"
"19127","     1243 26  2"
"19128","     1243 29  1"
"19129","     1243 32  3"
"19130","     1243 41  2"
"19131","     1243 44  2"
"19132","     1243 44  5"
"19133","     1243 47  2"
"19134","     1243 50  2"
"19135","     1243 53  2"
"19136","     1243 56  2"
"19137","     1243 59  2"
"19138","     1243 62  6"
"19139","     1243 71  2"
"19140","     1243 74  2"
"19141","     1243 83  2"
"19142","     1243 86  2"
"19143","     1243105  2"
"19144","     1244  2  2"
"19145","     1244  5  1"
"19146","     1244  8  4"
"19147","     1244  8  8"
"19148","     1244 11  2"
"19149","     1244 14  2"
"19150","     1244 18  2"
"19151","     1244 21  2"
"19152","     1244 27  2"
"19153","     1244 37  1"
"19154","     1244 37  4"
"19155","     1244 40  2"
"19156","     1244 40  4"
"19157","     1244 46  2"
"19158","     1244 56  2"
"19159","     1244 59  2"
"19160","     1244 62  2"
"19161","     1244 66  2"
"19162","     1244 66  3"
"19163","     1244 78  2"
"19164","     1246 25  2"
"19165","     1246 26  2"
"19166","     1246 27  2"
"19167","     1246 28  2"
"19168","     1246 29  2"
"19169","     1246 30  2"
"19170","     1246 31  2"
"19171","     1246 31  5"
"19172","     1246 32  2"
"19173","     1246 73  2"
"19174","     1246 75  2"
"19175","     1246 76  2"
"19176","     1246 79  2"
"19177","     1246 80  2"
"19178","     1246121  2"
"19179","     1246123  2"
"19180","     1246124  2"
"19181","     1246125  2"
"19182","     1246127  2"
"19183","     1246128  2"
"19184","     1246161  2"
"19185","     1246161  4"
"19186","     1246161  6"
"19187","     1246162  2"
"19188","     1246162  3"
"19189","     1246163  2"
"19190","     1246164  2"
"19191","     1246165  2"
"19192","     1247  1  5"
"19193","     1247  4  2"
"19194","     1247  5  2"
"19195","     1247  6  3"
"19196","     1247  6  4"
"19197","     1247  6  5"
"19198","     1247  7  2"
"19199","     1247  8  2"
"19200","     1247 41  1"
"19201","     1247 42  2"
"19202","     1247 42  7"
"19203","     1247 43  2"
"19204","     1247 45  2"
"19205","     1247 47  2"
"19206","     1247 83  2"
"19207","     1248  1  2"
"19208","     1248  2  2"
"19209","     1248  2  3"
"19210","     1248  4  2"
"19211","     1248  5  2"
"19212","     1248  6  2"
"19213","     1248  7  2"
"19214","     1248  8  2"
"19215","     1248 41  2"
"19216","     1248 42  2"
"19217","     1248 42  4"
"19218","     1248 43  2"
"19219","     1248 45  2"
"19220","     1248 46  2"
"19221","     1248 47  2"
"19222","     1248 48  2"
"19223","     1248 73  2"
"19224","     1248 73  5"
"19225","     1248 74  4"
"19226","     1248 75  5"
"19227","     1248 77  2"
"19228","     1248 78  2"
"19229","     1248 80  1"
"19230","     1248113  2"
"19231","     1248114  2"
"19232","     1248114  4"
"19233","     1248115  2"
"19234","     1248117  2"
"19235","     1248118  1"
"19236","     1248119  2"
"19237","     1248120  2"
"19238","     1248146  2"
"19239","     1248147  2"
"19240","     1248147  5"
"19241","     1248150  2"
"19242","     1248152  2"
"19243","     1251 18  2"
"19244","     1251 19  2"
"19245","     1251 20  2"
"19246","     1251 23  2"
"19247","     1251 24  2"
"19248","     1251 50  6"
"19249","     1251 51  1"
"19250","     1251 51  5"
"19251","     1251 51 10"
"19252","     1251 52  2"
"19253","     1251 53  2"
"19254","     1251 53  5"
"19255","     1251 54  2"
"19256","     1251 56  2"
"19257","     1251 82  2"
"19258","     1251 82  4"
"19259","     1251 83  2"
"19260","     1251 84  2"
"19261","     1251 84  5"
"19262","     1251 86  2"
"19263","     1251 86  8"
"19264","     1251 88  2"
"19265","     1251113  2"
"19266","     1251116  4"
"19267","     1251119  2"
"19268","     1251120  1"
"19269","     1251145  2"
"19270","     1251147  2"
"19271","     1251148  2"
"19272","     1251150  2"
"19273","     1252 18  2"
"19274","     1252 19  2"
"19275","     1252 20  1"
"19276","     1252 22  2"
"19277","     1252 23  2"
"19278","     1252 49  2"
"19279","     1252 50  2"
"19280","     1252 51  3"
"19281","     1252 52  3"
"19282","     1252 52  7"
"19283","     1252 53  2"
"19284","     1252 54  2"
"19285","     1252 55  2"
"19286","     1252 81  2"
"19287","     1252 82  8"
"19288","     1252 83  1"
"19289","     1252 83  3"
"19290","     1252 83  4"
"19291","     1252 83  8"
"19292","     1252 83 10"
"19293","     1252 84  2"
"19294","     1252 85  2"
"19295","     1252 87 10"
"19296","     1252113  3"
"19297","     1252113  6"
"19298","     1252115  2"
"19299","     1252116  3"
"19300","     1252116  5"
"19301","     1252117  2"
"19302","     1252118  2"
"19303","     1252118  4"
"19304","     1252119  2"
"19305","     1252146  2"
"19306","     1252147  2"
"19307","     1252149  2"
"19308","     1252150  2"
"19309","     1252151  2"
"19310","     1252151  6"
"19311","     1253 10  2"
"19312","     1253 12  2"
"19313","     1253 13  2"
"19314","     1253 13  3"
"19315","     1253 14  2"
"19316","     1253 16  2"
"19317","     1253 49  2"
"19318","     1253 50  5"
"19319","     1253 51  6"
"19320","     1253 52  2"
"19321","     1253 53  2"
"19322","     1253 54  4"
"19323","     1253 56  2"
"19324","     1253 56  3"
"19325","     1253 89  2"
"19326","     1253 91  2"
"19327","     1253 91  7"
"19328","     1253 92  2"
"19329","     1253 94  2"
"19330","     1253 95  2"
"19331","     1253 96  2"
"19332","     1253 96  4"
"19333","     1253129  2"
"19334","     1253130  3"
"19335","     1253131  2"
"19336","     1253132  2"
"19337","     1254 10  2"
"19338","     1254 11  2"
"19339","     1254 12  2"
"19340","     1254 12  4"
"19341","     1254 13  2"
"19342","     1254 13  5"
"19343","     1254 13  9"
"19344","     1254 14  3"
"19345","     1254 16  2"
"19346","     1254 16  6"
"19347","     1254 17  2"
"19348","     1254 25  2"
"19349","     1254 26  4"
"19350","     1254 27  2"
"19351","     1254 28  2"
"19352","     1254 29  3"
"19353","     1254 30  2"
"19354","     1254 31  2"
"19355","     1254 31  4"
"19356","     1254 31  8"
"19357","     1254 32  2"
"19358","     1254 50  2"
"19359","     1254 51  5"
"19360","     1254 52  2"
"19361","     1254 52  5"
"19362","     1254 52  8"
"19363","     1254 54  2"
"19364","     1254 55  2"
"19365","     1254 56  1"
"19366","     1254 57  2"
"19367","     1254 66  3"
"19368","     1254 69  2"
"19369","     1254 70  2"
"19370","     1254 71  2"
"19371","     1254 71  5"
"19372","     1254 71  6"
"19373","     1254 72  2"
"19374","     1256 18  1"
"19375","     1256 19  5"
"19376","     1256 20  2"
"19377","     1256 22  2"
"19378","     1256 23  2"
"19379","     1256 23  4"
"19380","     1256 24  3"
"19381","     1256 57  2"
"19382","     1256 58  2"
"19383","     1256 60  1"
"19384","     1256 60  2"
"19385","     1256 61  4"
"19386","     1256 61  5"
"19387","     1256 62  2"
"19388","     1256 64  2"
"19389","     1256106  2"
"19390","     1256106  6"
"19391","     1256106  8"
"19392","     1256108  7"
"19393","     1256110  2"
"19394","     1256110  5"
"19395","     1257  9  1"
"19396","     1257  9  6"
"19397","     1257 10  2"
"19398","     1257 11  2"
"19399","     1257 13  2"
"19400","     1257 13  5"
"19401","     1257 14  2"
"19402","     1257 15  3"
"19403","     1257 16  2"
"19404","     1257 35  2"
"19405","     1257 36  2"
"19406","     1257 37  2"
"19407","     1257 37  6"
"19408","     1257 40  3"
"19409","     1257 59  4"
"19410","     1257 60  2"
"19411","     1257 61  2"
"19412","     1257 62  2"
"19413","     1258 17  2"
"19414","     1258 18  2"
"19415","     1258 20  2"
"19416","     1258 21  2"
"19417","     1258 23  4"
"19418","     1258 24  2"
"19419","     1258 24  4"
"19420","     1258 24 10"
"19421","     1258 49  2"
"19422","     1258 49  5"
"19423","     1258 50  2"
"19424","     1258 51  2"
"19425","     1258 51  3"
"19426","     1258 54  2"
"19427","     1258 56  2"
"19428","     1258 82  2"
"19429","     1258 83  2"
"19430","     1258 84  2"
"19431","     1258 85  2"
"19432","     1261  9  2"
"19433","     1261 10  2"
"19434","     1261 12  2"
"19435","     1261 13  2"
"19436","     1261 15  2"
"19437","     1261 16  2"
"19438","     1261 43  2"
"19439","     1261 43  5"
"19440","     1261 44  2"
"19441","     1261 45  4"
"19442","     1261 46  2"
"19443","     1261 48  2"
"19444","     1261 48  5"
"19445","     1261 49  2"
"19446","     1261 84  2"
"19447","     1261 85  2"
"19448","     1261 86  2"
"19449","     1261 88  2"
"19450","     1261 89  2"
"19451","     1261 90  2"
"19452","     1261124  2"
"19453","     1261124  3"
"19454","     1261124  5"
"19455","     1261125  2"
"19456","     1261126  2"
"19457","     1262  3  2"
"19458","     1262  5  2"
"19459","     1262  5  4"
"19460","     1262  7  2"
"19461","     1262 33  2"
"19462","     1262 37  2"
"19463","     1262 37  4"
"19464","     1262 74  2"
"19465","     1262 75  1"
"19466","     1262 79  2"
"19467","     1262105  1"
"19468","     1262106  2"
"19469","     1262107  2"
"19470","     1262108  2"
"19471","     1262109  2"
"19472","     1262109  6"
"19473","     1262110  2"
"19474","     1262112  2"
"19475","     1262138  2"
"19476","     1262139  5"
"19477","     1262143  7"
"19478","     1262144  2"
"19479","     1262144  5"
"19480","     1263  9  2"
"19481","     1263 10  2"
"19482","     1263 12  2"
"19483","     1263 13  2"
"19484","     1263 15  2"
"19485","     1263 15  3"
"19486","     1263 15  5"
"19487","     1263 41  2"
"19488","     1263 41  3"
"19489","     1263 42  4"
"19490","     1263 49  2"
"19491","     1263 81  2"
"19492","     1263 82  2"
"19493","     1263 82  3"
"19494","     1263 84  2"
"19495","     1263 85  2"
"19496","     1263 85  3"
"19497","     1263 86  2"
"19498","     1263 88  2"
"19499","     1263 88  3"
"19500","     1263 89  2"
"19501","     1263121  2"
"19502","     1263123  2"
"19503","     1263125  2"
"19504","     1263127  2"
"19505","     1263129  2"
"19506","     1263129  3"
"19507","     1263129  5"
"19508","     1266  8  2"
"19509","     1266 12  5"
"19510","     1266 16  2"
"19511","     1266 21  3"
"19512","     1266 25  3"
"19513","     1266 29  3"
"19514","     1266 33  2"
"19515","     1266 37  3"
"19516","     1266 37  5"
"19517","     1266 42  5"
"19518","     1266 46  4"
"19519","     1266 46  5"
"19520","     1266 50  3"
"19521","     1266 50  4"
"19522","     1266 50  5"
"19523","     1266 54  2"
"19524","     1266 59  2"
"19525","     1266 63  2"
"19526","     1266 67  3"
"19527","     1266 71  3"
"19528","     1266 71  4"
"19529","     1266 80  3"
"19530","     1266 80  4"
"19531","     1266 84  2"
"19532","     1266 88  4"
"19533","     1266 88  5"
"19534","     1266 88  7"
"19535","     1267  3  3"
"19536","     1267  7  4"
"19537","     1267  7  5"
"19538","     1267 16  2"
"19539","     1267 16  3"
"19540","     1267 21  2"
"19541","     1267 25  3"
"19542","     1267 25  4"
"19543","     1267 30  2"
"19544","     1267 30  6"
"19545","     1267 34  1"
"19546","     1267 48  2"
"19547","     1267 53  4"
"19548","     1267 57  1"
"19549","     1267 66  1"
"19550","     1267 80  3"
"19551","     1267 80  4"
"19552","     1267 84  2"
"19553","     1268  2  2"
"19554","     1268  7  2"
"19555","     1268  7  3"
"19556","     1268 12  2"
"19557","     1268 12  3"
"19558","     1268 16  1"
"19559","     1268 21  2"
"19560","     1268 21  4"
"19561","     1268 35  2"
"19562","     1268 40  2"
"19563","     1268 44  2"
"19564","     1268 54  1"
"19565","     1268 58  2"
"19566","     1268 68  2"
"19567","     1268 72  2"
"19568","     1268 77  2"
"19569","     1268 77  5"
"19570","     1268 82  1"
"19571","     1268 86  3"
"19572","     1268 86  4"
"19573","     1268100  2"
"19574","     1268110  3"
"19575","     1268110  4"
"19576","     1268119  3"
"19577","     1268119  4"
"19578","     1268123  2"
"19579","     1268133  2"
"19580","     1269  2  2"
"19581","     1269 10  2"
"19582","     1269 19  2"
"19583","     1269 19  4"
"19584","     1269 37  1"
"19585","     1269 41  4"
"19586","     1269 41  5"
"19587","     1269 59  3"
"19588","     1269 64  3"
"19589","     1269 64  5"
"19590","     1269 68  3"
"19591","     1269 77  2"
"19592","     1269 81  2"
"19593","     1269 86  3"
"19594","     1269103  1"
"19595","     1269112  2"
"19596","     1269130  2"
"19597","     1269134  2"
"19598","     1269139  2"
"19599","     1271  3  3"
"19600","     1271  3  4"
"19601","     1271 12  2"
"19602","     1271 16  4"
"19603","     1271 25  2"
"19604","     1271 25  5"
"19605","     1271 30  3"
"19606","     1271 30  4"
"19607","     1271 43  2"
"19608","     1271 43  5"
"19609","     1271 48  3"
"19610","     1271 52  3"
"19611","     1271 57  2"
"19612","     1271 62  1"
"19613","     1271 66  2"
"19614","     1271 66  3"
"19615","     1271 71  2"
"19616","     1271 75  3"
"19617","     1271 75  4"
"19618","     1271 93  4"
"19619","     1271 98  2"
"19620","     1271107  1"
"19621","     1271111  1"
"19622","     1272  2  2"
"19623","     1272  6  2"
"19624","     1272  6  3"
"19625","     1272 12  2"
"19626","     1272 12  3"
"19627","     1272 19  2"
"19628","     1272 28  4"
"19629","     1272 32  2"
"19630","     1272 35  1"
"19631","     1272 38  2"
"19632","     1272 44  1"
"19633","     1272 48  2"
"19634","     1272 48  4"
"19635","     1272 54  2"
"19636","     1272 61  2"
"19637","     1272 70  2"
"19638","     1273  8  2"
"19639","     1273 12  2"
"19640","     1273 17  3"
"19641","     1273 17  5"
"19642","     1273 40  1"
"19643","     1273 49  2"
"19644","     1273 53  3"
"19645","     1273 53  4"
"19646","     1273 58  2"
"19647","     1273 62  2"
"19648","     1273 67  2"
"19649","     1273 67  5"
"19650","     1273 72  2"
"19651","     1273 76  2"
"19652","     1273 76  3"
"19653","     1273 85  2"
"19654","     1273 90  2"
"19655","     1273 94  2"
"19656","     1273 99  2"
"19657","     1273 99  3"
"19658","     1273103  4"
"19659","     1273117  2"
"19660","     1273122  3"
"19661","     1273126  2"
"19662","     1273126  3"
"19663","     1273135  2"
"19664","     1273140  3"
"19665","     1273144  2"
"19666","     1273144  3"
"19667","     1273149  3"
"19668","     1273154  2"
"19669","     1273154  4"
"19670","     1276  6  2"
"19671","     1276 10  2"
"19672","     1276 15  2"
"19673","     1276 19  4"
"19674","     1276 23  5"
"19675","     1276 23  9"
"19676","     1276 32  2"
"19677","     1276 36  1"
"19678","     1276 41  2"
"19679","     1276 45  3"
"19680","     1276 50  1"
"19681","     1276 50  3"
"19682","     1276 54  2"
"19683","     1276 58  1"
"19684","     1276 63  2"
"19685","     1276 67  2"
"19686","     1276 71  2"
"19687","     1277  1  2"
"19688","     1277  5  3"
"19689","     1277 21  2"
"19690","     1277 25  3"
"19691","     1277 25  6"
"19692","     1277 29  4"
"19693","     1277 29  5"
"19694","     1277 33  2"
"19695","     1277 33  4"
"19696","     1277 50  2"
"19697","     1277 50  3"
"19698","     1277 54  3"
"19699","     1277 58  3"
"19700","     1277 58  4"
"19701","     1277 70  2"
"19702","     1277 74  2"
"19703","     1277 74  3"
"19704","     1278  3  2"
"19705","     1278 12  2"
"19706","     1278 21  2"
"19707","     1278 25  2"
"19708","     1278 29  2"
"19709","     1278 43  2"
"19710","     1278 47  3"
"19711","     1278 47  5"
"19712","     1278 51  2"
"19713","     1278 51  3"
"19714","     1278 56  2"
"19715","     1278 56  3"
"19716","     1278 60  1"
"19717","     1278 60  3"
"19718","     1278 69  2"
"19719","     1278 73  2"
"19720","     1278 78  2"
"19721","     1278 78  3"
"19722","     1278 82  2"
"19723","     1278 87  2"
"19724","     1278 91  2"
"19725","     1278 91  3"
"19726","     1278 91  4"
"19727","     1278 95  1"
"19728","     1278100  2"
"19729","     1279  3  3"
"19730","     1279 11  2"
"19731","     1279 11  3"
"19732","     1279 11  4"
"19733","     1279 15  2"
"19734","     1279 15  3"
"19735","     1279 19  2"
"19736","     1279 28  2"
"19737","     1279 32  1"
"19738","     1279 53  2"
"19739","     1279 57  4"
"19740","     1279 61  1"
"19741","     1279 61  5"
"19742","     1279 69  3"
"19743","     1279 73  2"
"19744","     1279 73  3"
"19745","     1279 73  4"
"19746","     1279 81  1"
"19747","     1279 86  3"
"19748","     1279 86  5"
"19749","     1279 90  1"
"19750","     1279 94  8"
"19751","     1281  4  2"
"19752","     1281  8  1"
"19753","     1281  8  3"
"19754","     1281  8  5"
"19755","     1281 17  2"
"19756","     1281 17  3"
"19757","     1281 21  2"
"19758","     1281 26  2"
"19759","     1281 26  3"
"19760","     1281 26  4"
"19761","     1281 34  2"
"19762","     1281 34  3"
"19763","     1281 39  1"
"19764","     1281 39  3"
"19765","     1281 43  2"
"19766","     1281 47  2"
"19767","     1281 47  3"
"19768","     1281 52  2"
"19769","     1281 52  3"
"19770","     1281 56  2"
"19771","     1281 56  5"
"19772","     1281 60  2"
"19773","     1281 60  3"
"19774","     1281 60  4"
"19775","     1281 65  2"
"19776","     1282  6  2"
"19777","     1282 11  2"
"19778","     1282 11  3"
"19779","     1282 11  4"
"19780","     1282 15  2"
"19781","     1282 15  3"
"19782","     1282 15  6"
"19783","     1282 19  2"
"19784","     1282 19  3"
"19785","     1282 23  2"
"19786","     1282 27  2"
"19787","     1282 36  2"
"19788","     1282 44  2"
"19789","     1282 44  3"
"19790","     1282 53  1"
"19791","     1282 57  2"
"19792","     1282 57  3"
"19793","     1282 61  2"
"19794","     1282 66  1"
"19795","     1282 66  2"
"19796","     1282 70  2"
"19797","     1282 70  3"
"19798","     1282 74  5"
"19799","     1282 74  6"
"19800","     1282 78  2"
"19801","     1282 78  3"
"19802","     1282 78  4"
"19803","     1282 83  2"
"19804","     1282 87  2"
"19805","     1283 10  2"
"19806","     1283 10  3"
"19807","     1283 10  6"
"19808","     1283 15  1"
"19809","     1283 23  2"
"19810","     1283 32  3"
"19811","     1283 36  2"
"19812","     1283 41  2"
"19813","     1283 45  2"
"19814","     1283 50  2"
"19815","     1283 50  5"
"19816","     1283 58  1"
"19817","     1283 71  1"
"19818","     1283 71  2"
"19819","     1283 84  2"
"19820","     1283 89  2"
"19821","     1283 89  5"
"19822","     1283 93  2"
"19823","     1283 93  3"
"19824","     1286  3  2"
"19825","     1286  7  2"
"19826","     1286 14  2"
"19827","     1286 17  1"
"19828","     1286 20  2"
"19829","     1286 24  3"
"19830","     1286 27  2"
"19831","     1286 31  3"
"19832","     1286 34  2"
"19833","     1286 38  2"
"19834","     1286 38  3"
"19835","     1286 41  2"
"19836","     1286 44  2"
"19837","     1286 44  3"
"19838","     1286 48  1"
"19839","     1286 51  2"
"19840","     1286 55  2"
"19841","     1287  2  2"
"19842","     1287 10  2"
"19843","     1287 13  2"
"19844","     1287 17  2"
"19845","     1287 20  5"
"19846","     1287 24  2"
"19847","     1287 24  3"
"19848","     1287 31  2"
"19849","     1287 35  3"
"19850","     1287 38  2"
"19851","     1287 42  2"
"19852","     1287 46  2"
"19853","     1287 46  3"
"19854","     1287 46  4"
"19855","     1287 49  2"
"19856","     1287 49  3"
"19857","     1287 53  2"
"19858","     1287 64  2"
"19859","     1287 64  3"
"19860","     1287 64  5"
"19861","     1287 67  2"
"19862","     1287 71  2"
"19863","     1287 71  5"
"19864","     1288  2  2"
"19865","     1288  6  1"
"19866","     1288  6  5"
"19867","     1288 10  2"
"19868","     1288 10  4"
"19869","     1288 14  1"
"19870","     1288 18  2"
"19871","     1288 22  2"
"19872","     1288 26  2"
"19873","     1288 34  2"
"19874","     1288 38  2"
"19875","     1288 38  4"
"19876","     1288 42  1"
"19877","     1288 42  6"
"19878","     1288 46  1"
"19879","     1288 51  1"
"19880","     1288 55  2"
"19881","     1288 55  7"
"19882","     1288 59  2"
"19883","     1288 59  4"
"19884","     1288 67  2"
"19885","     1288 79  2"
"19886","     1288 79  3"
"19887","     1288 83  2"
"19888","     1288 87  2"
"19889","     1288 95  2"
"19890","     1288 99  2"
"19891","     1288103  2"
"19892","     1288108  2"
"19893","     1291  1  2"
"19894","     1291  6  2"
"19895","     1291  6  3"
"19896","     1291 11  2"
"19897","     1291 21  4"
"19898","     1291 21  5"
"19899","     1291 26  2"
"19900","     1291 37  2"
"19901","     1291 42  2"
"19902","     1291 47  2"
"19903","     1291 52  2"
"19904","     1291 57  2"
"19905","     1291 62  2"
"19906","     1291 67  1"
"19907","     1291 67  5"
"19908","     1291 67  6"
"19909","     1291 72  2"
"19910","     1291 77  2"
"19911","     1291 88  1"
"19912","     1291 93  3"
"19913","     1291 98  3"
"19914","     1291108  1"
"19915","     1291113  4"
"19916","     1292 15  5"
"19917","     1292 15  6"
"19918","     1292 23  6"
"19919","     1292 27  2"
"19920","     1292 32  2"
"19921","     1292 40  3"
"19922","     1292 40  4"
"19923","     1292 44  2"
"19924","     1292 48  3"
"19925","     1292 48  7"
"19926","     1292 52  4"
"19927","     1292 57  2"
"19928","     1292 61  2"
"19929","     1292 65  2"
"19930","     1292 65  3"
"19931","     1292 65  5"
"19932","     1292 69  4"
"19933","     1292 73  2"
"19934","     1292 90  2"
"19935","     1292 94  2"
"19936","     1292 98  2"
"19937","     1292102  2"
"19938","     1293  4  2"
"19939","     1293  4  3"
"19940","     1293  9  1"
"19941","     1293 14  2"
"19942","     1293 18  3"
"19943","     1293 32  1"
"19944","     1293 36  2"
"19945","     1293 41  1"
"19946","     1293 41  2"
"19947","     1293 50  2"
"19948","     1293 55  2"
"19949","     1293 55  4"
"19950","     1293 59  2"
"19951","     1293 64  2"
"19952","     1293 64  3"
"19953","     1293 64  4"
"19954","     1293 87  1"
"19955","     1293 91  2"
"19956","     1293 96  3"
"19957","     1293105  2"
"19958","     1293110  2"
"19959","     1294  4  2"
"19960","     1294  4  3"
"19961","     1294  8  6"
"19962","     1294 12  2"
"19963","     1294 12  3"
"19964","     1294 12  5"
"19965","     1294 16  5"
"19966","     1294 21  5"
"19967","     1294 29  2"
"19968","     1294 29  3"
"19969","     1294 33  2"
"19970","     1294 37  2"
"19971","     1294 41  2"
"19972","     1294 41  3"
"19973","     1294 41  5"
"19974","     1294 45  1"
"19975","     1294 45  2"
"19976","     1294 45  4"
"19977","     1294 50  2"
"19978","     1294 54  1"
"19979","     1294 58  2"
"19980","     1294 58  3"
"19981","     1294 62  2"
"19982","     1294 62  3"
"19983","     1294 66  3"
"19984","     1294 70  1"
"19985","     1294 74  2"
"19986","     1294 79  3"
"19987","     1294 83  1"
"19988","     1294 83  3"
"19989","     1294 83  5"
"19990","     1296  1  2"
"19991","     1296  1  3"
"19992","     1296  6  2"
"19993","     1296  6  5"
"19994","     1296 15  2"
"19995","     1296 19  2"
"19996","     1296 19  5"
"19997","     1296 24  4"
"19998","     1296 33  2"
"19999","     1296 37  2"
"20000","     1296 46  2"
"20001","     1296 46  3"
"20002","     1296 51  2"
"20003","     1296 55  2"
"20004","     1296 60  1"
"20005","     1296 60  5"
"20006","     1296 64  2"
"20007","     1296 64  3"
"20008","     1296 69  2"
"20009","     1296 69  4"
"20010","     1296 73  2"
"20011","     1296 73  4"
"20012","     1296 78  2"
"20013","     1296 82  2"
"20014","     1296 82  4"
"20015","     1296 87  2"
"20016","     1296 87  3"
"20017","     1296 87  4"
"20018","     1296 87  7"
"20019","     1297  5  3"
"20020","     1297  5  4"
"20021","     1297  8  2"
"20022","     1297 12  2"
"20023","     1297 12  6"
"20024","     1297 15  2"
"20025","     1297 18  2"
"20026","     1297 18  3"
"20027","     1297 21  3"
"20028","     1297 21  4"
"20029","     1297 25  2"
"20030","     1297 31  2"
"20031","     1297 34  2"
"20032","     1297 37  2"
"20033","     1297 44  2"
"20034","     1297 47  8"
"20035","     1297 50  2"
"20036","     1297 53  3"
"20037","     1297 57  6"
"20038","     1297 57  7"
"20039","     1297 57  8"
"20040","     1297 60  2"
"20041","     1298  4  2"
"20042","     1298  8  2"
"20043","     1298 13  1"
"20044","     1298 17  2"
"20045","     1298 21  2"
"20046","     1298 25  2"
"20047","     1298 30  1"
"20048","     1298 34  2"
"20049","     1298 38  2"
"20050","     1298 43  2"
"20051","     1298 47  2"
"20052","     1298 51  2"
"20053","     1298 51  3"
"20054","     1298 55  2"
"20055","     1298 64  2"
"20056","     1298 68  2"
"20057","     1298 68  4"
"20058","     1298 73  1"
"20059","     1298 77  2"
"20060","     1298 81  4"
"20061","     1298 81  6"
"20062","     1298 81  8"
"20063","     1298 85  2"
"20064","     1298 90  2"
"20065","     1301  2  7"
"20066","     1301  2  8"
"20067","     1301  7  2"
"20068","     1301 11  2"
"20069","     1301 16  2"
"20070","     1301 21  2"
"20071","     1301 21  3"
"20072","     1301 26  2"
"20073","     1301 30  1"
"20074","     1301 35  2"
"20075","     1301 40  6"
"20076","     1301 49  3"
"20077","     1301 49  4"
"20078","     1301 54  3"
"20079","     1301 59  4"
"20080","     1301 64  2"
"20081","     1301 68  6"
"20082","     1301 73  5"
"20083","     1301 78  2"
"20084","     1301 78  3"
"20085","     1301 83  2"
"20086","     1301 83  3"
"20087","     1301 83  5"
"20088","     1301 87  3"
"20089","     1301 92  1"
"20090","     1301 92  2"
"20091","     1302  6  1"
"20092","     1302  6  2"
"20093","     1302  9  1"
"20094","     1302 12  2"
"20095","     1302 12  3"
"20096","     1302 16  1"
"20097","     1302 16  3"
"20098","     1302 16  4"
"20099","     1302 19  2"
"20100","     1302 19  3"
"20101","     1302 19  4"
"20102","     1302 26  2"
"20103","     1302 29  1"
"20104","     1302 32  2"
"20105","     1302 32  4"
"20106","     1302 42  2"
"20107","     1302 42  4"
"20108","     1302 45  1"
"20109","     1302 49  3"
"20110","     1302 49  4"
"20111","     1302 59  2"
"20112","     1302 62  2"
"20113","     1302 62  3"
"20114","     1303  3  2"
"20115","     1303  3  4"
"20116","     1303  7  2"
"20117","     1303 11  1"
"20118","     1303 11  3"
"20119","     1303 19  2"
"20120","     1303 19  3"
"20121","     1303 19  4"
"20122","     1303 19  5"
"20123","     1303 23  2"
"20124","     1303 23  3"
"20125","     1303 27  2"
"20126","     1303 27  3"
"20127","     1303 27  4"
"20128","     1303 31  3"
"20129","     1303 31  4"
"20130","     1303 31  7"
"20131","     1303 35  2"
"20132","     1303 39  1"
"20133","     1303 39  2"
"20134","     1303 47  2"
"20135","     1303 50  2"
"20136","     1303 54  2"
"20137","     1303 66  2"
"20138","     1303 70  2"
"20139","     1303 70  4"
"20140","     1303 82  1"
"20141","     1303 90  2"
"20142","     1306  7  4"
"20143","     1306 10  2"
"20144","     1306 14  2"
"20145","     1306 17  2"
"20146","     1306 35  2"
"20147","     1306 39  2"
"20148","     1306 39  4"
"20149","     1306 42  2"
"20150","     1306 46  1"
"20151","     1306 49  2"
"20152","     1306 60  2"
"20153","     1306 63  1"
"20154","     1306 67  2"
"20155","     1306 70  2"
"20156","     1306 78  2"
"20157","     1307  2  2"
"20158","     1307  6  2"
"20159","     1307  8  2"
"20160","     1307 10  2"
"20161","     1307 12  2"
"20162","     1307 15  2"
"20163","     1307 15  3"
"20164","     1307 19  3"
"20165","     1307 21  2"
"20166","     1307 32  3"
"20167","     1307 47  2"
"20168","     1307 47  4"
"20169","     1307 47  5"
"20170","     1307 55  4"
"20171","     1307 59  1"
"20172","     1307 61  1"
"20173","     1307 64  2"
"20174","     1307 64  3"
"20175","     1307 66  3"
"20176","     1308  2  2"
"20177","     1308 14  2"
"20178","     1308 22  2"
"20179","     1308 25  3"
"20180","     1308 30  2"
"20181","     1308 37  2"
"20182","     1308 40  2"
"20183","     1308 50  2"
"20184","     1308 60  2"
"20185","     1308 63  2"
"20186","     1308 65  2"
"20187","     1308 68  2"
"20188","     1308 71  3"
"20189","     1308 73  2"
"20190","     1308 76  2"
"20191","     1308 81  2"
"20192","     1308 86  2"
"20193","     1308 91  2"
"20194","     1308 93  2"
"20195","     1308101  2"
"20196","     1309  5  2"
"20197","     1309  5  3"
"20198","     1309 15  2"
"20199","     1309 23  2"
"20200","     1309 28  2"
"20201","     1309 36  2"
"20202","     1309 41  2"
"20203","     1309 41  4"
"20204","     1309 49  4"
"20205","     1309 57  1"
"20206","     1309 65  3"
"20207","     1309 65  4"
"20208","     1309 65  5"
"20209","     1309 67  1"
"20210","     1309 70  4"
"20211","     1309 72  2"
"20212","     1309 75  2"
"20213","     1311  1  2"
"20214","     1311  4  2"
"20215","     1311  5  2"
"20216","     1311  8  2"
"20217","     1311 10  2"
"20218","     1311 11  2"
"20219","     1312  2  2"
"20220","     1312  2  4"
"20221","     1312  2  5"
"20222","     1312  2  8"
"20223","     1312  3  2"
"20224","     1312  4  2"
"20225","     1312  5  5"
"20226","     1312  6  2"
"20227","     1312  6  4"
"20228","     1312  6  6"
"20229","     1312  7  2"
"20230","     1312 33  2"
"20231","     1312 34  2"
"20232","     1312 34  3"
"20233","     1312 34  4"
"20234","     1312 35  2"
"20235","     1312 35  5"
"20236","     1312 35  8"
"20237","     1312 36  2"
"20238","     1312 37  3"
"20239","     1312 38  1"
"20240","     1312 39  3"
"20241","     1312 39  4"
"20242","     1312 40  2"
"20243","     1312 66  2"
"20244","     1312 67  2"
"20245","     1312 67  5"
"20246","     1312 69  3"
"20247","     1312 70  2"
"20248","     1312 70  3"
"20249","     1312 97  4"
"20250","     1312 98  2"
"20251","     1312100  2"
"20252","     1312101  2"
"20253","     1312101  5"
"20254","     1312102  4"
"20255","     1312103  2"
"20256","     1312104  2"
"20257","     1312104  3"
"20258","     1312129  1"
"20259","     1312132  2"
"20260","     1312133  2"
"20261","     1312133  3"
"20262","     1312134  2"
"20263","     1312136  1"
"20264","     1312136  2"
"20265","     1313  1  2"
"20266","     1313  2  2"
"20267","     1313  2  3"
"20268","     1313  3  2"
"20269","     1313  4  3"
"20270","     1313  6  2"
"20271","     1313  7  2"
"20272","     1313 18  2"
"20273","     1313 18  3"
"20274","     1313 18  4"
"20275","     1313 19  3"
"20276","     1313 20  2"
"20277","     1313 20  4"
"20278","     1313 20  6"
"20279","     1313 21  1"
"20280","     1313 22  2"
"20281","     1313 23  2"
"20282","     1313 24  2"
"20283","     1313 34  2"
"20284","     1313 38  2"
"20285","     1313 39  2"
"20286","     1313 40  2"
"20287","     1313 51  2"
"20288","     1313 52  2"
"20289","     1313 53  1"
"20290","     1313 57  2"
"20291","     1313 59  2"
"20292","     1313 59  4"
"20293","     1313 60  2"
"20294","     1313 60  3"
"20295","     1313 64  2"
"20296","     1316  3  2"
"20297","     1316  7  3"
"20298","     1316 18  7"
"20299","     1316 29  2"
"20300","     1316 33  2"
"20301","     1316 36  2"
"20302","     1316 36  5"
"20303","     1316 44  4"
"20304","     1316 47  2"
"20305","     1316 47  3"
"20306","     1316 62  2"
"20307","     1316 66  2"
"20308","     1316 69  2"
"20309","     1316 73  2"
"20310","     1316 77  2"
"20311","     1317  1  2"
"20312","     1317  1  3"
"20313","     1317  5  1"
"20314","     1317 18  2"
"20315","     1317 22  2"
"20316","     1317 22  3"
"20317","     1317 22  4"
"20318","     1317 22  7"
"20319","     1317 26  2"
"20320","     1317 26  5"
"20321","     1317 34  2"
"20322","     1317 38  3"
"20323","     1317 42  2"
"20324","     1317 46  2"
"20325","     1317 46  5"
"20326","     1317 50  2"
"20327","     1317 54  2"
"20328","     1317 58  2"
"20329","     1317 67  2"
"20330","     1317 67  3"
"20331","     1317 71  2"
"20332","     1317 75  2"
"20333","     1317 79  2"
"20334","     1317 87  1"
"20335","     1317 91  2"
"20336","     1318  2  2"
"20337","     1318  5  2"
"20338","     1318  8  1"
"20339","     1318  8  2"
"20340","     1318  8  4"
"20341","     1318  8  6"
"20342","     1318 12  2"
"20343","     1318 15  3"
"20344","     1318 18  2"
"20345","     1318 22  3"
"20346","     1318 25  2"
"20347","     1318 28  2"
"20348","     1318 28  4"
"20349","     1318 32  4"
"20350","     1318 32  5"
"20351","     1318 35  2"
"20352","     1318 48  2"
"20353","     1318 48  3"
"20354","     1318 51  3"
"20355","     1318 58  1"
"20356","     1318 65  1"
"20357","     1318 68  2"
"20358","     1318 74  1"
"20359","     1318 78  2"
"20360","     1318 88  3"
"20361","     1318 91  5"
"20362","     1318 91  8"
"20363","     1318 94  6"
"20364","     1319  5  2"
"20365","     1319  8  2"
"20366","     1319 16  2"
"20367","     1319 19  1"
"20368","     1319 22  2"
"20369","     1319 22  5"
"20370","     1319 25  2"
"20371","     1319 31  4"
"20372","     1319 31  6"
"20373","     1319 39  2"
"20374","     1319 42  2"
"20375","     1319 45  2"
"20376","     1319 53  2"
"20377","     1319 53  4"
"20378","     1319 56  3"
"20379","     1319 56  4"
"20380","     1319 59  3"
"20381","     1319 59  4"
"20382","     1319 59  5"
"20383","     1319 62  2"
"20384","     1319 65  2"
"20385","     1319 68  4"
"20386","     1319 71  5"
"20387","     1319 79  2"
"20388","     1321  2  2"
"20389","     1321  7  5"
"20390","     1321  7  6"
"20391","     1321  7  8"
"20392","     1321 11  2"
"20393","     1321 11  4"
"20394","     1321 15  3"
"20395","     1321 24  3"
"20396","     1321 28  1"
"20397","     1321 36  2"
"20398","     1321 49  3"
"20399","     1321 57  2"
"20400","     1321 57  3"
"20401","     1321 57  4"
"20402","     1321 66  2"
"20403","     1321 74  1"
"20404","     1321 74  2"
"20405","     1321 83  1"
"20406","     1321 91  2"
"20407","     1321 91  3"
"20408","     1321 91  4"
"20409","     1321 91  7"
"20410","     1321 95  2"
"20411","     1321108  3"
"20412","     1322 16  5"
"20413","     1322 29  4"
"20414","     1322 33  3"
"20415","     1322 37  2"
"20416","     1322 37  4"
"20417","     1322 41  2"
"20418","     1322 46  2"
"20419","     1322 50  2"
"20420","     1322 63  2"
"20421","     1322 71  2"
"20422","     1322 71  5"
"20423","     1322 75  4"
"20424","     1322 80  2"
"20425","     1322 84  3"
"20426","     1322 88  2"
"20427","     1322 93  2"
"20428","     1322 97  2"
"20429","     1322 97  4"
"20430","     1322 97  6"
"20431","     1322101  2"
"20432","     1322101  3"
"20433","     1322101  5"
"20434","     1322110  1"
"20435","     1322110  4"
"20436","     1322110  6"
"20437","     1322114  4"
"20438","     1323  3  3"
"20439","     1323  7  3"
"20440","     1323 12  2"
"20441","     1323 16  2"
"20442","     1323 20  2"
"20443","     1323 25  2"
"20444","     1323 29  1"
"20445","     1323 29  5"
"20446","     1323 29  8"
"20447","     1323 38  2"
"20448","     1323 42  5"
"20449","     1323 46  2"
"20450","     1323 51  2"
"20451","     1323 55  2"
"20452","     1323 55  3"
"20453","     1323 55  4"
"20454","     1323 55  7"
"20455","     1323 59  2"
"20456","     1323 64  2"
"20457","     1323 68  2"
"20458","     1323 73  2"
"20459","     1323 77  2"
"20460","     1323 77  4"
"20461","     1323 81  2"
"20462","     1323 81  4"
"20463","     1323 86  2"
"20464","     1323 86  3"
"20465","     1323 90  2"
"20466","     1323 90  3"
"20467","     1323 90  6"
"20468","     1323 90 10"
"20469","     1323 94  2"
"20470","     1323 99  2"
"20471","     1323103  2"
"20472","     1323107  2"
"20473","     1323116  2"
"20474","     1323120  2"
"20475","     1323120  3"
"20476","     1323125  2"
"20477","     1323129  2"
"20478","     1323134  2"
"20479","     1326  4  2"
"20480","     1326  8  2"
"20481","     1326 12  2"
"20482","     1326 12  3"
"20483","     1326 12  5"
"20484","     1326 16  2"
"20485","     1326 16  3"
"20486","     1326 20  2"
"20487","     1326 24  2"
"20488","     1326 28  2"
"20489","     1326 32  2"
"20490","     1326 37  2"
"20491","     1326 41  2"
"20492","     1326 45  2"
"20493","     1326 61  2"
"20494","     1326 61  3"
"20495","     1326 61  4"
"20496","     1326 61  5"
"20497","     1326 65  1"
"20498","     1326 65  3"
"20499","     1326 65  5"
"20500","     1326 73  2"
"20501","     1326 77  2"
"20502","     1326 81  2"
"20503","     1326 94  2"
"20504","     1326 94  6"
"20505","     1326 98  2"
"20506","     1326102  2"
"20507","     1326102  3"
"20508","     1327  1  2"
"20509","     1327 14  2"
"20510","     1327 14  3"
"20511","     1327 22  3"
"20512","     1327 30  3"
"20513","     1327 30  4"
"20514","     1327 35  2"
"20515","     1327 43  2"
"20516","     1327 47  3"
"20517","     1327 51  1"
"20518","     1327 51  2"
"20519","     1327 55  1"
"20520","     1327 60  2"
"20521","     1327 72  2"
"20522","     1327 76  2"
"20523","     1327 76  6"
"20524","     1327 80  1"
"20525","     1327 85  2"
"20526","     1327 89  1"
"20527","     1327 93  2"
"20528","     1327 97  2"
"20529","     1328  3  5"
"20530","     1328  7  3"
"20531","     1328  7  6"
"20532","     1328 11  2"
"20533","     1328 16  2"
"20534","     1328 20  2"
"20535","     1328 20  3"
"20536","     1328 20  4"
"20537","     1328 33  2"
"20538","     1328 42  2"
"20539","     1328 42  3"
"20540","     1328 42  4"
"20541","     1328 51  1"
"20542","     1328 60  2"
"20543","     1328 64  3"
"20544","     1328 69  2"
"20545","     1328 73  2"
"20546","     1328 77  2"
"20547","     1329  1  3"
"20548","     1329  7  5"
"20549","     1329  7  6"
"20550","     1329 13  2"
"20551","     1329 13  3"
"20552","     1329 15  1"
"20553","     1329 15  2"
"20554","     1329 24  2"
"20555","     1329 24  7"
"20556","     1329 30  2"
"20557","     1329 38  4"
"20558","     1329 41  2"
"20559","     1329 44  4"
"20560","     1329 47  3"
"20561","     1329 47  4"
"20562","     1329 50  2"
"20563","     1329 52  1"
"20564","     1329 58  2"
"20565","     1329 61  2"
"20566","     1329 61  4"
"20567","     1329 64  4"
"20568","     1329 64  6"
"20569","     1329 67  2"
"20570","     1329 69  2"
"20571","     1329 69  4"
"20572","     1331  1  2"
"20573","     1331  5  2"
"20574","     1331 10  3"
"20575","     1331 14  2"
"20576","     1331 19  2"
"20577","     1331 23  2"
"20578","     1331 23  4"
"20579","     1331 27  3"
"20580","     1331 36  2"
"20581","     1331 45  2"
"20582","     1331 49  2"
"20583","     1331 58  2"
"20584","     1331 62  2"
"20585","     1331 62  5"
"20586","     1331 71  1"
"20587","     1331 71  5"
"20588","     1331 76  2"
"20589","     1331 80  2"
"20590","     1332  6  2"
"20591","     1332 15  2"
"20592","     1332 19  2"
"20593","     1332 23  1"
"20594","     1332 28  2"
"20595","     1332 32  1"
"20596","     1332 36  2"
"20597","     1332 40  3"
"20598","     1332 45  2"
"20599","     1332 49  2"
"20600","     1332 49  7"
"20601","     1332 53  2"
"20602","     1332 58  2"
"20603","     1332 62  2"
"20604","     1332 66  2"
"20605","     1332 71  2"
"20606","     1332 71  3"
"20607","     1332 71  6"
"20608","     1332 75  2"
"20609","     1332 83  2"
"20610","     1332 88  2"
"20611","     1332 92  2"
"20612","     1332 92  6"
"20613","     1332 96  2"
"20614","     1333  2  1"
"20615","     1333  2  2"
"20616","     1333  6  2"
"20617","     1333 10  2"
"20618","     1333 14  2"
"20619","     1333 18  2"
"20620","     1333 21  2"
"20621","     1333 25  2"
"20622","     1333 29  1"
"20623","     1333 37  2"
"20624","     1333 48  1"
"20625","     1333 48  4"
"20626","     1333 60  2"
"20627","     1333 64  2"
"20628","     1333 68  1"
"20629","     1333 68  3"
"20630","     1333 72  1"
"20631","     1333 75  2"
"20632","     1333 75  6"
"20633","     1333 79  1"
"20634","     1336  1  1"
"20635","     1336  6  2"
"20636","     1336 14  2"
"20637","     1336 14  3"
"20638","     1336 18  2"
"20639","     1336 18  3"
"20640","     1336 18  5"
"20641","     1336 27  2"
"20642","     1336 31  2"
"20643","     1336 40  2"
"20644","     1336 40  3"
"20645","     1336 44  3"
"20646","     1336 44  4"
"20647","     1336 48  2"
"20648","     1336 57  2"
"20649","     1336 61  2"
"20650","     1336 61  4"
"20651","     1336 61  5"
"20652","     1336 61  6"
"20653","     1336 65  2"
"20654","     1336 65  3"
"20655","     1336 70  3"
"20656","     1336 70  4"
"20657","     1336 70  5"
"20658","     1336 78  2"
"20659","     1336 78  3"
"20660","     1337  3  2"
"20661","     1337  7  4"
"20662","     1337 11  2"
"20663","     1337 15  2"
"20664","     1337 23  3"
"20665","     1337 27  1"
"20666","     1337 27  3"
"20667","     1337 31  2"
"20668","     1337 35  2"
"20669","     1337 35  3"
"20670","     1337 39  2"
"20671","     1337 43  2"
"20672","     1337 43  5"
"20673","     1337 47  2"
"20674","     1337 47  5"
"20675","     1337 51  2"
"20676","     1337 51  6"
"20677","     1338  3  2"
"20678","     1338  8  1"
"20679","     1338 16  2"
"20680","     1338 20  2"
"20681","     1338 24  2"
"20682","     1338 28  2"
"20683","     1338 36  2"
"20684","     1338 40  2"
"20685","     1338 40  3"
"20686","     1338 44  2"
"20687","     1338 52  2"
"20688","     1338 56  2"
"20689","     1338 65  2"
"20690","     1338 69  4"
"20691","     1338 73  2"
"20692","     1338 77  2"
"20693","     1338 77  4"
"20694","     1338 77  6"
"20695","     1338 81  2"
"20696","     1338 85  2"
"20697","     1338 89  2"
"20698","     1338 93  2"
"20699","     1338 97  2"
"20700","     1338101  2"
"20701","     1341  3  2"
"20702","     1341 10  2"
"20703","     1341 14  2"
"20704","     1341 17  5"
"20705","     1341 24  2"
"20706","     1341 28  2"
"20707","     1341 32  2"
"20708","     1341 36  2"
"20709","     1341 36  3"
"20710","     1341 39  1"
"20711","     1341 47  4"
"20712","     1341 51  3"
"20713","     1341 51  5"
"20714","     1341 58  3"
"20715","     1341 58  5"
"20716","     1341 58  8"
"20717","     1341 58 12"
"20718","     1341 77  2"
"20719","     1341 77  3"
"20720","     1342  7  2"
"20721","     1342 11  3"
"20722","     1342 11  5"
"20723","     1342 14  2"
"20724","     1342 18  2"
"20725","     1342 21  2"
"20726","     1342 36  2"
"20727","     1342 39  2"
"20728","     1342 43  2"
"20729","     1342 47  1"
"20730","     1342 50  4"
"20731","     1342 54  2"
"20732","     1342 54  5"
"20733","     1342 58  1"
"20734","     1342 61  2"
"20735","     1342 65  3"
"20736","     1342 68  2"
"20737","     1342 76  2"
"20738","     1342 76  7"
"20739","     1342 83  2"
"20740","     1342 86  2"
"20741","     1342 86  3"
"20742","     1342 90  2"
"20743","     1342 97  2"
"20744","     1342104  2"
"20745","     1342112  4"
"20746","     1342112  5"
"20747","     1342115  2"
"20748","     1342119  2"
"20749","     1342122  3"
"20750","     1342130  2"
"20751","     1342133  3"
"20752","     1342137  3"
"20753","     1343  7  2"
"20754","     1343  7  3"
"20755","     1343 12  2"
"20756","     1343 17  2"
"20757","     1343 21  2"
"20758","     1343 21  4"
"20759","     1343 31  2"
"20760","     1343 41  2"
"20761","     1343 46  1"
"20762","     1343 46  4"
"20763","     1343 46  7"
"20764","     1343 51  2"
"20765","     1343 60  2"
"20766","     1343 65  2"
"20767","     1343 65  3"
"20768","     1343 70  4"
"20769","     1343 75  2"
"20770","     1343 80  2"
"20771","     1343 85  2"
"20772","     1343 90  2"
"20773","     1343 94  2"
"20774","     1343104  2"
"20775","     1343109  3"
"20776","     1343109  6"
"20777","     1343114  2"
"20778","     1343124  2"
"20779","     1343128  2"
"20780","     1343133  2"
"20781","     1343133  3"
"20782","     1343138  1"
"20783","     1343143  2"
"20784","     1344  1  2"
"20785","     1344  3  3"
"20786","     1344  3  4"
"20787","     1344  6  2"
"20788","     1344  6  5"
"20789","     1344 10  2"
"20790","     1344 15  2"
"20791","     1344 24  1"
"20792","     1344 26  1"
"20793","     1344 29  3"
"20794","     1344 33  2"
"20795","     1344 40  2"
"20796","     1344 40  5"
"20797","     1344 42  2"
"20798","     1344 42  3"
"20799","     1344 45  3"
"20800","     1344 52  1"
"20801","     1346  3  2"
"20802","     1346  3  4"
"20803","     1346  8  2"
"20804","     1346 24  2"
"20805","     1346 34  2"
"20806","     1346 39  2"
"20807","     1346 45  2"
"20808","     1346 50  2"
"20809","     1346 60  1"
"20810","     1346 66  2"
"20811","     1346 71  2"
"20812","     1346 71  5"
"20813","     1346 71  8"
"20814","     1346 76  2"
"20815","     1346 76  3"
"20816","     1346 76  5"
"20817","     1347  4  2"
"20818","     1347  4  3"
"20819","     1347 13  3"
"20820","     1347 17  2"
"20821","     1347 17  4"
"20822","     1347 26  2"
"20823","     1347 26  5"
"20824","     1347 30  2"
"20825","     1347 34  2"
"20826","     1347 52  2"
"20827","     1347 56  2"
"20828","     1347 61  2"
"20829","     1347 65  2"
"20830","     1347 65  3"
"20831","     1347 65  6"
"20832","     1347 69  2"
"20833","     1347 74  3"
"20834","     1347 78  2"
"20835","     1347 82  2"
"20836","     1348  4  2"
"20837","     1348  4  3"
"20838","     1348  8  2"
"20839","     1348 12  2"
"20840","     1348 17  2"
"20841","     1348 17  3"
"20842","     1348 17  5"
"20843","     1348 25  3"
"20844","     1348 25  5"
"20845","     1348 29  2"
"20846","     1348 34  2"
"20847","     1348 38  2"
"20848","     1348 42  2"
"20849","     1348 46  2"
"20850","     1348 46  6"
"20851","     1348 51  2"
"20852","     1348 55  2"
"20853","     1348 63  1"
"20854","     1348 63  2"
"20855","     1348 63  4"
"20856","     1348 76  2"
"20857","     1348 80  2"
"20858","     1348 85  2"
"20859","     1348 97  2"
"20860","     1348102  2"
"20861","     1351  2  2"
"20862","     1351  7  2"
"20863","     1351 26  5"
"20864","     1351 26  6"
"20865","     1351 26  7"
"20866","     1351 30  2"
"20867","     1351 30  4"
"20868","     1351 30  6"
"20869","     1351 35  2"
"20870","     1351 40  2"
"20871","     1351 44  2"
"20872","     1351 49  3"
"20873","     1351 49  4"
"20874","     1351 59  2"
"20875","     1351 59  4"
"20876","     1351 59  5"
"20877","     1351 63  2"
"20878","     1351 63  3"
"20879","     1351 63  4"
"20880","     1351 68  2"
"20881","     1351 77  2"
"20882","     1352  4  1"
"20883","     1352 23  2"
"20884","     1352 28  2"
"20885","     1352 28  5"
"20886","     1352 28  7"
"20887","     1352 33  2"
"20888","     1352 33  4"
"20889","     1352 33  5"
"20890","     1352 38  2"
"20891","     1352 47  1"
"20892","     1352 57  2"
"20893","     1352 62  4"
"20894","     1352 67  2"
"20895","     1352 72  2"
"20896","     1352 77  4"
"20897","     1352 81  2"
"20898","     1352 81  5"
"20899","     1352 81  7"
"20900","     1352 86  1"
"20901","     1352 86  3"
"20902","     1352 96  2"
"20903","     1353  4  3"
"20904","     1353 10  2"
"20905","     1353 10  5"
"20906","     1353 17  2"
"20907","     1353 17  3"
"20908","     1353 17  4"
"20909","     1353 23  2"
"20910","     1353 36  2"
"20911","     1353 43  2"
"20912","     1353 69  5"
"20913","     1353 69  7"
"20914","     1356  4  2"
"20915","     1356 18  2"
"20916","     1356 23  2"
"20917","     1356 33  2"
"20918","     1356 37  3"
"20919","     1356 37  4"
"20920","     1356 37  5"
"20921","     1356 42  3"
"20922","     1356 47  2"
"20923","     1356 57  1"
"20924","     1356 62  2"
"20925","     1356 62  3"
"20926","     1356 66  2"
"20927","     1356 76  4"
"20928","     1356 81  2"
"20929","     1356 86  2"
"20930","     1357  9  2"
"20931","     1357 14  2"
"20932","     1357 19  2"
"20933","     1357 24  2"
"20934","     1357 30  2"
"20935","     1357 35  2"
"20936","     1357 35  3"
"20937","     1357 35  5"
"20938","     1357 45  2"
"20939","     1357 50  4"
"20940","     1357 55  2"
"20941","     1357 60  2"
"20942","     1357 65  2"
"20943","     1357 65  4"
"20944","     1357 65  8"
"20945","     1357 71  2"
"20946","     1357 76  3"
"20947","     1357 81  2"
"20948","     1357 86  4"
"20949","     1357 91  3"
"20950","     1357 91  6"
"20951","     1357 96  2"
"20952","     1357101  2"
"20953","     1357106  2"
"20954","     1357111  1"
"20955","     1357122  2"
"20956","     1357127  3"
"20957","     1357127  4"
"20958","     1357127  5"
"20959","     1357132  3"
"20960","     1357132  5"
"20961","     1357142  3"
"20962","     1357147  2"
"20963","     1357152  3"
"20964","     1357168  2"
"20965","     1357168  3"
"20966","     1358  1  2"
"20967","     1358  6  1"
"20968","     1358 11  2"
"20969","     1358 20  2"
"20970","     1358 25  2"
"20971","     1358 30  2"
"20972","     1358 35  4"
"20973","     1358 39  2"
"20974","     1358 44  1"
"20975","     1358 54  2"
"20976","     1358 63  2"
"20977","     1358 68  2"
"20978","     1358 73  2"
"20979","     1358 92  2"
"20980","     1358 97  2"
"20981","     1358 97  3"
"20982","     1358106  2"
"20983","     1358106  3"
"20984","     1358111  1"
"20985","     1358111  2"
"20986","     1359  1  2"
"20987","     1359  1  3"
"20988","     1359  3  2"
"20989","     1359  3  5"
"20990","     1359  4  2"
"20991","     1359  5  2"
"20992","     1359  7  2"
"20993","     1359 49  2"
"20994","     1359 50  2"
"20995","     1359 53  2"
"20996","     1359 89  2"
"20997","     1359 91  1"
"20998","     1359 93  2"
"20999","     1361  9  2"
"21000","     1361  9  4"
"21001","     1361 11  2"
"21002","     1361 12  2"
"21003","     1361 12  4"
"21004","     1361 12  5"
"21005","     1361 13  2"
"21006","     1361 14  2"
"21007","     1361 15  3"
"21008","     1361 16  2"
"21009","     1361 50  2"
"21010","     1361 50  5"
"21011","     1361 52  2"
"21012","     1361 52  3"
"21013","     1361 55  2"
"21014","     1361 56  2"
"21015","     1361 57  2"
"21016","     1361 58  2"
"21017","     1361 59  2"
"21018","     1362 25  1"
"21019","     1362 26  2"
"21020","     1362 28  2"
"21021","     1362 28  6"
"21022","     1362 29  2"
"21023","     1362 30  2"
"21024","     1362 30  4"
"21025","     1362 30  5"
"21026","     1362 31  2"
"21027","     1362 31  5"
"21028","     1362 32  2"
"21029","     1362 65  4"
"21030","     1362 66  2"
"21031","     1362 67  2"
"21032","     1362 70  2"
"21033","     1362105  4"
"21034","     1362106  1"
"21035","     1362107  2"
"21036","     1362108  2"
"21037","     1362108  3"
"21038","     1362109  2"
"21039","     1362111  2"
"21040","     1362137  2"
"21041","     1362137  5"
"21042","     1362138  3"
"21043","     1362139  1"
"21044","     1362139  3"
"21045","     1362140  2"
"21046","     1362141  4"
"21047","     1362142  2"
"21048","     1362142  4"
"21049","     1362143  2"
"21050","     1362144  2"
"21051","     1362144  5"
"21052","     1363 17  2"
"21053","     1363 18  2"
"21054","     1363 18  3"
"21055","     1363 19  2"
"21056","     1363 20  2"
"21057","     1363 21  4"
"21058","     1363 22  2"
"21059","     1363 22  3"
"21060","     1363 23  2"
"21061","     1363 24  6"
"21062","     1363 49  2"
"21063","     1363 50  2"
"21064","     1363 51  1"
"21065","     1363 54  2"
"21066","     1363 55  2"
"21067","     1363 55  3"
"21068","     1363 55  4"
"21069","     1363 55  5"
"21070","     1363 83  1"
"21071","     1363 83  3"
"21072","     1363 84  3"
"21073","     1363 84  6"
"21074","     1363 85  2"
"21075","     1363 86  2"
"21076","     1366  8  2"
"21077","     1366  8  4"
"21078","     1366  8  5"
"21079","     1366 13  3"
"21080","     1366 17  2"
"21081","     1366 22  1"
"21082","     1366 22  2"
"21083","     1366 22  3"
"21084","     1366 22  4"
"21085","     1366 22  5"
"21086","     1366 26  2"
"21087","     1366 31  2"
"21088","     1366 31  6"
"21089","     1366 35  2"
"21090","     1366 35  5"
"21091","     1366 39  1"
"21092","     1366 39  2"
"21093","     1366 39  5"
"21094","     1366 39 10"
"21095","     1366 44  2"
"21096","     1366 53  2"
"21097","     1366 53  9"
"21098","     1366 57  2"
"21099","     1366 57  3"
"21100","     1366 57  8"
"21101","     1366 62  2"
"21102","     1366 66  2"
"21103","     1366 70  3"
"21104","     1366 75  2"
"21105","     1366 75  4"
"21106","     1366 79  4"
"21107","     1366 84  2"
"21108","     1366 88  2"
"21109","     1366 93  2"
"21110","     1367  4  2"
"21111","     1367  8  2"
"21112","     1367  8  6"
"21113","     1367 13  2"
"21114","     1367 13  3"
"21115","     1367 26  2"
"21116","     1367 31  2"
"21117","     1367 35  2"
"21118","     1367 35  3"
"21119","     1367 40  3"
"21120","     1367 44  3"
"21121","     1367 44  5"
"21122","     1367 44  8"
"21123","     1367 49  2"
"21124","     1367 58  2"
"21125","     1367 62  2"
"21126","     1367 71  1"
"21127","     1367 76  1"
"21128","     1367 76  6"
"21129","     1367 80  2"
"21130","     1367 85  2"
"21131","     1367 89  2"
"21132","     1367 89  3"
"21133","     1367 94  2"
"21134","     1367 94  5"
"21135","     1367 98  3"
"21136","     1367 98  6"
"21137","     1368 23  2"
"21138","     1368 28  2"
"21139","     1368 37  2"
"21140","     1368 37  3"
"21141","     1368 41  2"
"21142","     1368 50  2"
"21143","     1368 50  3"
"21144","     1368 54  2"
"21145","     1368 54  7"
"21146","     1368 63  2"
"21147","     1368 68  2"
"21148","     1368 72  2"
"21149","     1368 81  2"
"21150","     1368 81  3"
"21151","     1371  4  3"
"21152","     1371  8  2"
"21153","     1371  8  4"
"21154","     1371  8  7"
"21155","     1371 12  3"
"21156","     1371 16  2"
"21157","     1371 29  1"
"21158","     1371 37  2"
"21159","     1371 45  2"
"21160","     1371 45  5"
"21161","     1371 45  7"
"21162","     1371 49  2"
"21163","     1371 58  2"
"21164","     1371 66  2"
"21165","     1371 66  3"
"21166","     1371 70  3"
"21167","     1371 79  2"
"21168","     1371 83  6"
"21169","     1371 91  2"
"21170","     1371 95  3"
"21171","     1372  7  1"
"21172","     1372 11  2"
"21173","     1372 11  4"
"21174","     1372 15  4"
"21175","     1372 15 10"
"21176","     1372 22  3"
"21177","     1372 22  6"
"21178","     1372 26  8"
"21179","     1372 26 10"
"21180","     1372 34  2"
"21181","     1372 34  3"
"21182","     1372 41  3"
"21183","     1372 41  6"
"21184","     1372 45  1"
"21185","     1372 45  3"
"21186","     1372 49  2"
"21187","     1372 53  3"
"21188","     1372 56  2"
"21189","     1372 60  2"
"21190","     1372 68  3"
"21191","     1372 71  1"
"21192","     1372 75  3"
"21193","     1372 79  5"
"21194","     1372 79  7"
"21195","     1372 90  2"
"21196","     1372 90  3"
"21197","     1372 90  8"
"21198","     1372 98  1"
"21199","     1372 98  2"
"21200","     1372102  1"
"21201","     1372105  2"
"21202","     1372105  3"
"21203","     1372109  3"
"21204","     1372117  1"
"21205","     1373  5  1"
"21206","     1373 11  1"
"21207","     1373 17  2"
"21208","     1373 17  3"
"21209","     1373 23  2"
"21210","     1373 23  4"
"21211","     1373 29  2"
"21212","     1373 42  2"
"21213","     1373 42  5"
"21214","     1373 48  1"
"21215","     1373 61  2"
"21216","     1373 61  5"
"21217","     1373 67  2"
"21218","     1373 79  2"
"21219","     1373 85  2"
"21220","     1373 92  2"
"21221","     1373 98  2"
"21222","     1373 98  4"
"21223","     1373 98  6"
"21224","     1373104  4"
"21225","     1373110  2"
"21226","     1373123  2"
"21227","     1373129  2"
"21228","     1373129  3"
"21229","     1373135  2"
"21230","     1373148  2"
"21231","     1373154  1"
"21232","     1373154  3"
"21233","     1373160  2"
"21234","     1373160  6"
"21235","     1373166  2"
"21236","     1373179  2"
"21237","     1373185  2"
"21238","     1373191  2"
"21239","     1373198  2"
"21240","     1373204  2"
"21241","     1373204  6"
"21242","     1373210  2"
"21243","     1373210  3"
"21244","     1373216  2"
"21245","     1373222  2"
"21246","     1373222  4"
"21247","     1373222  7"
"21248","     1373229  2"
"21249","     1373235  2"
"21250","     1373247  2"
"21251","     1376  1  2"
"21252","     1376 15  2"
"21253","     1376 19  3"
"21254","     1376 19  4"
"21255","     1376 19  5"
"21256","     1376 24  2"
"21257","     1376 28  2"
"21258","     1376 33  2"
"21259","     1376 37  1"
"21260","     1376 42  3"
"21261","     1376 42  5"
"21262","     1376 42  6"
"21263","     1376 42  7"
"21264","     1376 46  1"
"21265","     1376 46  2"
"21266","     1376 60  5"
"21267","     1376 64  2"
"21268","     1376 69  1"
"21269","     1376 73  3"
"21270","     1376 78  2"
"21271","     1376 78  4"
"21272","     1376 82  2"
"21273","     1376 87  1"
"21274","     1376 87  5"
"21275","     1376 91  3"
"21276","     1376 91  4"
"21277","     1376 96  2"
"21278","     1376104  3"
"21279","     1376104  4"
"21280","     1376104  5"
"21281","     1376109  4"
"21282","     1376113  6"
"21283","     1376127  5"
"21284","     1376127  6"
"21285","     1376131  5"
"21286","     1376131  6"
"21287","     1376131  7"
"21288","     1376136  2"
"21289","     1377  6  2"
"21290","     1377 10  2"
"21291","     1377 18  2"
"21292","     1377 23  1"
"21293","     1377 35  1"
"21294","     1377 35  5"
"21295","     1377 39  2"
"21296","     1377 39  7"
"21297","     1377 39 11"
"21298","     1377 43  1"
"21299","     1377 51  2"
"21300","     1377 51  5"
"21301","     1377 71  2"
"21302","     1377 71  3"
"21303","     1377 71  4"
"21304","     1377 75  3"
"21305","     1377 88  1"
"21306","     1377104  1"
"21307","     1377104  2"
"21308","     1377104  3"
"21309","     1377108  2"
"21310","     1377108  3"
"21311","     1377108  4"
"21312","     1377112  1"
"21313","     1377112  2"
"21314","     1377116  3"
"21315","     1377116  4"
"21316","     1378  6  2"
"21317","     1378 10  2"
"21318","     1378 17  1"
"21319","     1378 21  2"
"21320","     1378 29  2"
"21321","     1378 40  2"
"21322","     1378 44  2"
"21323","     1378 59  2"
"21324","     1378 74  3"
"21325","     1378 78  1"
"21326","     1379 13  3"
"21327","     1379 19  1"
"21328","     1379 22  3"
"21329","     1379 26  2"
"21330","     1379 26  5"
"21331","     1379 29  2"
"21332","     1379 32  2"
"21333","     1379 35  1"
"21334","     1379 38  4"
"21335","     1379 42  2"
"21336","     1379 45  2"
"21337","     1379 48  2"
"21338","     1379 48  4"
"21339","     1379 51  1"
"21340","     1379 58  2"
"21341","     1379 61  2"
"21342","     1379 68  2"
"21343","     1379 81  2"
"21344","     1379 84  2"
"21345","     1379 87  2"
"21346","     1379 90  2"
"21347","     1379 90  4"
"21348","     1379106  1"
"21349","     1379110  2"
"21350","     1381  6  2"
"21351","     1381 10  2"
"21352","     1381 10  3"
"21353","     1381 10  5"
"21354","     1381 18  2"
"21355","     1381 23  2"
"21356","     1381 23  3"
"21357","     1381 23  4"
"21358","     1381 23  7"
"21359","     1381 27  2"
"21360","     1381 31  2"
"21361","     1381 40  2"
"21362","     1381 44  2"
"21363","     1381 44  4"
"21364","     1381 44 14"
"21365","     1381 44 17"
"21366","     1381 48  2"
"21367","     1381 48  3"
"21368","     1381 57  2"
"21369","     1381 65  1"
"21370","     1381 69  2"
"21371","     1381 69  3"
"21372","     1381 74  3"
"21373","     1381 74  6"
"21374","     1381 78  2"
"21375","     1381 86  2"
"21376","     1381 86  4"
"21377","     1381 91  2"
"21378","     1381 99  3"
"21379","     1381 99  6"
"21380","     1382  3  3"
"21381","     1382  8  1"
"21382","     1382  8  2"
"21383","     1382 12  2"
"21384","     1382 12  3"
"21385","     1382 22  2"
"21386","     1382 27  4"
"21387","     1382 31  2"
"21388","     1382 36  2"
"21389","     1382 45  4"
"21390","     1382 50  2"
"21391","     1382 50  5"
"21392","     1382 50  8"
"21393","     1382 55  2"
"21394","     1382 60  2"
"21395","     1382 64  4"
"21396","     1382 69  1"
"21397","     1382 83  2"
"21398","     1382 88  4"
"21399","     1382 97  2"
"21400","     1383  3  3"
"21401","     1383  8  2"
"21402","     1383  8  5"
"21403","     1383 21  2"
"21404","     1383 25  2"
"21405","     1383 30  1"
"21406","     1383 30  2"
"21407","     1383 34  2"
"21408","     1383 39  3"
"21409","     1383 39  7"
"21410","     1383 47  1"
"21411","     1383 52  5"
"21412","     1383 56  5"
"21413","     1383 65  1"
"21414","     1383 65  3"
"21415","     1383 69  2"
"21416","     1383 69  6"
"21417","     1383 74  2"
"21418","     1386  1  2"
"21419","     1386  1  3"
"21420","     1386  6  2"
"21421","     1386 10  2"
"21422","     1386 15  1"
"21423","     1386 15  2"
"21424","     1386 19  2"
"21425","     1386 19  3"
"21426","     1386 24  7"
"21427","     1386 38  2"
"21428","     1386 42  2"
"21429","     1386 51  6"
"21430","     1386 56  1"
"21431","     1386 56  4"
"21432","     1386 56  9"
"21433","     1386 56 13"
"21434","     1386 56 16"
"21435","     1386 56 20"
"21436","     1386 61  2"
"21437","     1386 61  4"
"21438","     1386 65  2"
"21439","     1386 74  2"
"21440","     1387  5  2"
"21441","     1387  9  3"
"21442","     1387 14  1"
"21443","     1387 19  2"
"21444","     1387 19  3"
"21445","     1387 24  1"
"21446","     1387 24  2"
"21447","     1387 24  3"
"21448","     1387 24  6"
"21449","     1387 28  2"
"21450","     1387 33  2"
"21451","     1387 38  1"
"21452","     1387 42  2"
"21453","     1387 47  2"
"21454","     1387 52  1"
"21455","     1387 57  2"
"21456","     1387 61  1"
"21457","     1387 61  4"
"21458","     1387 61  9"
"21459","     1387 66  2"
"21460","     1387 71  1"
"21461","     1387 71  6"
"21462","     1387 76  2"
"21463","     1387 80  2"
"21464","     1387 85  2"
"21465","     1388  1  2"
"21466","     1388 10  2"
"21467","     1388 14  2"
"21468","     1388 14  7"
"21469","     1388 18  2"
"21470","     1388 18  7"
"21471","     1388 23  1"
"21472","     1388 23  2"
"21473","     1388 27  2"
"21474","     1388 27  3"
"21475","     1388 27  4"
"21476","     1388 36  3"
"21477","     1388 40  5"
"21478","     1388 57  2"
"21479","     1388 66  4"
"21480","     1388 70  2"
"21481","     1388 70  3"
"21482","     1388 70  5"
"21483","     1388 74  2"
"21484","     1388 74  5"
"21485","     1388 79  2"
"21486","     1388 79  3"
"21487","     1388 83  1"
"21488","     1388 87  2"
"21489","     1388 87  5"
"21490","     1388 92  2"
"21491","     1388 96  2"
"21492","     1388104  2"
"21493","     1388109  2"
"21494","     1391  4  2"
"21495","     1391  8  2"
"21496","     1391 12  2"
"21497","     1391 12  3"
"21498","     1391 12  4"
"21499","     1391 12  5"
"21500","     1391 21  2"
"21501","     1391 25  2"
"21502","     1391 29  6"
"21503","     1391 33  1"
"21504","     1391 38  2"
"21505","     1391 42  1"
"21506","     1391 42  2"
"21507","     1391 50  2"
"21508","     1391 55  1"
"21509","     1391 59  2"
"21510","     1391 63  2"
"21511","     1391 68  3"
"21512","     1391 68  5"
"21513","     1391 72  3"
"21514","     1391 76  2"
"21515","     1391 76  3"
"21516","     1391 76  4"
"21517","     1391 80  4"
"21518","     1392  4  2"
"21519","     1392  8  2"
"21520","     1392  8  6"
"21521","     1392 12  2"
"21522","     1392 12  3"
"21523","     1392 12  6"
"21524","     1392 16  3"
"21525","     1392 20  2"
"21526","     1392 24  2"
"21527","     1392 28  2"
"21528","     1392 40  2"
"21529","     1392 40 10"
"21530","     1392 44  3"
"21531","     1392 44  4"
"21532","     1392 44  6"
"21533","     1392 44  7"
"21534","     1392 52  2"
"21535","     1392 56  1"
"21536","     1392 65  2"
"21537","     1392 69  2"
"21538","     1392 73  3"
"21539","     1392 73  4"
"21540","     1392 77  2"
"21541","     1392 81  2"
"21542","     1392 81  3"
"21543","     1392 81  4"
"21544","     1393 12  4"
"21545","     1393 18  2"
"21546","     1393 24  2"
"21547","     1393 24  3"
"21548","     1393 30  2"
"21549","     1393 42  2"
"21550","     1393 49  2"
"21551","     1393 55  2"
"21552","     1393 61  2"
"21553","     1393 67  2"
"21554","     1393 73  2"
"21555","     1393 73  3"
"21556","     1393 85  1"
"21557","     1393 92  3"
"21558","     1393 92  5"
"21559","     1393110  2"
"21560","     1393116  2"
"21561","     1393122  2"
"21562","     1394  3  2"
"21563","     1394 12  2"
"21564","     1394 17  1"
"21565","     1394 17  5"
"21566","     1394 21  1"
"21567","     1394 26  3"
"21568","     1394 44  2"
"21569","     1394 49  2"
"21570","     1394 58  2"
"21571","     1394 63  2"
"21572","     1394 63  3"
"21573","     1394 67  1"
"21574","     1394 72  2"
"21575","     1394 72  6"
"21576","     1394 81  2"
"21577","     1394 85  2"
"21578","     1394 90  2"
"21579","     1394 95  2"
"21580","     1394113  2"
"21581","     1394122  2"
"21582","     1396  1  2"
"21583","     1396  5  2"
"21584","     1396 14  1"
"21585","     1396 21  2"
"21586","     1396 24  3"
"21587","     1396 27  2"
"21588","     1396 27  3"
"21589","     1396 43  3"
"21590","     1396 49  2"
"21591","     1396 62  2"
"21592","     1396 65  3"
"21593","     1396 68  2"
"21594","     1397 14  2"
"21595","     1397 14  3"
"21596","     1397 14  8"
"21597","     1397 23  2"
"21598","     1397 23  3"
"21599","     1397 32  2"
"21600","     1397 37  2"
"21601","     1397 41  2"
"21602","     1397 46  2"
"21603","     1397 51  1"
"21604","     1397 55  2"
"21605","     1397 60  2"
"21606","     1397 69  2"
"21607","     1397 78  2"
"21608","     1397 83  2"
"21609","     1397 97  2"
"21610","     1397111  4"
"21611","     1397115  2"
"21612","     1398  1  2"
"21613","     1398  5  2"
"21614","     1398  5  3"
"21615","     1398  5  5"
"21616","     1398 14  2"
"21617","     1398 14  4"
"21618","     1398 18  1"
"21619","     1398 22  2"
"21620","     1398 27  2"
"21621","     1398 39  2"
"21622","     1398 44  2"
"21623","     1398 44  5"
"21624","     1398 44  9"
"21625","     1398 52  2"
"21626","     1398 56  2"
"21627","     1398 69  2"
"21628","     1398 73  1"
"21629","     1398 82  2"
"21630","     1398 86  4"
"21631","     1398 99  3"
"21632","     1398103  2"
"21633","     1398112  2"
"21634","     1398112  4"
"21635","     1398112  6"
"21636","     1398116  2"
"21637","     1398120  1"
"21638","     1398120  3"
"21639","     1398128  2"
"21640","     1398133  2"
"21641","     1398137  2"
"21642","     1398141  5"
"21643","     1398150  1"
"21644","     1401 28  2"
"21645","     1401 28  3"
"21646","     1401 29  2"
"21647","     1401 29  5"
"21648","     1401 30  2"
"21649","     1401 31  2"
"21650","     1401 32  3"
"21651","     1401 33  2"
"21652","     1401 37  2"
"21653","     1401 78  2"
"21654","     1401 80  2"
"21655","     1401 80  5"
"21656","     1401 81  2"
"21657","     1401 82  4"
"21658","     1401 86  2"
"21659","     1401 86  4"
"21660","     1401 87  2"
"21661","     1401 88  2"
"21662","     1402 17  2"
"21663","     1402 19  2"
"21664","     1402 19  5"
"21665","     1402 20  2"
"21666","     1402 20  4"
"21667","     1402 21  3"
"21668","     1402 65  2"
"21669","     1402 65  6"
"21670","     1402 66  2"
"21671","     1402 66  4"
"21672","     1402 67  3"
"21673","     1402 69  2"
"21674","     1402 69  6"
"21675","     1402 69  9"
"21676","     1403 10  3"
"21677","     1403 11  2"
"21678","     1403 12  2"
"21679","     1403 13  2"
"21680","     1403 13  8"
"21681","     1403 14  2"
"21682","     1403 14  4"
"21683","     1403 15  7"
"21684","     1403 16  2"
"21685","     1403 33  2"
"21686","     1403 34  3"
"21687","     1403 36  2"
"21688","     1403 37  2"
"21689","     1403 37  3"
"21690","     1403 37  4"
"21691","     1403 37  6"
"21692","     1403 38  2"
"21693","     1403 39  4"
"21694","     1403 40  2"
"21695","     1403 49  2"
"21696","     1403 49  3"
"21697","     1403 50  2"
"21698","     1403 50  3"
"21699","     1403 52  2"
"21700","     1403 54  2"
"21701","     1403 73  2"
"21702","     1403 73  6"
"21703","     1403 75  2"
"21704","     1403 75  8"
"21705","     1403 77  2"
"21706","     1403 77  4"
"21707","     1403 78  2"
"21708","     1403 79  2"
"21709","     1403 79  3"
"21710","     1403 79  4"
"21711","     1403 79  9"
"21712","     1403 98  2"
"21713","     1403 98  4"
"21714","     1403 99  2"
"21715","     1403100  2"
"21716","     1403101  2"
"21717","     1406  3  2"
"21718","     1406  3  3"
"21719","     1406  5  3"
"21720","     1406  6  2"
"21721","     1406  8  2"
"21722","     1406  8  3"
"21723","     1406 25  2"
"21724","     1406 26  1"
"21725","     1406 27  2"
"21726","     1406 28  2"
"21727","     1407 17  2"
"21728","     1407 19  3"
"21729","     1407 20  2"
"21730","     1407 22  2"
"21731","     1407 22  5"
"21732","     1407 57  2"
"21733","     1407 58  2"
"21734","     1407 59  2"
"21735","     1407 60  2"
"21736","     1407 60  3"
"21737","     1407 63  2"
"21738","     1407 63  9"
"21739","     1407 63 11"
"21740","     1408  9  2"
"21741","     1408  9  6"
"21742","     1408 10  2"
"21743","     1408 10  3"
"21744","     1408 11  2"
"21745","     1408 12  2"
"21746","     1408 14  2"
"21747","     1408 15  2"
"21748","     1408 26  2"
"21749","     1408 26  4"
"21750","     1408 28  2"
"21751","     1408 29  3"
"21752","     1408 29  4"
"21753","     1408 29  7"
"21754","     1408 31  1"
"21755","     1408 42  2"
"21756","     1408 44  2"
"21757","     1408 46  2"
"21758","     1408 47  2"
"21759","     1408 48  2"
"21760","     1408 57  2"
"21761","     1408 58  2"
"21762","     1408 59  2"
"21763","     1408 60  4"
"21764","     1408 61  2"
"21765","     1408 61  3"
"21766","     1408 61  4"
"21767","     1408 62  2"
"21768","     1408 63  2"
"21769","     1408 64  1"
"21770","     1408 78  2"
"21771","     1408 78  3"
"21772","     1408 80  2"
"21773","     1409  1  2"
"21774","     1409  3  2"
"21775","     1409  4  2"
"21776","     1409  6  2"
"21777","     1409  8  2"
"21778","     1409  9  2"
"21779","     1409 34  2"
"21780","     1409 34  3"
"21781","     1409 34  6"
"21782","     1409 35  4"
"21783","     1409 36  2"
"21784","     1409 37  2"
"21785","     1409 38  3"
"21786","     1409 39  2"
"21787","     1409 40  2"
"21788","     1409 40  3"
"21789","     1409 65  2"
"21790","     1409 65  3"
"21791","     1409 66  2"
"21792","     1409 66  4"
"21793","     1409 67  4"
"21794","     1409 67  7"
"21795","     1409 68  2"
"21796","     1409 72  2"
"21797","     1409 73  2"
"21798","     1409 73  5"
"21799","     1411 17  2"
"21800","     1411 18  2"
"21801","     1411 19  1"
"21802","     1411 20  1"
"21803","     1411 21  2"
"21804","     1411 21  4"
"21805","     1411 22  2"
"21806","     1411 23  1"
"21807","     1411 23  2"
"21808","     1411 24  2"
"21809","     1411 65  7"
"21810","     1411 66  2"
"21811","     1411 67  2"
"21812","     1411 68  2"
"21813","     1411 68  6"
"21814","     1412 18  2"
"21815","     1412 19  2"
"21816","     1412 21  2"
"21817","     1412 23  2"
"21818","     1412 65  2"
"21819","     1412 68  2"
"21820","     1413  1  2"
"21821","     1413  3  1"
"21822","     1413  8  4"
"21823","     1413 33  2"
"21824","     1413 34  2"
"21825","     1413 35  2"
"21826","     1413 36  1"
"21827","     1413 37  2"
"21828","     1413 39  2"
"21829","     1413 57  1"
"21830","     1413 59  2"
"21831","     1413 59  7"
"21832","     1413 60  2"
"21833","     1413 61  2"
"21834","     1413 63  2"
"21835","     1413 64  2"
"21836","     1413 64  3"
"21837","     1413 89  2"
"21838","     1413 90  2"
"21839","     1413 91  3"
"21840","     1413 93  2"
"21841","     1413 94  3"
"21842","     1413 95  2"
"21843","     1413 96  2"
"21844","     1415  3  2"
"21845","     1415  3  4"
"21846","     1415  3  5"
"21847","     1415  6  1"
"21848","     1415  8  1"
"21849","     1415 11  2"
"21850","     1415 14  2"
"21851","     1415 16  4"
"21852","     1415 22  1"
"21853","     1415 24  3"
"21854","     1415 24  9"
"21855","     1415 27  2"
"21856","     1415 27  5"
"21857","     1415 30  2"
"21858","     1415 35  1"
"21859","     1415 40  6"
"21860","     1415 43  2"
"21861","     1415 45  1"
"21862","     1415 48  4"
"21863","     1415 51  1"
"21864","     1415 61  1"
"21865","     1415 64  2"
"21866","     1415 67  1"
"21867","     1415 72  2"
"21868","     1415 75  3"
"21869","     1415 80  2"
"21870","     1415 83  2"
"21871","     1416  1  2"
"21872","     1416  5  1"
"21873","     1416  5  5"
"21874","     1416  5  6"
"21875","     1416  5  7"
"21876","     1416  9  2"
"21877","     1416 13  2"
"21878","     1416 13  6"
"21879","     1416 17  2"
"21880","     1416 29  1"
"21881","     1416 29  2"
"21882","     1416 37  2"
"21883","     1416 37  3"
"21884","     1416 41  2"
"21885","     1416 45  2"
"21886","     1416 53  1"
"21887","     1416 57  2"
"21888","     1416 61  1"
"21889","     1416 61  2"
"21890","     1416 66  4"
"21891","     1416 74  2"
"21892","     1416 78  2"
"21893","     1416 78  3"
"21894","     1416 78  4"
"21895","     1416 82  2"
"21896","     1416 90  1"
"21897","     1416 94  2"
"21898","     1416 98  2"
"21899","     1416102  2"
"21900","     1416122  5"
"21901","     1417  3  2"
"21902","     1417  6  2"
"21903","     1417 12  2"
"21904","     1417 15  2"
"21905","     1417 15  3"
"21906","     1417 21  2"
"21907","     1417 24  2"
"21908","     1417 36  2"
"21909","     1417 42  2"
"21910","     1417 45  2"
"21911","     1417 48  2"
"21912","     1417 54  2"
"21913","     1417 54  3"
"21914","     1417 57  2"
"21915","     1417 59  2"
"21916","     1417 65  2"
"21917","     1417 74  2"
"21918","     1417 74  4"
"21919","     1417 74  5"
"21920","     1417 77  2"
"21921","     1417 80  2"
"21922","     1417 80  3"
"21923","     1417 80  4"
"21924","     1417 92  2"
"21925","     1417 92  3"
"21926","     1417 92  4"
"21927","     1417 95  2"
"21928","     1417 95  3"
"21929","     1417 95  5"
"21930","     1418  1  2"
"21931","     1418  1  3"
"21932","     1418 11  3"
"21933","     1418 13  2"
"21934","     1418 16  2"
"21935","     1418 23  3"
"21936","     1418 30  2"
"21937","     1418 33  2"
"21938","     1418 35  5"
"21939","     1418 38  2"
"21940","     1418 43  3"
"21941","     1418 45  2"
"21942","     1418 45  3"
"21943","     1418 50  2"
"21944","     1418 53  2"
"21945","     1418 55  4"
"21946","     1418 58  2"
"21947","     1418 65  2"
"21948","     1418 70  2"
"21949","     1418 72  2"
"21950","     1418 72  5"
"21951","     1419 25  2"
"21952","     1419 28  2"
"21953","     1419 29  1"
"21954","     1419 29  2"
"21955","     1419 30  1"
"21956","     1419 31  2"
"21957","     1419 32  2"
"21958","     1419 66  2"
"21959","     1419 67  2"
"21960","     1419 68  2"
"21961","     1419 69  2"
"21962","     1419 69  7"
"21963","     1419 70  2"
"21964","     1419 70  3"
"21965","     1419 71  3"
"21966","     1419 72  3"
"21967","     1419113  2"
"21968","     1419114  2"
"21969","     1419116  2"
"21970","     1419154  2"
"21971","     1419155  2"
"21972","     1419158  1"
"21973","     1419159  2"
"21974","     1419160  2"
"21975","     1420 41  2"
"21976","     1420 41  4"
"21977","     1420 43  2"
"21978","     1420 47  2"
"21979","     1420 48  2"
"21980","     1420156  2"
"21981","     1420158  2"
"21982","     1420158  5"
"21983","     1420159  2"
"21984","     1420265  2"
"21985","     1420267  2"
"21986","     1420268  2"
"21987","     1420269  3"
"21988","     1420270  1"
"21989","     1420272  2"
"21990","     1420387  2"
"21991","     1420389  2"
"21992","     1420389  3"
"21993","     1420391  1"
"21994","     1420392  3"
"21995","     1421 27  2"
"21996","     1421 73  3"
"21997","     1421 74  2"
"21998","     1421 75  2"
"21999","     1421 76  2"
"22000","     1421 77  2"
"22001","     1421 78  2"
"22002","     1421121  2"
"22003","     1421122  2"
"22004","     1421123  2"
"22005","     1421125  2"
"22006","     1421125  6"
"22007","     1421126  2"
"22008","     1421127  2"
"22009","     1421127  4"
"22010","     1421127  5"
"22011","     1421128  2"
"22012","     1421176  2"
"22013","     1421178  2"
"22014","     1421179  2"
"22015","     1421180  2"
"22016","     1421182  2"
"22017","     1421184  2"
"22018","     1422  2  2"
"22019","     1422  2  4"
"22020","     1422  8  2"
"22021","     1422 58  2"
"22022","     1422 59  2"
"22023","     1422 60  2"
"22024","     1422 61  2"
"22025","     1422 62  2"
"22026","     1422113  2"
"22027","     1422114  2"
"22028","     1422115  2"
"22029","     1422116  2"
"22030","     1422116  4"
"22031","     1422118  2"
"22032","     1422120  5"
"22033","     1422160  2"
"22034","     1422161  2"
"22035","     1422162  2"
"22036","     1422162  3"
"22037","     1422163  2"
"22038","     1422164  2"
"22039","     1422165  2"
"22040","     1422168  6"
"22041","     1423 17  2"
"22042","     1423 18  2"
"22043","     1423 18  5"
"22044","     1423 19  2"
"22045","     1423 21  2"
"22046","     1423 21  4"
"22047","     1423 22  2"
"22048","     1423 23  5"
"22049","     1423 24  2"
"22050","     1423 41  5"
"22051","     1423 42  2"
"22052","     1423 42  6"
"22053","     1423 45  2"
"22054","     1423 46  2"
"22055","     1423 46  3"
"22056","     1423 46  4"
"22057","     1423 46  5"
"22058","     1423 47  2"
"22059","     1423 47  3"
"22060","     1423 48  2"
"22061","     1423 65  2"
"22062","     1423 66  3"
"22063","     1423 66  5"
"22064","     1423 67  2"
"22065","     1423 67  3"
"22066","     1423 68  4"
"22067","     1423 69  4"
"22068","     1423 70  3"
"22069","     1423 71  2"
"22070","     1423 72  2"
"22071","     1423 89  3"
"22072","     1423 89  5"
"22073","     1423 90  2"
"22074","     1423 92  2"
"22075","     1423 92  3"
"22076","     1423 92  4"
"22077","     1423 93  2"
"22078","     1423 94  2"
"22079","     1423 96  2"
"22080","     1424  8  2"
"22081","     1424  8  4"
"22082","     1424 12  2"
"22083","     1424 20  6"
"22084","     1424 24  2"
"22085","     1424 24  6"
"22086","     1424 28  2"
"22087","     1424 28  6"
"22088","     1424 32  3"
"22089","     1424 40  2"
"22090","     1424 40  3"
"22091","     1424 44  5"
"22092","     1424 44  8"
"22093","     1424 48  5"
"22094","     1424 64  1"
"22095","     1424 68  2"
"22096","     1424 68  5"
"22097","     1424 72  2"
"22098","     1424 72  5"
"22099","     1424 72  6"
"22100","     1424 76  2"
"22101","     1424 76  3"
"22102","     1424 80  3"
"22103","     1424 80  6"
"22104","     1424 84  2"
"22105","     1424 88  2"
"22106","     1424108  3"
"22107","     1424108  4"
"22108","     1425  4  1"
"22109","     1425  4  2"
"22110","     1425 13  2"
"22111","     1425 18  3"
"22112","     1425 22  2"
"22113","     1425 32  2"
"22114","     1425 45  3"
"22115","     1425 50  1"
"22116","     1425 55  1"
"22117","     1425 55  2"
"22118","     1425 59  4"
"22119","     1425 69  4"
"22120","     1425 73  4"
"22121","     1425 73  5"
"22122","     1425 73  7"
"22123","     1425 73 10"
"22124","     1425 78  7"
"22125","     1425 82  5"
"22126","     1425101  4"
"22127","     1425106  1"
"22128","     1425119  3"
"22129","     1425119  4"
"22130","     1425119  6"
"22131","     1425124  1"
"22132","     1425124  2"
"22133","     1426  5  2"
"22134","     1426  9  4"
"22135","     1426  9  5"
"22136","     1426 12  2"
"22137","     1426 16  2"
"22138","     1426 20  2"
"22139","     1426 20  5"
"22140","     1426 24  2"
"22141","     1426 24  5"
"22142","     1426 28  2"
"22143","     1426 32  2"
"22144","     1426 36  2"
"22145","     1426 39  2"
"22146","     1426 43  2"
"22147","     1426 47  1"
"22148","     1426 51  1"
"22149","     1426 55  1"
"22150","     1426 59  2"
"22151","     1426 63  4"
"22152","     1426 63  6"
"22153","     1426 66  2"
"22154","     1426 70  2"
"22155","     1426 78  1"
"22156","     1426 78  4"
"22157","     1426 82  4"
"22158","     1426 82  5"
"22159","     1426 86  2"
"22160","     1426 89  2"
"22161","     1426 93  3"
"22162","     1426 93  5"
"22163","     1426 97  2"
"22164","     1426101  1"
"22165","     1427  2  2"
"22166","     1427  4  2"
"22167","     1427  4  3"
"22168","     1427  4  4"
"22169","     1427  6  1"
"22170","     1427  6  3"
"22171","     1427  8  2"
"22172","     1427 10  2"
"22173","     1427 13  2"
"22174","     1427 15  3"
"22175","     1427 15  5"
"22176","     1427 17  2"
"22177","     1427 19  1"
"22178","     1427 25  3"
"22179","     1427 25  5"
"22180","     1427 29  2"
"22181","     1427 29  4"
"22182","     1427 30  4"
"22183","     1427 32  6"
"22184","     1427 40  3"
"22185","     1427 40  6"
"22186","     1427 40  7"
"22187","     1427 47  3"
"22188","     1427 47  4"
"22189","     1427 51  2"
"22190","     1428  3  2"
"22191","     1428  3  3"
"22192","     1428  3  4"
"22193","     1428  3  5"
"22194","     1428  6  3"
"22195","     1428  6  4"
"22196","     1428 14  2"
"22197","     1428 21  4"
"22198","     1428 21  5"
"22199","     1428 25  1"
"22200","     1428 36  2"
"22201","     1428 43  1"
"22202","     1428 47  3"
"22203","     1428 47  4"
"22204","     1428 47  5"
"22205","     1428 55  2"
"22206","     1428 62  2"
"22207","     1428 66  1"
"22208","     1428 69  2"
"22209","     1428 69  4"
"22210","     1428 73  2"
"22211","     1428 77  2"
"22212","     1428 81  2"
"22213","     1428 84  2"
"22214","     1428 95  1"
"22215","     1429  2  2"
"22216","     1429 18  1"
"22217","     1429 21  2"
"22218","     1429 24  4"
"22219","     1429 24  5"
"22220","     1429 31  2"
"22221","     1429 34  2"
"22222","     1429 40  4"
"22223","     1429 47  2"
"22224","     1429 50  1"
"22225","     1429 57  2"
"22226","     1429 57  3"
"22227","     1429 57  4"
"22228","     1429 60  2"
"22229","     1429 63  1"
"22230","     1429 63  2"
"22231","     1429 66  3"
"22232","     1429 69  2"
"22233","     1429 69  4"
"22234","     1429 73  3"
"22235","     1429 73  6"
"22236","     1429 82  2"
"22237","     1429 86  2"
"22238","     1430  3  2"
"22239","     1430  7  1"
"22240","     1430 10  2"
"22241","     1430 14  2"
"22242","     1430 17  2"
"22243","     1430 17  4"
"22244","     1430 24  2"
"22245","     1430 28  1"
"22246","     1430 28  3"
"22247","     1430 28  4"
"22248","     1430 31  2"
"22249","     1430 35  2"
"22250","     1430 35  4"
"22251","     1430 35  6"
"22252","     1430 45  2"
"22253","     1430 49  2"
"22254","     1430 53  2"
"22255","     1430 56  2"
"22256","     1430 60  2"
"22257","     1430 63  2"
"22258","     1430 67  2"
"22259","     1430 70  1"
"22260","     1430 74  2"
"22261","     1430 84  2"
"22262","     1430 88  2"
"22263","     1430 88  6"
"22264","     1431  4  2"
"22265","     1431 22  2"
"22266","     1431 22  6"
"22267","     1431 22  8"
"22268","     1431 26  2"
"22269","     1431 30  1"
"22270","     1431 35  2"
"22271","     1431 52  2"
"22272","     1431 56  3"
"22273","     1431 65  2"
"22274","     1431 65  3"
"22275","     1431 65  4"
"22276","     1431 65  6"
"22277","     1431 78  2"
"22278","     1431 83  2"
"22279","     1431109  3"
"22280","     1431109  8"
"22281","     1431109 12"
"22282","     1431118  2"
"22283","     1431118  5"
"22284","     1432  5  6"
"22285","     1432  8  5"
"22286","     1432 10  4"
"22287","     1432 15  1"
"22288","     1432 28  2"
"22289","     1432 30  2"
"22290","     1432 35  2"
"22291","     1432 35  5"
"22292","     1432 38  2"
"22293","     1432 43  2"
"22294","     1432 48  2"
"22295","     1432 50  3"
"22296","     1432 50  8"
"22297","     1432 55  2"
"22298","     1432 58  2"
"22299","     1432 61  2"
"22300","     1433  7  2"
"22301","     1433 14  2"
"22302","     1433 17  4"
"22303","     1433 17  6"
"22304","     1433 24  2"
"22305","     1433 27  2"
"22306","     1433 27  3"
"22307","     1433 37  1"
"22308","     1433 37  2"
"22309","     1433 44  2"
"22310","     1433 47  2"
"22311","     1433 57  2"
"22312","     1433 60  2"
"22313","     1433 60  9"
"22314","     1433 60 13"
"22315","     1433 67  2"
"22316","     1433 70  2"
"22317","     1433 70  3"
"22318","     1433 74  2"
"22319","     1433 74  3"
"22320","     1433 77  2"
"22321","     1433 80  2"
"22322","     1433 80  3"
"22323","     1433 84  6"
"22324","     1433 87  2"
"22325","     1433 87  3"
"22326","     1434 20  3"
"22327","     1434 34  2"
"22328","     1434 36  1"
"22329","     1434 46  3"
"22330","     1434 46  4"
"22331","     1434 50  2"
"22332","     1435 17  4"
"22333","     1435 18  2"
"22334","     1435 19  2"
"22335","     1435 22  2"
"22336","     1435 73  1"
"22337","     1435 74  1"
"22338","     1435 76  2"
"22339","     1435 80  2"
"22340","     1435129  2"
"22341","     1435130  2"
"22342","     1435130  3"
"22343","     1435131  3"
"22344","     1435132  2"
"22345","     1435134  3"
"22346","     1435135  2"
"22347","     1435135  3"
"22348","     1435136  2"
"22349","     1435185  2"
"22350","     1435185  4"
"22351","     1435186  1"
"22352","     1435187  2"
"22353","     1436  1  2"
"22354","     1436  3  3"
"22355","     1436  4  2"
"22356","     1436  4  3"
"22357","     1436  5  2"
"22358","     1436 18  3"
"22359","     1436 20  2"
"22360","     1436 21  2"
"22361","     1436 24  2"
"22362","     1436 42  2"
"22363","     1436 43  2"
"22364","     1436 43  5"
"22365","     1436 44  2"
"22366","     1436 44  3"
"22367","     1436 46  2"
"22368","     1436 46  3"
"22369","     1436 46  4"
"22370","     1436 47  2"
"22371","     1436 47  4"
"22372","     1436 48  2"
"22373","     1436 66  2"
"22374","     1436 67  1"
"22375","     1436 67  2"
"22376","     1436 67  3"
"22377","     1436 68  2"
"22378","     1437  9  3"
"22379","     1437 11  2"
"22380","     1437 14  2"
"22381","     1437 15  3"
"22382","     1437 41  5"
"22383","     1437 42  2"
"22384","     1437 43  2"
"22385","     1437 44  4"
"22386","     1437 45  3"
"22387","     1437 46  2"
"22388","     1437 46  3"
"22389","     1437 47  2"
"22390","     1437 74  2"
"22391","     1437 78  1"
"22392","     1437 79  1"
"22393","     1437 80  1"
"22394","     1437108  2"
"22395","     1438 17  2"
"22396","     1438 17  4"
"22397","     1438 18  3"
"22398","     1438 20  2"
"22399","     1438 20  3"
"22400","     1438 21  3"
"22401","     1438 22  2"
"22402","     1438 23  2"
"22403","     1438 24  2"
"22404","     1438 65  2"
"22405","     1438 65  3"
"22406","     1438 66  3"
"22407","     1438 68  1"
"22408","     1438 68  6"
"22409","     1438 69  2"
"22410","     1438 70  2"
"22411","     1438 71  2"
"22412","     1438 71  4"
"22413","     1438 72  1"
"22414","     1438113  2"
"22415","     1438116  2"
"22416","     1438117  2"
"22417","     1438117  3"
"22418","     1438118  2"
"22419","     1438120  2"
"22420","     1439  1  1"
"22421","     1439  3  5"
"22422","     1439  7  3"
"22423","     1439 49  8"
"22424","     1439 50  3"
"22425","     1439 53  5"
"22426","     1439 55  3"
"22427","     1439 56  2"
"22428","     1439 98  2"
"22429","     1439 99  2"
"22430","     1439101  1"
"22431","     1439101  3"
"22432","     1439102  2"
"22433","     1439103  2"
"22434","     1439146  2"
"22435","     1439150  2"
"22436","     1440 26  3"
"22437","     1440 28  2"
"22438","     1440 29  2"
"22439","     1440 32  2"
"22440","     1440 32  3"
"22441","     1440 74  2"
"22442","     1440 75  2"
"22443","     1440 76  5"
"22444","     1440 77  2"
"22445","     1440 80  5"
"22446","     1440122  2"
"22447","     1440122  5"
"22448","     1440126  3"
"22449","     1440128  2"
"22450","     1440162  2"
"22451","     1441  1  2"
"22452","     1441  1  6"
"22453","     1441  2  2"
"22454","     1441  2  3"
"22455","     1441  5  2"
"22456","     1441  6  2"
"22457","     1441  7  3"
"22458","     1441 28  2"
"22459","     1441 57  2"
"22460","     1441 58  4"
"22461","     1441 63  1"
"22462","     1441 81  3"
"22463","     1442 35  3"
"22464","     1442 38  2"
"22465","     1442 40  2"
"22466","     1442 84  2"
"22467","     1442 84  3"
"22468","     1442 85  3"
"22469","     1442 86  2"
"22470","     1442 87  1"
"22471","     1442 87  2"
"22472","     1442 87  3"
"22473","     1442 88  2"
"22474","     1442140  2"
"22475","     1442143  2"
"22476","     1442173  2"
"22477","     1442173  3"
"22478","     1442173  4"
"22479","     1443  9  2"
"22480","     1443  9  3"
"22481","     1443  9  4"
"22482","     1443 13  2"
"22483","     1443 14  2"
"22484","     1443 33  2"
"22485","     1443 34  2"
"22486","     1443 49  2"
"22487","     1443 51  3"
"22488","     1443 53  1"
"22489","     1443 55  2"
"22490","     1443 67  2"
"22491","     1444  3  2"
"22492","     1444 20  2"
"22493","     1444 26  2"
"22494","     1444 29  1"
"22495","     1444 33  2"
"22496","     1444 33  8"
"22497","     1444 36  2"
"22498","     1444 43  2"
"22499","     1444 43  3"
"22500","     1444 53  2"
"22501","     1444 63  2"
"22502","     1444 66  2"
"22503","     1444 66  3"
"22504","     1444 66  8"
"22505","     1444 69  2"
"22506","     1444 76  2"
"22507","     1444 79  2"
"22508","     1444 83  2"
"22509","     1444 89  3"
"22510","     1444 89  5"
"22511","     1444 89  9"
"22512","     1444 96  4"
"22513","     1444 99  2"
"22514","     1444 99  4"
"22515","     1444103  2"
"22516","     1444103  4"
"22517","     1444106  2"
"22518","     1444109  1"
"22519","     1444119  2"
"22520","     1444123  5"
"22521","     1445  2  3"
"22522","     1445  2  4"
"22523","     1445  9  2"
"22524","     1445 11  2"
"22525","     1445 13  2"
"22526","     1445 13  3"
"22527","     1445 13  5"
"22528","     1445 15  1"
"22529","     1445 19  2"
"22530","     1445 19  3"
"22531","     1445 19  4"
"22532","     1445 23  2"
"22533","     1445 27  2"
"22534","     1445 31  2"
"22535","     1445 33  2"
"22536","     1445 35  2"
"22537","     1445 37  3"
"22538","     1445 41  3"
"22539","     1445 45  4"
"22540","     1445 53  2"
"22541","     1445 55  2"
"22542","     1445 55  3"
"22543","     1445 59  2"
"22544","     1445 61  2"
"22545","     1445 63  1"
"22546","     1445 63  4"
"22547","     1445 63  5"
"22548","     1445 66  2"
"22549","     1445 66  4"
"22550","     1445 69  2"
"22551","     1446  2  2"
"22552","     1446  8  4"
"22553","     1446  8  6"
"22554","     1446  8  7"
"22555","     1446 14  2"
"22556","     1446 18  2"
"22557","     1446 24  2"
"22558","     1446 27  2"
"22559","     1446 30  2"
"22560","     1446 36  4"
"22561","     1446 49  2"
"22562","     1446 49  3"
"22563","     1446 58  1"
"22564","     1446 58  4"
"22565","     1446 64  2"
"22566","     1446 64  5"
"22567","     1446 67  2"
"22568","     1446 67  3"
"22569","     1446 73  2"
"22570","     1446 77  2"
"22571","     1446 77  4"
"22572","     1446 80  2"
"22573","     1446 80  3"
"22574","     1446 83  2"
"22575","     1446 86  2"
"22576","     1446 89  2"
"22577","     1446 89  4"
"22578","     1447  4  2"
"22579","     1447 11  2"
"22580","     1447 15  2"
"22581","     1447 17  1"
"22582","     1447 19  2"
"22583","     1447 32  2"
"22584","     1447 34  2"
"22585","     1447 34  3"
"22586","     1447 39  2"
"22587","     1447 45  1"
"22588","     1447 56  2"
"22589","     1447 58  2"
"22590","     1447 69  2"
"22591","     1448  1  2"
"22592","     1448  7  2"
"22593","     1448 41  1"
"22594","     1448 45  3"
"22595","     1448 46  2"
"22596","     1448 46  3"
"22597","     1448 47  2"
"22598","     1448 47  3"
"22599","     1448 48  4"
"22600","     1448 91  3"
"22601","     1448 92  3"
"22602","     1448 93  2"
"22603","     1448 94  3"
"22604","     1448 95  2"
"22605","     1448 96  2"
"22606","     1448 96  3"
"22607","     1448130  2"
"22608","     1448131  2"
"22609","     1448132  3"
"22610","     1448133  2"
"22611","     1448133  6"
"22612","     1448136  2"
"22613","     1448178  2"
"22614","     1448179  2"
"22615","     1448181  2"
"22616","     1449  1  2"
"22617","     1449  2  1"
"22618","     1449  3  2"
"22619","     1449  5  2"
"22620","     1449  6  2"
"22621","     1449  6  3"
"22622","     1449  8  2"
"22623","     1449 41  2"
"22624","     1449 42  2"
"22625","     1449 44  2"
"22626","     1449 47  2"
"22627","     1449 47 10"
"22628","     1449133  2"
"22629","     1449136  2"
"22630","     1449177  5"
"22631","     1449178  2"
"22632","     1449179  2"
"22633","     1450 12  2"
"22634","     1450 13  2"
"22635","     1450 15  2"
"22636","     1450 16  2"
"22637","     1450 73  2"
"22638","     1450 73  3"
"22639","     1450 75  2"
"22640","     1450 75  3"
"22641","     1450 75  5"
"22642","     1450 76  2"
"22643","     1450 77  2"
"22644","     1450 77  3"
"22645","     1450 78  2"
"22646","     1450131  2"
"22647","     1450131  7"
"22648","     1450132  2"
"22649","     1450133  2"
"22650","     1450134  2"
"22651","     1450135  2"
"22652","     1450135  4"
"22653","     1450136  2"
"22654","     1450195  2"
"22655","     1450251  2"
"22656","     1450252  1"
"22657","     1450254  1"
"22658","     1451 34  1"
"22659","     1451 36  2"
"22660","     1451 38  2"
"22661","     1451 57  2"
"22662","     1451 90  1"
"22663","     1451 91  2"
"22664","     1451 91  3"
"22665","     1451 96  1"
"22666","     1451116  1"
"22667","     1452  3  2"
"22668","     1452  5  2"
"22669","     1452 18  2"
"22670","     1452 20  2"
"22671","     1452 20  6"
"22672","     1452 22  2"
"22673","     1452 23  2"
"22674","     1452 23  3"
"22675","     1452 24  2"
"22676","     1452 24  4"
"22677","     1452 34  2"
"22678","     1452 38  3"
"22679","     1452 38  4"
"22680","     1452 58  2"
"22681","     1452 60  2"
"22682","     1452 63  2"
"22683","     1452 74  2"
"22684","     1452 75  3"
"22685","     1452 76  2"
"22686","     1452 77  2"
"22687","     1453  3  2"
"22688","     1453  6  2"
"22689","     1453  6  3"
"22690","     1453 10  3"
"22691","     1453 10  4"
"22692","     1453 13  3"
"22693","     1453 23  2"
"22694","     1453 23  3"
"22695","     1453 23  4"
"22696","     1453 26  2"
"22697","     1453 33  4"
"22698","     1453 33  8"
"22699","     1453 36  2"
"22700","     1453 36  3"
"22701","     1453 40  3"
"22702","     1453 53  1"
"22703","     1453 60  3"
"22704","     1453 60  5"
"22705","     1453 63  1"
"22706","     1453 63  2"
"22707","     1453 70  2"
"22708","     1453 77  2"
"22709","     1453 80  2"
"22710","     1453 80  4"
"22711","     1454  2  1"
"22712","     1454  4  2"
"22713","     1454  4  3"
"22714","     1454  4  4"
"22715","     1454  4  6"
"22716","     1454  7  2"
"22717","     1454  9  2"
"22718","     1454 14  5"
"22719","     1454 16  2"
"22720","     1454 19  1"
"22721","     1454 21  2"
"22722","     1454 24  2"
"22723","     1454 24  3"
"22724","     1454 26  2"
"22725","     1454 29  3"
"22726","     1454 29  4"
"22727","     1454 29  5"
"22728","     1454 31  4"
"22729","     1454 33  2"
"22730","     1454 36  2"
"22731","     1454 38  1"
"22732","     1454 41  2"
"22733","     1454 43  1"
"22734","     1454 43  2"
"22735","     1454 43  3"
"22736","     1454 46  2"
"22737","     1454 48  3"
"22738","     1454 53  3"
"22739","     1454 55  1"
"22740","     1454 55  3"
"22741","     1454 58  2"
"22742","     1454 60  2"
"22743","     1455  4  4"
"22744","     1455  7  2"
"22745","     1455  7  5"
"22746","     1455  9  2"
"22747","     1455  9  3"
"22748","     1455  9  4"
"22749","     1455 12  3"
"22750","     1455 16  1"
"22751","     1455 26  2"
"22752","     1455 28  3"
"22753","     1455 28  4"
"22754","     1455 28  5"
"22755","     1455 28  6"
"22756","     1455 31  2"
"22757","     1455 31  3"
"22758","     1455 31  7"
"22759","     1455 36  2"
"22760","     1455 36  3"
"22761","     1455 38  3"
"22762","     1455 38  4"
"22763","     1455 38  5"
"22764","     1455 43  2"
"22765","     1455 45  2"
"22766","     1455 48  2"
"22767","     1455 50  2"
"22768","     1455 55  2"
"22769","     1455 55  4"
"22770","     1455 55  5"
"22771","     1455 60  2"
"22772","     1456  8  4"
"22773","     1456 13  1"
"22774","     1456 26  3"
"22775","     1456 30  3"
"22776","     1456 35  2"
"22777","     1456 39  1"
"22778","     1456 48  2"
"22779","     1456 53  3"
"22780","     1456 62  3"
"22781","     1456 70  2"
"22782","     1456 75  2"
"22783","     1456 97  3"
"22784","     1456110  5"
"22785","     1456110  6"
"22786","     1457  2  2"
"22787","     1457  9  1"
"22788","     1457 13  4"
"22789","     1457 21  1"
"22790","     1457 21  3"
"22791","     1457 36  2"
"22792","     1457 51  3"
"22793","     1457 51  4"
"22794","     1457 51  6"
"22795","     1457 55  2"
"22796","     1457 59  1"
"22797","     1457 70  2"
"22798","     1457 74  2"
"22799","     1457 78  2"
"22800","     1457 82  2"
"22801","     1457 82  4"
"22802","     1457 93  2"
"22803","     1458  3  2"
"22804","     1458  3  6"
"22805","     1458  7  3"
"22806","     1458 18  2"
"22807","     1458 26  3"
"22808","     1458 30  2"
"22809","     1458 34  2"
"22810","     1458 38  3"
"22811","     1458 38  4"
"22812","     1458 42  4"
"22813","     1458 42  5"
"22814","     1458 46  2"
"22815","     1458 46  3"
"22816","     1458 50  2"
"22817","     1458 50  3"
"22818","     1458 58  3"
"22819","     1458 74  1"
"22820","     1458 82  2"
"22821","     1458 82  6"
"22822","     1458 86  4"
"22823","     1458 90  5"
"22824","     1458 94  3"
"22825","     1459  5  8"
"22826","     1459  9  2"
"22827","     1459 13  2"
"22828","     1459 17  1"
"22829","     1459 17  3"
"22830","     1459 25  2"
"22831","     1459 29  2"
"22832","     1459 33  2"
"22833","     1459 33  3"
"22834","     1459 37  3"
"22835","     1459 41  2"
"22836","     1459 45  2"
"22837","     1459 45  3"
"22838","     1459 48  3"
"22839","     1459 48  4"
"22840","     1459 48  6"
"22841","     1459 52  2"
"22842","     1459 52  3"
"22843","     1459 60  2"
"22844","     1459 68  2"
"22845","     1459 72  1"
"22846","     1459 76  2"
"22847","     1459 80  1"
"22848","     1459 80  2"
"22849","     1459 84  2"
"22850","     1459 88  1"
"22851","     1459 92  2"
"22852","     1459 92  4"
"22853","     1459 95  1"
"22854","     1459 95  6"
"22855","     1460  2  3"
"22856","     1460  5  2"
"22857","     1460  5  6"
"22858","     1460 10  2"
"22859","     1460 15  1"
"22860","     1460 15  3"
"22861","     1460 15  4"
"22862","     1460 23  4"
"22863","     1460 28  1"
"22864","     1460 36  2"
"22865","     1460 39  5"
"22866","     1460 41  3"
"22867","     1460 52  2"
"22868","     1460 54  2"
"22869","     1460 57  1"
"22870","     1460 62  1"
"22871","     1460 62  5"
"22872","     1460 65  3"
"22873","     1461  2  2"
"22874","     1461  4  1"
"22875","     1461  6  1"
"22876","     1461 10  2"
"22877","     1461 10  3"
"22878","     1461 14  2"
"22879","     1461 14  3"
"22880","     1461 16  1"
"22881","     1461 22  4"
"22882","     1461 24  1"
"22883","     1461 24  3"
"22884","     1461 26  2"
"22885","     1461 30  2"
"22886","     1461 32  2"
"22887","     1461 32  4"
"22888","     1461 34  2"
"22889","     1461 36  1"
"22890","     1461 38  2"
"22891","     1461 38  3"
"22892","     1461 40  2"
"22893","     1461 40  3"
"22894","     1461 42  1"
"22895","     1461 42  3"
"22896","     1461 42  4"
"22897","     1461 47  2"
"22898","     1461 47  3"
"22899","     1461 47  4"
"22900","     1461 47  7"
"22901","     1461 49  1"
"22902","     1461 51  4"
"22903","     1462  6  2"
"22904","     1462  9  2"
"22905","     1462 12  2"
"22906","     1462 12  6"
"22907","     1462 15  2"
"22908","     1462 25  2"
"22909","     1462 25  3"
"22910","     1462 29  2"
"22911","     1462 42  8"
"22912","     1462 42 11"
"22913","     1462 45  3"
"22914","     1462 48  1"
"22915","     1462 48  2"
"22916","     1462 48  5"
"22917","     1462 65  3"
"22918","     1462 68  1"
"22919","     1462 68  4"
"22920","     1462 68  6"
"22921","     1463  1  2"
"22922","     1463 13  2"
"22923","     1463 13  4"
"22924","     1463 13  6"
"22925","     1463 17  3"
"22926","     1463 21  2"
"22927","     1463 33  2"
"22928","     1463 37  4"
"22929","     1463 42  2"
"22930","     1463 50  2"
"22931","     1463 54  2"
"22932","     1463 54  5"
"22933","     1463 66  1"
"22934","     1463 66  2"
"22935","     1463 74  2"
"22936","     1463 74  5"
"22937","     1463 78  2"
"22938","     1463 78  3"
"22939","     1463 82  2"
"22940","     1463 86  2"
"22941","     1463 86  3"
"22942","     1463 90  3"
"22943","     1463 90  4"
"22944","     1463 98  2"
"22945","     1463 98  3"
"22946","     1464  4  2"
"22947","     1464  9  2"
"22948","     1464 45  3"
"22949","     1464 45  4"
"22950","     1464 50  4"
"22951","     1464 50  5"
"22952","     1464 50  7"
"22953","     1464 50  8"
"22954","     1464 50 11"
"22955","     1464 55  1"
"22956","     1464 64  3"
"22957","     1464 73  2"
"22958","     1464 87  2"
"22959","     1464 91  1"
"22960","     1464105  1"
"22961","     1464110  1"
"22962","     1464110  2"
"22963","     1464114  4"
"22964","     1465  4  2"
"22965","     1465  4  5"
"22966","     1465  7  2"
"22967","     1465 15  2"
"22968","     1465 23  2"
"22969","     1465 23  4"
"22970","     1465 27  2"
"22971","     1465 38  2"
"22972","     1465 42  2"
"22973","     1465 46  1"
"22974","     1465 50  2"
"22975","     1465 54  2"
"22976","     1465 57  2"
"22977","     1465 57  3"
"22978","     1465 61  1"
"22979","     1465 61  2"
"22980","     1465 69  3"
"22981","     1465 73  2"
"22982","     1465 77  3"
"22983","     1465 77  5"
"22984","     1465 88  2"
"22985","     1465 88  4"
"22986","     1465 92  2"
"22987","     1465 92  4"
"22988","     1466  2  5"
"22989","     1466  7  2"
"22990","     1466 11  2"
"22991","     1466 15  3"
"22992","     1466 15  5"
"22993","     1466 15  6"
"22994","     1466 19  1"
"22995","     1466 24  2"
"22996","     1466 24  3"
"22997","     1466 24  6"
"22998","     1466 28  3"
"22999","     1466 32  2"
"23000","     1466 36  1"
"23001","     1466 36  2"
"23002","     1466 45  2"
"23003","     1466 49  2"
"23004","     1466 49  3"
"23005","     1466 53  2"
"23006","     1466 58  3"
"23007","     1466 58  6"
"23008","     1466 62  3"
"23009","     1466 62  5"
"23010","     1466 66  2"
"23011","     1466 70  3"
"23012","     1466 75  2"
"23013","     1466 79  2"
"23014","     1466 83  2"
"23015","     1466 83  3"
"23016","     1466 96  3"
"23017","     1466100  2"
"23018","     1466104  1"
"23019","     1467  3  3"
"23020","     1467 15  2"
"23021","     1467 27  2"
"23022","     1467 33  1"
"23023","     1467 50  2"
"23024","     1467 56  2"
"23025","     1467 62  4"
"23026","     1467 62  5"
"23027","     1467 74  3"
"23028","     1467 74  4"
"23029","     1467 79  2"
"23030","     1467 85  2"
"23031","     1467 91  2"
"23032","     1467 97  1"
"23033","     1467114  1"
"23034","     1467114  2"
"23035","     1467114  3"
"23036","     1467114  4"
"23037","     1467120  2"
"23038","     1467120  3"
"23039","     1467126  2"
"23040","     1467132  2"
"23041","     1467138  2"
"23042","     1467144  2"
"23043","     1468  1  2"
"23044","     1468  1  3"
"23045","     1468  5  2"
"23046","     1468 17  2"
"23047","     1468 21  3"
"23048","     1468 21  4"
"23049","     1468 21  5"
"23050","     1468 30  2"
"23051","     1468 34  2"
"23052","     1468 42  2"
"23053","     1468 46  2"
"23054","     1468 46  3"
"23055","     1468 50  3"
"23056","     1468 54  3"
"23057","     1468 54  5"
"23058","     1468 54  6"
"23059","     1468 58  3"
"23060","     1468 70  2"
"23061","     1468 74  2"
"23062","     1468 78  2"
"23063","     1468 82  2"
"23064","     1468 90  3"
"23065","     1468 94  2"
"23066","     1468 94  3"
"23067","     1469  3  2"
"23068","     1469  7  2"
"23069","     1469 11  2"
"23070","     1469 16  2"
"23071","     1469 16  3"
"23072","     1469 16  4"
"23073","     1469 25  2"
"23074","     1469 29  1"
"23075","     1469 47  2"
"23076","     1469 47  3"
"23077","     1469 51  2"
"23078","     1469 55  2"
"23079","     1469 55  3"
"23080","     1469 55  5"
"23081","     1469 64  2"
"23082","     1469 64  3"
"23083","     1469 77  2"
"23084","     1469 82  2"
"23085","     1469 86  2"
"23086","     1469 95  1"
"23087","     1469 95  2"
"23088","     1469 95  3"
"23089","     1469 95  4"
"23090","     1470  6  2"
"23091","     1470  9  2"
"23092","     1470 13  1"
"23093","     1470 13  2"
"23094","     1470 17  2"
"23095","     1470 25  2"
"23096","     1470 25  3"
"23097","     1470 25  6"
"23098","     1470 28  1"
"23099","     1470 36  2"
"23100","     1470 40  2"
"23101","     1470 47  2"
"23102","     1470 51  2"
"23103","     1470 55  1"
"23104","     1470 63  2"
"23105","     1470 63  3"
"23106","     1470 66  4"
"23107","     1470 74  2"
"23108","     1470 74  3"
"23109","     1470 78  2"
"23110","     1470 78  4"
"23111","     1470 78  6"
"23112","     1470 82  2"
"23113","     1470 89  3"
"23114","     1470 93  3"
"23115","     1471  8  2"
"23116","     1471 13  4"
"23117","     1471 17  2"
"23118","     1471 17  3"
"23119","     1471 30  2"
"23120","     1471 30  4"
"23121","     1471 38  2"
"23122","     1471 43  2"
"23123","     1471 43  3"
"23124","     1471 43  5"
"23125","     1471 43  8"
"23126","     1471 47  2"
"23127","     1471 47  3"
"23128","     1471 51  2"
"23129","     1471 56  2"
"23130","     1471 60  2"
"23131","     1471 64  2"
"23132","     1471 64  3"
"23133","     1471 64  4"
"23134","     1471 69  2"
"23135","     1471 69  3"
"23136","     1471 73  4"
"23137","     1471 73  5"
"23138","     1471 77  2"
"23139","     1471 86  2"
"23140","     1471 99  2"
"23141","     1471103  4"
"23142","     1471103  5"
"23143","     1472 12  3"
"23144","     1472 12  6"
"23145","     1472 16  2"
"23146","     1472 16  3"
"23147","     1472 19  2"
"23148","     1472 23  2"
"23149","     1472 23  3"
"23150","     1472 23  4"
"23151","     1472 23  5"
"23152","     1472 30  5"
"23153","     1472 30  7"
"23154","     1472 48  1"
"23155","     1472 48  2"
"23156","     1472 48  3"
"23157","     1472 52  2"
"23158","     1472 55  2"
"23159","     1472 55  3"
"23160","     1472 59  2"
"23161","     1472 59  6"
"23162","     1472 63  2"
"23163","     1472 66  2"
"23164","     1472 66  4"
"23165","     1472 70  1"
"23166","     1472 73  2"
"23167","     1472 73  4"
"23168","     1472 77  2"
"23169","     1472 84  1"
"23170","     1472 84  2"
"23171","     1472 88  4"
"23172","     1473 11  2"
"23173","     1473 19  2"
"23174","     1473 23  2"
"23175","     1473 27  2"
"23176","     1473 27  3"
"23177","     1473 27  4"
"23178","     1473 27  8"
"23179","     1473 34  2"
"23180","     1473 34  5"
"23181","     1473 38  2"
"23182","     1473 42  1"
"23183","     1473 46  1"
"23184","     1473 49  2"
"23185","     1473 53  3"
"23186","     1473 53  4"
"23187","     1473 57  2"
"23188","     1473 57  4"
"23189","     1473 61  2"
"23190","     1473 65  1"
"23191","     1473 65  2"
"23192","     1473 68  2"
"23193","     1473 76  2"
"23194","     1473 80  2"
"23195","     1473 84  1"
"23196","     1473 87  3"
"23197","     1473 87  5"
"23198","     1473 91  2"
"23199","     1473 95  2"
"23200","     1474  5  4"
"23201","     1474  9  2"
"23202","     1474 13  5"
"23203","     1474 13  8"
"23204","     1474 17  2"
"23205","     1474 17  3"
"23206","     1474 25  2"
"23207","     1474 25  3"
"23208","     1474 33  2"
"23209","     1474 33  3"
"23210","     1474 37  2"
"23211","     1474 37  3"
"23212","     1474 45  2"
"23213","     1474 49  2"
"23214","     1474 49  3"
"23215","     1474 52  2"
"23216","     1474 60  2"
"23217","     1474 64  1"
"23218","     1474 64  2"
"23219","     1474 64  3"
"23220","     1474 68  2"
"23221","     1474 72  2"
"23222","     1474 76  3"
"23223","     1474 80  2"
"23224","     1474 84  2"
"23225","     1474 88  2"
"23226","     1474 92  2"
"23227","     1474 96  3"
"23228","     1475  3  2"
"23229","     1475  6  2"
"23230","     1475  9  1"
"23231","     1475 12  2"
"23232","     1475 15  2"
"23233","     1475 21  2"
"23234","     1475 30  2"
"23235","     1475 34  1"
"23236","     1475 40  2"
"23237","     1475 43  1"
"23238","     1475 46  1"
"23239","     1475 46  4"
"23240","     1475 49  1"
"23241","     1475 52  1"
"23242","     1475 58  2"
"23243","     1475 61  2"
"23244","     1475 64  2"
"23245","     1475 67  2"
"23246","     1475 70  4"
"23247","     1476  1  2"
"23248","     1476  4  2"
"23249","     1476  4  4"
"23250","     1476  4  5"
"23251","     1476  7  3"
"23252","     1476 10  2"
"23253","     1476 13  2"
"23254","     1476 16  2"
"23255","     1476 19  2"
"23256","     1476 19  5"
"23257","     1476 22  1"
"23258","     1476 25  2"
"23259","     1476 28  2"
"23260","     1476 34  2"
"23261","     1476 37  1"
"23262","     1476 37  3"
"23263","     1476 41  2"
"23264","     1476 44  2"
"23265","     1476 44  3"
"23266","     1476 44  5"
"23267","     1476 47  1"
"23268","     1476 50  2"
"23269","     1476 53  1"
"23270","     1476 56  1"
"23271","     1476 62  1"
"23272","     1476 65  2"
"23273","     1476 68  2"
"23274","     1476 71  2"
"23275","     1476 74  2"
"23276","     1476 74  4"
"23277","     1476 77  2"
"23278","     1476 77  5"
"23279","     1476 80  1"
"23280","     1476 83  3"
"23281","     1476 83  4"
"23282","     1477  6  1"
"23283","     1477 13  1"
"23284","     1477 17  1"
"23285","     1477 30  2"
"23286","     1477 34  2"
"23287","     1477 37  2"
"23288","     1477 40  2"
"23289","     1477 40  3"
"23290","     1477 44  2"
"23291","     1477 47  2"
"23292","     1477 50  2"
"23293","     1477 54  2"
"23294","     1477 64  2"
"23295","     1477 64  3"
"23296","     1477 67  2"
"23297","     1477 71  5"
"23298","     1477 74  1"
"23299","     1477 81  2"
"23300","     1477 81  7"
"23301","     1477 84  2"
"23302","     1477 84  4"
"23303","     1477 88  2"
"23304","     1477 95  1"
"23305","     1477 95  2"
"23306","     1477 95  4"
"23307","     1478  1  2"
"23308","     1478 16  1"
"23309","     1478 19  2"
"23310","     1478 23  3"
"23311","     1478 27  4"
"23312","     1478 31  1"
"23313","     1478 31  3"
"23314","     1478 34  2"
"23315","     1478 34  3"
"23316","     1478 38  2"
"23317","     1478 49  2"
"23318","     1478 53  2"
"23319","     1478 57  2"
"23320","     1478 61  3"
"23321","     1478 64  1"
"23322","     1478 68  1"
"23323","     1478 68  2"
"23324","     1478 72  2"
"23325","     1478 79  3"
"23326","     1478 79  5"
"23327","     1478 79  8"
"23328","     1478 87  2"
"23329","     1478 87  3"
"23330","     1478 91  2"
"23331","     1478 91  4"
"23332","     1478 98  2"
"23333","     1478102  2"
"23334","     1479  2  2"
"23335","     1479  5  2"
"23336","     1479  9  2"
"23337","     1479  9  4"
"23338","     1479 12  2"
"23339","     1479 16  2"
"23340","     1479 19  4"
"23341","     1479 23  3"
"23342","     1479 26  2"
"23343","     1479 30  1"
"23344","     1479 37  2"
"23345","     1479 44  2"
"23346","     1479 47  2"
"23347","     1479 50  2"
"23348","     1479 54  2"
"23349","     1479 54  3"
"23350","     1479 57  2"
"23351","     1479 64  1"
"23352","     1479 68  2"
"23353","     1479 71  3"
"23354","     1479 75  2"
"23355","     1479 82  2"
"23356","     1479 85  2"
"23357","     1479 85  3"
"23358","     1479 96  2"
"23359","     1480  3  1"
"23360","     1480 16  2"
"23361","     1480 20  2"
"23362","     1480 29  2"
"23363","     1480 29  3"
"23364","     1480 38  2"
"23365","     1480 42  3"
"23366","     1480 60  3"
"23367","     1480 60  4"
"23368","     1480 65  2"
"23369","     1480 65  3"
"23370","     1480 69  2"
"23371","     1480 73  2"
"23372","     1480 73  3"
"23373","     1480 78  3"
"23374","     1480 82  2"
"23375","     1480 87  3"
"23376","     1480 91  2"
"23377","     1480 91  6"
"23378","     1480 96  1"
"23379","     1480100  1"
"23380","     1480104  1"
"23381","     1480109  2"
"23382","     1480122  3"
"23383","     1481  1  2"
"23384","     1481  1  4"
"23385","     1481  8  1"
"23386","     1481  8  4"
"23387","     1481 11  2"
"23388","     1481 14  2"
"23389","     1481 14  3"
"23390","     1481 18  1"
"23391","     1481 27  3"
"23392","     1481 27  4"
"23393","     1481 27  5"
"23394","     1481 37  2"
"23395","     1481 40  3"
"23396","     1481 44  2"
"23397","     1481 47  2"
"23398","     1481 47  3"
"23399","     1481 47  4"
"23400","     1481 47  5"
"23401","     1481 57  2"
"23402","     1481 60  2"
"23403","     1481 70  2"
"23404","     1481 73  2"
"23405","     1481 76  2"
"23406","     1481 76  3"
"23407","     1481 79  2"
"23408","     1481 79  3"
"23409","     1481 79  4"
"23410","     1481 79  5"
"23411","     1481 79  6"
"23412","     1481 83  1"
"23413","     1481 86  2"
"23414","     1481 89  2"
"23415","     1482  4  2"
"23416","     1482  7  1"
"23417","     1482 39  2"
"23418","     1482 46  2"
"23419","     1482 49  3"
"23420","     1482 53  2"
"23421","     1482 56  2"
"23422","     1482 63  2"
"23423","     1482 67  2"
"23424","     1482 70  3"
"23425","     1482 77  2"
"23426","     1482 84  2"
"23427","     1482 88  5"
"23428","     1482 91  2"
"23429","     1482 91  3"
"23430","     1482 98  2"
"23431","     1482 98  4"
"23432","     1482 98  5"
"23433","     1483  7  3"
"23434","     1483  9  2"
"23435","     1483 19  2"
"23436","     1483 32  2"
"23437","     1483 39  3"
"23438","     1483 39  4"
"23439","     1483 41  2"
"23440","     1483 46  2"
"23441","     1483 54  3"
"23442","     1483 56  4"
"23443","     1483 63  2"
"23444","     1483 66  2"
"23445","     1483 68  2"
"23446","     1483 71  2"
"23447","     1484 18  3"
"23448","     1484 19  2"
"23449","     1484 20  2"
"23450","     1484 21  2"
"23451","     1484 23  2"
"23452","     1484 74  2"
"23453","     1484 75  2"
"23454","     1484 75  5"
"23455","     1484 76  2"
"23456","     1484 77  2"
"23457","     1484 78  2"
"23458","     1484 78  3"
"23459","     1484 78  4"
"23460","     1484 79  2"
"23461","     1484137  2"
"23462","     1484138  2"
"23463","     1484139  1"
"23464","     1484194  2"
"23465","     1484195  2"
"23466","     1484195  3"
"23467","     1485 33  2"
"23468","     1485 36  2"
"23469","     1485 40  4"
"23470","     1485 97  2"
"23471","     1485101  2"
"23472","     1485101  3"
"23473","     1485102  2"
"23474","     1485161  1"
"23475","     1485162  2"
"23476","     1485163  4"
"23477","     1485166  2"
"23478","     1485168  3"
"23479","     1485168  5"
"23480","     1485226  2"
"23481","     1485227  2"
"23482","     1485230  1"
"23483","     1486  1  2"
"23484","     1486  2  2"
"23485","     1486  2  3"
"23486","     1486  3  2"
"23487","     1486  4  2"
"23488","     1486  6  1"
"23489","     1486  8  2"
"23490","     1486  8  4"
"23491","     1486 25  4"
"23492","     1486 27  2"
"23493","     1486 27  3"
"23494","     1486 27  4"
"23495","     1486 27  5"
"23496","     1486 30  2"
"23497","     1486 31  1"
"23498","     1486 32  1"
"23499","     1486 50  2"
"23500","     1486 51  2"
"23501","     1486 53  2"
"23502","     1486 53  3"
"23503","     1486 54  2"
"23504","     1486 55  2"
"23505","     1486 77  3"
"23506","     1486 77  4"
"23507","     1486 78  2"
"23508","     1487  9  2"
"23509","     1487 12  2"
"23510","     1487 13  2"
"23511","     1487 13  5"
"23512","     1487 34  3"
"23513","     1487 35  2"
"23514","     1487 37  2"
"23515","     1487 37  3"
"23516","     1487 73  2"
"23517","     1487 74  3"
"23518","     1487 76  2"
"23519","     1488 13  3"
"23520","     1488 14  2"
"23521","     1488 14  5"
"23522","     1488 15  2"
"23523","     1488 41  2"
"23524","     1488 45  2"
"23525","     1488 46  2"
"23526","     1488 99  2"
"23527","     1488100  3"
"23528","     1489  5  2"
"23529","     1489  8  5"
"23530","     1489 10  3"
"23531","     1489 13  3"
"23532","     1489 16  2"
"23533","     1489 16  3"
"23534","     1489 16  4"
"23535","     1489 22  1"
"23536","     1489 25  2"
"23537","     1489 25  3"
"23538","     1489 27  2"
"23539","     1489 30  4"
"23540","     1489 30  6"
"23541","     1489 33  2"
"23542","     1489 33  3"
"23543","     1489 39  2"
"23544","     1489 39 11"
"23545","     1489 41  2"
"23546","     1489 41  5"
"23547","     1489 41  9"
"23548","     1489 44  2"
"23549","     1489 47  2"
"23550","     1489 50  2"
"23551","     1489 53  2"
"23552","     1489 56  2"
"23553","     1489 58  4"
"23554","     1489 61  2"
"23555","     1489 61  4"
"23556","     1489 61  7"
"23557","     1489 67  2"
"23558","     1489 70  2"
"23559","     1489 73  1"
"23560","     1489 78  2"
"23561","     1489 81  2"
"23562","     1489 81  3"
"23563","     1489 89  2"
"23564","     1489 92  2"
"23565","     1489 95  2"
"23566","     1490  2  2"
"23567","     1490  8  1"
"23568","     1490 10  2"
"23569","     1490 10  3"
"23570","     1490 12  2"
"23571","     1490 14  3"
"23572","     1490 16  2"
"23573","     1490 16  4"
"23574","     1490 16  6"
"23575","     1490 18  2"
"23576","     1490 26  4"
"23577","     1490 26  6"
"23578","     1490 28  2"
"23579","     1490 32  1"
"23580","     1490 32  2"
"23581","     1490 32  3"
"23582","     1490 34  1"
"23583","     1490 36  4"
"23584","     1490 38  2"
"23585","     1490 40  2"
"23586","     1490 42  2"
"23587","     1490 44  2"
"23588","     1490 46  2"
"23589","     1490 48  3"
"23590","     1490 52  1"
"23591","     1490 54  2"
"23592","     1490 54  3"
"23593","     1490 54  7"
"23594","     1490 64  2"
"23595","     1490 64  3"
"23596","     1490 66  2"
"23597","     1490 68  2"
"23598","     1490 68  4"
"23599","     1490 68  5"
"23600","     1491  4  2"
"23601","     1491  4  4"
"23602","     1491  6  2"
"23603","     1491  8  2"
"23604","     1491 15  3"
"23605","     1491 18  2"
"23606","     1491 18  3"
"23607","     1491 20  2"
"23608","     1491 22  2"
"23609","     1491 27  2"
"23610","     1491 27  6"
"23611","     1491 29  2"
"23612","     1491 29  8"
"23613","     1491 43  2"
"23614","     1491 52  2"
"23615","     1491 59  2"
"23616","     1491 70  2"
"23617","     1492  3  2"
"23618","     1492  8  1"
"23619","     1492  8  2"
"23620","     1492 11  2"
"23621","     1492 13  3"
"23622","     1492 16  2"
"23623","     1492 24  2"
"23624","     1492 27  4"
"23625","     1492 27  5"
"23626","     1492 27  7"
"23627","     1492 29  2"
"23628","     1492 32  2"
"23629","     1492 35  2"
"23630","     1492 37  2"
"23631","     1492 40  2"
"23632","     1492 48  2"
"23633","     1492 61  2"
"23634","     1492 66  2"
"23635","     1492 72  2"
"23636","     1492 77  2"
"23637","     1492 80  2"
"23638","     1492 80  4"
"23639","     1492 82  2"
"23640","     1492 82  5"
"23641","     1492 85  2"
"23642","     1493  5  2"
"23643","     1493  7  1"
"23644","     1493  7  4"
"23645","     1493 11  2"
"23646","     1493 13  5"
"23647","     1493 17  2"
"23648","     1493 19  2"
"23649","     1493 21  2"
"23650","     1493 22  4"
"23651","     1493 28  2"
"23652","     1493 30  3"
"23653","     1493 32  2"
"23654","     1493 34  2"
"23655","     1493 36  2"
"23656","     1493 38  5"
"23657","     1493 40  2"
"23658","     1493 46  1"
"23659","     1493 50  1"
"23660","     1493 52  2"
"23661","     1493 53  1"
"23662","     1493 55  2"
"23663","     1493 55  4"
"23664","     1494  6  2"
"23665","     1494  6  3"
"23666","     1494  6  7"
"23667","     1494 10  2"
"23668","     1494 23  2"
"23669","     1494 35  2"
"23670","     1494 43  2"
"23671","     1494 43  3"
"23672","     1494 52  2"
"23673","     1494 56  2"
"23674","     1494 64  2"
"23675","     1494 69  2"
"23676","     1494 69  3"
"23677","     1494 69  4"
"23678","     1494 77  4"
"23679","     1494 98  2"
"23680","     1494102  2"
"23681","     1494106  2"
"23682","     1494110  2"
"23683","     1494119  2"
"23684","     1494119  3"
"23685","     1494131  2"
"23686","     1494135  2"
"23687","     1494135  4"
"23688","     1494135  9"
"23689","     1495 25  2"
"23690","     1495 27  2"
"23691","     1495 27  4"
"23692","     1495 28  2"
"23693","     1495 29  1"
"23694","     1495 31  2"
"23695","     1495 32  2"
"23696","     1495 32  3"
"23697","     1495 33  2"
"23698","     1495 65  2"
"23699","     1495 67  3"
"23700","     1495 72  2"
"23701","     1495 72  4"
"23702","     1495114  2"
"23703","     1495114  5"
"23704","     1495116  6"
"23705","     1495117  2"
"23706","     1495119  2"
"23707","     1495120  2"
"23708","     1495153  2"
"23709","     1495156  2"
"23710","     1495156  3"
"23711","     1495157  1"
"23712","     1495157  3"
"23713","     1495158  2"
"23714","     1495159  2"
"23715","     1496  4  2"
"23716","     1496 25  2"
"23717","     1496 27  2"
"23718","     1496 28  2"
"23719","     1496 31  1"
"23720","     1496 32  2"
"23721","     1496 58  2"
"23722","     1496 61  2"
"23723","     1496 62  2"
"23724","     1496 63  2"
"23725","     1496 81  2"
"23726","     1496 82  2"
"23727","     1496 84  1"
"23728","     1496 86  2"
"23729","     1496 87  2"
"23730","     1497 11  2"
"23731","     1497 13  2"
"23732","     1497 15  1"
"23733","     1497 16  2"
"23734","     1497 16  3"
"23735","     1497 51  2"
"23736","     1497 54  2"
"23737","     1497 56  2"
"23738","     1497 57  2"
"23739","     1497 90  1"
"23740","     1497 93  2"
"23741","     1497 93  3"
"23742","     1497126  2"
"23743","     1497128  2"
"23744","     1498  3  2"
"23745","     1498  3  3"
"23746","     1498  8  2"
"23747","     1498  8  6"
"23748","     1498  9  2"
"23749","     1498 28  2"
"23750","     1498 29  4"
"23751","     1498 41  2"
"23752","     1498 43  1"
"23753","     1498 45  2"
"23754","     1498 48  2"
"23755","     1498 65  2"
"23756","     1498 71  2"
"23757","     1499 21  2"
"23758","     1499 21  4"
"23759","     1499 22  2"
"23760","     1499 22  3"
"23761","     1499 57  2"
"23762","     1499 59  2"
"23763","     1499 60  2"
"23764","     1499 61  2"
"23765","     1499 62  2"
"23766","     1499 64  1"
"23767","     1499 64  4"
"23768","     1499 97  1"
"23769","     1499 98  2"
"23770","     1499100  1"
"23771","     1499101  2"
"23772","     1499102  1"
"23773","     1499102  2"
"23774","     1499102  4"
"23775","     1499103  3"
"23776","     1499103  4"
"23777","     1499104  2"
"23778","     1499137  2"
"23779","     1499139  1"
"23780","     1499140  2"
"23781","     1499141  2"
"23782","     1499142  3"
"23783","     1499142  6"
"23784","     1499145  2"
"23785","     1500  5  2"
"23786","     1500 25  2"
"23787","     1500 25  4"
"23788","     1500 32  1"
"23789","     1500 50  2"
"23790","     1500 56  1"
"23791","     1500 82  2"
"23792","     1500 84  1"
"23793","     1501  4  1"
"23794","     1501 10  2"
"23795","     1501 10  3"
"23796","     1501 15  5"
"23797","     1501 27  2"
"23798","     1501 32  2"
"23799","     1501 38  2"
"23800","     1501 44  2"
"23801","     1501 49  2"
"23802","     1501 55  4"
"23803","     1501 55  8"
"23804","     1501 61  2"
"23805","     1501 66  2"
"23806","     1501 72  2"
"23807","     1501 83  2"
"23808","     1501 89  2"
"23809","     1501 95  2"
"23810","     1501106  1"
"23811","     1501112  2"
"23812","     1501112  5"
"23813","     1501117  3"
"23814","     1501123  3"
"23815","     1501129  2"
"23816","     1501129  4"
"23817","     1501134  4"
"23818","     1502  5  1"
"23819","     1502 12  2"
"23820","     1502 19  2"
"23821","     1502 26  4"
"23822","     1502 26  6"
"23823","     1502 26  8"
"23824","     1502 26 10"
"23825","     1502 46  4"
"23826","     1502 46  5"
"23827","     1502 53  2"
"23828","     1502 59  2"
"23829","     1502 66  1"
"23830","     1502 80  3"
"23831","     1502 86  2"
"23832","     1502 86  4"
"23833","     1502 86  5"
"23834","     1502 93  2"
"23835","     1502 93  4"
"23836","     1502100  1"
"23837","     1502100  4"
"23838","     1502107  2"
"23839","     1502113  3"
"23840","     1502120  5"
"23841","     1502127  2"
"23842","     1502147  1"
"23843","     1502154  2"
"23844","     1502154  4"
"23845","     1502161  2"
"23846","     1503  2  2"
"23847","     1503  7  2"
"23848","     1503 12  2"
"23849","     1503 16  3"
"23850","     1503 16  4"
"23851","     1503 21  2"
"23852","     1503 26  3"
"23853","     1503 31  2"
"23854","     1503 35  2"
"23855","     1503 40  2"
"23856","     1503 40  4"
"23857","     1503 40  5"
"23858","     1503 45  1"
"23859","     1503 45  3"
"23860","     1503 49  2"
"23861","     1503 54  3"
"23862","     1503 54  5"
"23863","     1503 64  2"
"23864","     1503 68  2"
"23865","     1503 73  2"
"23866","     1503 82  2"
"23867","     1503 87  2"
"23868","     1503 92  2"
"23869","     1503101  2"
"23870","     1503101  4"
"23871","     1503106  2"
"23872","     1503106  3"
"23873","     1503111  1"
"23874","     1504  7  2"
"23875","     1504 11  2"
"23876","     1504 15  2"
"23877","     1504 19  1"
"23878","     1504 19  3"
"23879","     1504 23  3"
"23880","     1504 23  4"
"23881","     1504 23  5"
"23882","     1504 27  2"
"23883","     1504 27  3"
"23884","     1504 27  4"
"23885","     1504 27  7"
"23886","     1504 27  8"
"23887","     1504 31  2"
"23888","     1504 35  4"
"23889","     1504 39  3"
"23890","     1504 43  2"
"23891","     1504 47  2"
"23892","     1504 52  2"
"23893","     1504 52  6"
"23894","     1504 64  2"
"23895","     1504 68  3"
"23896","     1504 68  6"
"23897","     1504 72  1"
"23898","     1504 76  3"
"23899","     1504 76  4"
"23900","     1504 80  3"
"23901","     1504 84  2"
"23902","     1504 88  6"
"23903","     1504 92  2"
"23904","     1504 96  2"
"23905","     1505  8  2"
"23906","     1505 13  2"
"23907","     1505 36  3"
"23908","     1505 41  2"
"23909","     1505 41  3"
"23910","     1505 46  3"
"23911","     1505 51  2"
"23912","     1505 51  3"
"23913","     1505 55  2"
"23914","     1505 60  1"
"23915","     1505 65  2"
"23916","     1505 69  2"
"23917","     1505 74  2"
"23918","     1505 79  2"
"23919","     1505 84  2"
"23920","     1505 88  2"
"23921","     1505 98  2"
"23922","     1505102  5"
"23923","     1505107  2"
"23924","     1505112  2"
"23925","     1506  1  2"
"23926","     1506  7  2"
"23927","     1506  7  4"
"23928","     1506 10  2"
"23929","     1506 12  2"
"23930","     1506 15  2"
"23931","     1506 18  2"
"23932","     1506 24  2"
"23933","     1506 27  2"
"23934","     1506 35  2"
"23935","     1506 38  2"
"23936","     1506 44  2"
"23937","     1506 44  3"
"23938","     1506 47  2"
"23939","     1506 53  4"
"23940","     1506 56  3"
"23941","     1506 58  2"
"23942","     1506 61  2"
"23943","     1506 61  3"
"23944","     1506 64  2"
"23945","     1507  2  3"
"23946","     1507  3  2"
"23947","     1507  4  2"
"23948","     1507  5  2"
"23949","     1507  6  2"
"23950","     1507  7  2"
"23951","     1507  8  2"
"23952","     1507  8  5"
"23953","     1507 66  2"
"23954","     1507 67  2"
"23955","     1507 68  2"
"23956","     1507 70  2"
"23957","     1507 71  2"
"23958","     1507 72  2"
"23959","     1507121  2"
"23960","     1507123  2"
"23961","     1507124  2"
"23962","     1507125  2"
"23963","     1507126  2"
"23964","     1507127  2"
"23965","     1508 10  2"
"23966","     1508 13  2"
"23967","     1508 15  2"
"23968","     1508 16  2"
"23969","     1508 16  3"
"23970","     1508 81  2"
"23971","     1508 82  6"
"23972","     1508 83  2"
"23973","     1508 88  2"
"23974","     1508146  2"
"23975","     1508150  2"
"23976","     1508151  2"
"23977","     1509 17  5"
"23978","     1509 18  4"
"23979","     1509 19  2"
"23980","     1509 21  2"
"23981","     1509 21  5"
"23982","     1509 22  4"
"23983","     1509 24  2"
"23984","     1509 74  2"
"23985","     1509 75  5"
"23986","     1509 75  7"
"23987","     1509 77  1"
"23988","     1509 80  1"
"23989","     1509121  2"
"23990","     1509122  1"
"23991","     1509122  2"
"23992","     1509124  2"
"23993","     1509125  2"
"23994","     1509125  3"
"23995","     1509126  3"
"23996","     1509126  7"
"23997","     1509128  7"
"23998","     1510  9  2"
"23999","     1510 10  2"
"24000","     1510 14  1"
"24001","     1510 15  2"
"24002","     1510 16  2"
"24003","     1510 81  2"
"24004","     1510 84  1"
"24005","     1510 84  5"
"24006","     1510 85  2"
"24007","     1510 86  5"
"24008","     1510 88  3"
"24009","     1510 88  4"
"24010","     1510 88  7"
"24011","     1510146  2"
"24012","     1510146  3"
"24013","     1510147  2"
"24014","     1510148  2"
"24015","     1510148  5"
"24016","     1510149  3"
"24017","     1510150  3"
"24018","     1510150  4"
"24019","     1511 25  2"
"24020","     1511 26  2"
"24021","     1511 29  2"
"24022","     1511 30  2"
"24023","     1511 31  2"
"24024","     1511 72  2"
"24025","     1511 73  3"
"24026","     1511 74  2"
"24027","     1511 75  2"
"24028","     1511 76  1"
"24029","     1511 77  2"
"24030","     1511 78  2"
"24031","     1511 78  3"
"24032","     1511113  2"
"24033","     1511115  2"
"24034","     1511116  2"
"24035","     1511118  4"
"24036","     1512  9  2"
"24037","     1512  9  3"
"24038","     1512 10  2"
"24039","     1512 11  2"
"24040","     1512 12  2"
"24041","     1512 12  3"
"24042","     1512 13  2"
"24043","     1512 14  2"
"24044","     1512 16  3"
"24045","     1512 57  2"
"24046","     1512 58  3"
"24047","     1512 59  3"
"24048","     1512 60  3"
"24049","     1512 61  1"
"24050","     1512 64  2"
"24051","     1512 98  2"
"24052","     1512100  2"
"24053","     1512100  3"
"24054","     1512102  2"
"24055","     1512102  4"
"24056","     1512102  5"
"24057","     1512103  4"
"24058","     1513 25  4"
"24059","     1513 29  2"
"24060","     1513 30  1"
"24061","     1513 31  2"
"24062","     1513 31  3"
"24063","     1513 31 10"
"24064","     1513 32  4"
"24065","     1513 81  2"
"24066","     1513 82  2"
"24067","     1513 82  3"
"24068","     1513 83  2"
"24069","     1513 85  2"
"24070","     1513 86  2"
"24071","     1513 88  2"
"24072","     1513131  2"
"24073","     1513132  2"
"24074","     1513133  2"
"24075","     1514 33  2"
"24076","     1514 34  2"
"24077","     1514 36  2"
"24078","     1514 38  1"
"24079","     1514 39  5"
"24080","     1514 98  2"
"24081","     1514 99  2"
"24082","     1514100  2"
"24083","     1514101  4"
"24084","     1514103  2"
"24085","     1514161  4"
"24086","     1514161  6"
"24087","     1514163  2"
"24088","     1514164  2"
"24089","     1514167  1"
"24090","     1515 49  2"
"24091","     1515 51  2"
"24092","     1515 54  2"
"24093","     1515 55  2"
"24094","     1515 55  4"
"24095","     1515128  2"
"24096","     1515128  5"
"24097","     1515129  2"
"24098","     1515129  3"
"24099","     1515132  3"
"24100","     1515133  4"
"24101","     1515133  6"
"24102","     1515134  1"
"24103","     1515134  5"
"24104","     1515135  2"
"24105","     1515135  4"
"24106","     1515206  5"
"24107","     1515208  1"
"24108","     1515210  2"
"24109","     1515212  2"
"24110","     1516  9  3"
"24111","     1516 11  2"
"24112","     1516 12  2"
"24113","     1516 14  2"
"24114","     1516 15  1"
"24115","     1516 16  2"
"24116","     1516 58  2"
"24117","     1516 61  2"
"24118","     1516 61  3"
"24119","     1516 61  5"
"24120","     1516 63  1"
"24121","     1516 65  4"
"24122","     1516109  1"
"24123","     1516109  2"
"24124","     1516110  2"
"24125","     1516110  5"
"24126","     1516111  2"
"24127","     1517 25  3"
"24128","     1517 26  2"
"24129","     1517 26  3"
"24130","     1517 27  5"
"24131","     1517 28  2"
"24132","     1517 29  2"
"24133","     1517 30  2"
"24134","     1517 31  3"
"24135","     1517 61  2"
"24136","     1517 66  2"
"24137","     1517 66  5"
"24138","     1517 67  1"
"24139","     1517 67  3"
"24140","     1517 94  2"
"24141","     1517 94  3"
"24142","     1517 94  4"
"24143","     1517 96  2"
"24144","     1517 96  5"
"24145","     1517 96  7"
"24146","     1517 97  2"
"24147","     1517 99  3"
"24148","     1518  9  3"
"24149","     1518 10  5"
"24150","     1518 11  2"
"24151","     1518 12  2"
"24152","     1518 12  3"
"24153","     1518 13  3"
"24154","     1518 13  4"
"24155","     1518 14  2"
"24156","     1518 15  2"
"24157","     1518 41  2"
"24158","     1518 43  2"
"24159","     1518 44  2"
"24160","     1518 44  5"
"24161","     1518 44  6"
"24162","     1518 45  2"
"24163","     1518 46  2"
"24164","     1518 47  1"
"24165","     1518 81  2"
"24166","     1518 84  3"
"24167","     1518 85  2"
"24168","     1518 86  3"
"24169","     1518 87  2"
"24170","     1519  6  2"
"24171","     1519 23  5"
"24172","     1519 23  6"
"24173","     1519 31  4"
"24174","     1519 31  7"
"24175","     1519 39  2"
"24176","     1519 48  1"
"24177","     1519 56  1"
"24178","     1519 81  1"
"24179","     1519 81  2"
"24180","     1519 90  1"
"24181","     1519 98  2"
"24182","     1519107  2"
"24183","     1519124  1"
"24184","     1519124  3"
"24185","     1519132  2"
"24186","     1519132  3"
"24187","     1519140  1"
"24188","     1519149  6"
"24189","     1519166  2"
"24190","     1519182  2"
"24191","     1519199  2"
"24192","     1519199  4"
"24193","     1519208  2"
"24194","     1519216  1"
"24195","     1520  3  2"
"24196","     1520 20  2"
"24197","     1520 25  2"
"24198","     1520 25  3"
"24199","     1520 29  2"
"24200","     1520 34  2"
"24201","     1520 34  3"
"24202","     1520 38  2"
"24203","     1520 42  2"
"24204","     1520 56  1"
"24205","     1520 60  5"
"24206","     1520 60  7"
"24207","     1520 69  1"
"24208","     1520 78  4"
"24209","     1520 87  2"
"24210","     1520 91  4"
"24211","     1520 91  5"
"24212","     1520 95  2"
"24213","     1520100  5"
"24214","     1520100  8"
"24215","     1520109  4"
"24216","     1521  3  2"
"24217","     1521 10  2"
"24218","     1521 16  2"
"24219","     1521 19  2"
"24220","     1521 19  3"
"24221","     1521 19  4"
"24222","     1521 25  2"
"24223","     1521 25  4"
"24224","     1521 28  2"
"24225","     1521 28  4"
"24226","     1521 31  2"
"24227","     1521 34  2"
"24228","     1521 34  3"
"24229","     1521 40  2"
"24230","     1521 43  2"
"24231","     1521 49  1"
"24232","     1521 49  2"
"24233","     1521 52  2"
"24234","     1521 64  2"
"24235","     1521 67  1"
"24236","     1521 67  3"
"24237","     1521 70  2"
"24238","     1521 73  2"
"24239","     1521 76  1"
"24240","     1521 79  3"
"24241","     1521 79  4"
"24242","     1521 82  2"
"24243","     1521 82  5"
"24244","     1522  3  2"
"24245","     1522  8  2"
"24246","     1522 12  2"
"24247","     1522 12  3"
"24248","     1522 12  4"
"24249","     1522 12  7"
"24250","     1522 17  5"
"24251","     1522 36  2"
"24252","     1522 40  2"
"24253","     1522 45  2"
"24254","     1522 49  2"
"24255","     1522 63  1"
"24256","     1522 63  3"
"24257","     1522 68  2"
"24258","     1522 68  3"
"24259","     1522 68  4"
"24260","     1522 73  2"
"24261","     1522 77  2"
"24262","     1522 86  2"
"24263","     1522 96  2"
"24264","     1522100  2"
"24265","     1522110  3"
"24266","     1522110  4"
"24267","     1522114  1"
"24268","     1522123  1"
"24269","     1522123  2"
"24270","     1523  3  2"
"24271","     1523 16  2"
"24272","     1523 29  2"
"24273","     1523 37  2"
"24274","     1523 54  2"
"24275","     1523 63  2"
"24276","     1523 63  4"
"24277","     1523 63  8"
"24278","     1523 71  2"
"24279","     1523 75  1"
"24280","     1523 75  2"
"24281","     1523 84  2"
"24282","     1523 88  1"
"24283","     1523101  1"
"24284","     1523105  2"
"24285","     1524 11  2"
"24286","     1524 16  2"
"24287","     1524 20  2"
"24288","     1524 20  3"
"24289","     1524 25  1"
"24290","     1524 34  1"
"24291","     1524 39  2"
"24292","     1524 43  2"
"24293","     1524 48  1"
"24294","     1524 52  2"
"24295","     1524 57  4"
"24296","     1524 66  1"
"24297","     1524 66  2"
"24298","     1524 88  2"
"24299","     1524111  2"
"24300","     1525  4  5"
"24301","     1525 12  3"
"24302","     1525 12  5"
"24303","     1525 12  6"
"24304","     1525 12 10"
"24305","     1525 15  3"
"24306","     1525 17  2"
"24307","     1525 23  2"
"24308","     1525 25  2"
"24309","     1525 28  2"
"24310","     1525 39  3"
"24311","     1525 47  2"
"24312","     1525 55  2"
"24313","     1525 58  2"
"24314","     1525 63  2"
"24315","     1525 69  1"
"24316","     1526 42  2"
"24317","     1526 44  2"
"24318","     1526 44  4"
"24319","     1526 45  2"
"24320","     1526 46  2"
"24321","     1526 48  2"
"24322","     1526 48  3"
"24323","     1526100  2"
"24324","     1526103  2"
"24325","     1526104  4"
"24326","     1526146  1"
"24327","     1526146  2"
"24328","     1526148  2"
"24329","     1526149  3"
"24330","     1526151  2"
"24331","     1526195  5"
"24332","     1526197  2"
"24333","     1527 12  2"
"24334","     1527 43  4"
"24335","     1527 45  2"
"24336","     1527 45  3"
"24337","     1527 46  4"
"24338","     1527 47  1"
"24339","     1527 47  2"
"24340","     1527 48  2"
"24341","     1527 48  3"
"24342","     1527 66  2"
"24343","     1527 67  2"
"24344","     1527 67  3"
"24345","     1527 72  2"
"24346","     1527 98  3"
"24347","     1527100  2"
"24348","     1527101  1"
"24349","     1527101  2"
"24350","     1527102  2"
"24351","     1527102  3"
"24352","     1527103  2"
"24353","     1528  4  1"
"24354","     1528 16  1"
"24355","     1528 19  2"
"24356","     1528 19  5"
"24357","     1528 22  2"
"24358","     1528 25  2"
"24359","     1528 31  5"
"24360","     1528 31  6"
"24361","     1528 36  2"
"24362","     1528 36  3"
"24363","     1528 39  3"
"24364","     1528 51  2"
"24365","     1528 54  2"
"24366","     1528 57  2"
"24367","     1528 66  2"
"24368","     1528 66  4"
"24369","     1528 66  5"
"24370","     1528 71  2"
"24371","     1528 77  1"
"24372","     1528 80  2"
"24373","     1528 89  2"
"24374","     1528 92  3"
"24375","     1528 95  2"
"24376","     1528 98  2"
"24377","     1529  5  2"
"24378","     1529  7  2"
"24379","     1529 10  2"
"24380","     1529 13  2"
"24381","     1529 15  2"
"24382","     1529 18  2"
"24383","     1529 21  2"
"24384","     1529 23  2"
"24385","     1529 23  4"
"24386","     1529 23  5"
"24387","     1529 26  1"
"24388","     1529 34  3"
"24389","     1529 37  2"
"24390","     1529 37  3"
"24391","     1529 39  2"
"24392","     1529 39  3"
"24393","     1529 45  4"
"24394","     1529 48  1"
"24395","     1529 53  2"
"24396","     1529 53  4"
"24397","     1529 56  2"
"24398","     1529 58  2"
"24399","     1529 64  2"
"24400","     1529 66  2"
"24401","     1529 69  2"
"24402","     1529 77  2"
"24403","     1529 82  2"
"24404","     1529 88  2"
"24405","     1529 90  2"
"24406","     1529 93  2"
"24407","     1530 18  1"
"24408","     1530 18  8"
"24409","     1530 22  2"
"24410","     1530 23  2"
"24411","     1530 24  2"
"24412","     1530 57  2"
"24413","     1530 60  2"
"24414","     1530 62  2"
"24415","     1530 63  2"
"24416","     1530 64  2"
"24417","     1530105  2"
"24418","     1530106  4"
"24419","     1530106  6"
"24420","     1530107  2"
"24421","     1530109  2"
"24422","     1530110  2"
"24423","     1530111  2"
"24424","     1530145  2"
"24425","     1530148  2"
"24426","     1530149  2"
"24427","     1530151  2"
"24428","     1530152  2"
"24429","     1530186  2"
"24430","     1530188  2"
"24431","     1531  9  1"
"24432","     1531 12  2"
"24433","     1531 13  2"
"24434","     1531 34  2"
"24435","     1531 35  1"
"24436","     1531 57  2"
"24437","     1531 61  2"
"24438","     1531 61  3"
"24439","     1531 61  4"
"24440","     1531 63  1"
"24441","     1531 63  2"
"24442","     1531 64  2"
"24443","     1531 73  2"
"24444","     1531 74  2"
"24445","     1531 74  3"
"24446","     1531 76  1"
"24447","     1531 78  2"
"24448","     1531 78  4"
"24449","     1532 18  2"
"24450","     1532 23  2"
"24451","     1532 24  2"
"24452","     1532 49  2"
"24453","     1532 49  3"
"24454","     1532 50  2"
"24455","     1532 51  2"
"24456","     1532 53  2"
"24457","     1532 54  2"
"24458","     1532 55  2"
"24459","     1532 56  1"
"24460","     1532 74  1"
"24461","     1532 76  2"
"24462","     1532105  1"
"24463","     1532106  2"
"24464","     1532108  2"
"24465","     1532109  3"
"24466","     1532111  2"
"24467","     1532121  2"
"24468","     1532123  2"
"24469","     1532124  4"
"24470","     1533 10  2"
"24471","     1533 14  3"
"24472","     1533 16  2"
"24473","     1533 35  2"
"24474","     1533 59  3"
"24475","     1533 60  2"
"24476","     1533 78  2"
"24477","     1533 97  3"
"24478","     1533 99  2"
"24479","     1533100  3"
"24480","     1534  1  6"
"24481","     1534  2  2"
"24482","     1534  6  2"
"24483","     1534 20  3"
"24484","     1534 37  1"
"24485","     1534 38  2"
"24486","     1534 39  2"
"24487","     1534 54  2"
"24488","     1534 55  2"
"24489","     1535 25  2"
"24490","     1535 27  2"
"24491","     1535 28  2"
"24492","     1535 29  2"
"24493","     1535 29  8"
"24494","     1535 31  2"
"24495","     1535 32  2"
"24496","     1535 73  2"
"24497","     1535 75  2"
"24498","     1535 78  1"
"24499","     1535 78  2"
"24500","     1535 79  3"
"24501","     1535116  2"
"24502","     1535116  5"
"24503","     1535117  1"
"24504","     1535118  2"
"24505","     1535162  2"
"24506","     1535162  7"
"24507","     1535165  2"
"24508","     1535166  2"
"24509","     1535167  2"
"24510","     1535193  3"
"24511","     1535194  5"
"24512","     1536  1  2"
"24513","     1536  2  2"
"24514","     1536  3  1"
"24515","     1536  4  1"
"24516","     1536  6  2"
"24517","     1536  6  3"
"24518","     1536  8  2"
"24519","     1536  8  3"
"24520","     1536  8  4"
"24521","     1536  9  3"
"24522","     1536 10  3"
"24523","     1536 11  3"
"24524","     1536 12  1"
"24525","     1536 12  2"
"24526","     1536 13  1"
"24527","     1536 13  2"
"24528","     1536 19  1"
"24529","     1536 20  1"
"24530","     1536 22  2"
"24531","     1536 23  2"
"24532","     1536 24  2"
"24533","     1536 24  4"
"24534","     1536 27  2"
"24535","     1536 28  2"
"24536","     1536 28  3"
"24537","     1536 29  2"
"24538","     1536 30  2"
"24539","     1536 30  3"
"24540","     1536 30  6"
"24541","     1537  1  2"
"24542","     1537  2  2"
"24543","     1537  3  1"
"24544","     1537  4  2"
"24545","     1537  4  6"
"24546","     1537  5  2"
"24547","     1537  7  2"
"24548","     1537  7  3"
"24549","     1537  8  4"
"24550","     1537  8  5"
"24551","     1537  9  2"
"24552","     1537  9  3"
"24553","     1537  9  4"
"24554","     1537  9  5"
"24555","     1537 10  1"
"24556","     1537 10  2"
"24557","     1537 10  3"
"24558","     1537 13  2"
"24559","     1537 14  1"
"24560","     1537 14  5"
"24561","     1537 15  2"
"24562","     1537 16  2"
"24563","     1537 17  2"
"24564","     1537 19  2"
"24565","     1537 19  3"
"24566","     1537 20  5"
"24567","     1537 21  2"
"24568","     1537 22  2"
"24569","     1537 27  2"
"24570","     1537 28  2"
"24571","     1537 31  3"
"24572","     1538  9  2"
"24573","     1538 22  3"
"24574","     1538 22  4"
"24575","     1538 29  1"
"24576","     1538 33  1"
"24577","     1538 36  4"
"24578","     1538 43  2"
"24579","     1538 47  2"
"24580","     1538 50  1"
"24581","     1538 57  2"
"24582","     1538 64  2"
"24583","     1538 85  1"
"24584","     1538 88  2"
"24585","     1538 95  2"
"24586","     1538 98  2"
"24587","     1539  2  2"
"24588","     1539  3  5"
"24589","     1539  5  1"
"24590","     1539  6  6"
"24591","     1539  7  2"
"24592","     1539 26  2"
"24593","     1539 30  3"
"24594","     1539 32  2"
"24595","     1539 57  2"
"24596","     1539 59  2"
"24597","     1539 59  8"
"24598","     1539 60  3"
"24599","     1539 62  2"
"24600","     1539 63  4"
"24601","     1539 64  2"
"24602","     1539 82  2"
"24603","     1539 82  5"
"24604","     1539 85  2"
"24605","     1539 86  2"
"24606","     1539 86  4"
"24607","     1540  1  2"
"24608","     1540  7  2"
"24609","     1540 34  2"
"24610","     1540 35  2"
"24611","     1540 36  2"
"24612","     1540 37  2"
"24613","     1540 38  1"
"24614","     1540 39  2"
"24615","     1540 40  3"
"24616","     1540 65  3"
"24617","     1540 69  2"
"24618","     1540 71  2"
"24619","     1540 72  2"
"24620","     1540 98  1"
"24621","     1540 98  2"
"24622","     1540102  1"
"24623","     1541  9  2"
"24624","     1541  9  3"
"24625","     1541 10  3"
"24626","     1541 10  5"
"24627","     1541 11  1"
"24628","     1541 12  2"
"24629","     1541 12  3"
"24630","     1541 41  2"
"24631","     1541 42  2"
"24632","     1541 43  3"
"24633","     1541 44  2"
"24634","     1541 45  2"
"24635","     1541 45  3"
"24636","     1541 46  3"
"24637","     1541 66  2"
"24638","     1541 67  2"
"24639","     1541 68  2"
"24640","     1541 69  2"
"24641","     1541 72  2"
"24642","     1541 99  2"
"24643","     1541101  1"
"24644","     1541102  2"
"24645","     1541103  1"
"24646","     1541104  2"
"24647","     1542  1  2"
"24648","     1542  3  2"
"24649","     1542  7  2"
"24650","     1542  8  2"
"24651","     1542 27  2"
"24652","     1542 29  2"
"24653","     1542 31  2"
"24654","     1542 59  2"
"24655","     1542 61  2"
"24656","     1542 62  2"
"24657","     1542 83  2"
"24658","     1542 84  2"
"24659","     1542 84  3"
"24660","     1542 87  2"
"24661","     1543 57  2"
"24662","     1543 58  2"
"24663","     1543 58  5"
"24664","     1543 60  2"
"24665","     1543 61  2"
"24666","     1543 63  4"
"24667","     1543 64  2"
"24668","     1543130  2"
"24669","     1543131  2"
"24670","     1543132  1"
"24671","     1543133  2"
"24672","     1543134  4"
"24673","     1543202  2"
"24674","     1543203  2"
"24675","     1543204  2"
"24676","     1543205  2"
"24677","     1543205  3"
"24678","     1543205  8"
"24679","     1543205 12"
"24680","     1543208 12"
"24681","     1543268  2"
"24682","     1543269  6"
"24683","     1543269  8"
"24684","     1543270  2"
"24685","     1544  9  2"
"24686","     1544 12  2"
"24687","     1544 16  2"
"24688","     1544 29  1"
"24689","     1544 30  3"
"24690","     1544 31  2"
"24691","     1544 41  2"
"24692","     1544 44  2"
"24693","     1544 45  2"
"24694","     1544 58  2"
"24695","     1544 60  2"
"24696","     1544 62  2"
"24697","     1545  3  1"
"24698","     1545  3  2"
"24699","     1545 15  1"
"24700","     1545 15  2"
"24701","     1545 18  2"
"24702","     1545 18  3"
"24703","     1545 18  4"
"24704","     1545 26  4"
"24705","     1545 30  2"
"24706","     1545 33  3"
"24707","     1545 45  2"
"24708","     1545 45  3"
"24709","     1545 52  2"
"24710","     1545 52  3"
"24711","     1545 56  1"
"24712","     1545 56  2"
"24713","     1545 71  2"
"24714","     1545 78  2"
"24715","     1545 78  3"
"24716","     1545 86  2"
"24717","     1546  1  2"
"24718","     1546  5  2"
"24719","     1546  9  4"
"24720","     1546  9  7"
"24721","     1546 14  3"
"24722","     1546 18  2"
"24723","     1546 22  2"
"24724","     1546 26  3"
"24725","     1546 39  3"
"24726","     1546 43  1"
"24727","     1546 47  3"
"24728","     1546 47  4"
"24729","     1546 52  2"
"24730","     1546 64  3"
"24731","     1546 68  2"
"24732","     1546 73  3"
"24733","     1546 77  2"
"24734","     1546 81  2"
"24735","     1546 89  2"
"24736","     1546 89  3"
"24737","     1546 89  4"
"24738","     1546 94  4"
"24739","     1547  2  1"
"24740","     1547  7  4"
"24741","     1547 13  2"
"24742","     1547 19  2"
"24743","     1547 30  3"
"24744","     1547 30  4"
"24745","     1547 30  5"
"24746","     1547 36  2"
"24747","     1547 42  2"
"24748","     1547 53  2"
"24749","     1547 59  3"
"24750","     1547 64  2"
"24751","     1547 76  4"
"24752","     1547 87  5"
"24753","     1547 93  2"
"24754","     1547 99  2"
"24755","     1547104  1"
"24756","     1547104  2"
"24757","     1547104  3"
"24758","     1547116  2"
"24759","     1547116  3"
"24760","     1547122  2"
"24761","     1547127  2"
"24762","     1547127  3"
"24763","     1547133  2"
"24764","     1548  4  2"
"24765","     1548  8  2"
"24766","     1548 21  2"
"24767","     1548 30  2"
"24768","     1548 35  2"
"24769","     1548 39  4"
"24770","     1548 44  2"
"24771","     1548 48  1"
"24772","     1548 48  3"
"24773","     1548 53  2"
"24774","     1548 61  2"
"24775","     1548 66  4"
"24776","     1548 70  2"
"24777","     1548 70  4"
"24778","     1548 75  3"
"24779","     1548 88  2"
"24780","     1548 88  5"
"24781","     1548 88  9"
"24782","     1548 93  1"
"24783","     1548 97  2"
"24784","     1548102  2"
"24785","     1548106  2"
"24786","     1549  3  1"
"24787","     1549  9  1"
"24788","     1549  9  3"
"24789","     1549  9  5"
"24790","     1549  9  8"
"24791","     1549  9 10"
"24792","     1549 26  2"
"24793","     1549 32  2"
"24794","     1549 44  1"
"24795","     1549 49  2"
"24796","     1549 55  2"
"24797","     1549 55  5"
"24798","     1549 61  2"
"24799","     1549 67  2"
"24800","     1549 72  2"
"24801","     1549 72  3"
"24802","     1549 78  2"
"24803","     1549 84  3"
"24804","     1549 90  2"
"24805","     1549 90  6"
"24806","     1549 95  2"
"24807","     1549107  2"
"24808","     1549113  2"
"24809","     1549118  2"
"24810","     1549118  5"
"24811","     1549124  2"
"24812","     1549130  2"
"24813","     1549136  1"
"24814","     1549136  4"
"24815","     1549136  5"
"24816","     1550  1  2"
"24817","     1550  5  2"
"24818","     1550  5  3"
"24819","     1550  8  3"
"24820","     1550 18  1"
"24821","     1550 22  3"
"24822","     1550 22  6"
"24823","     1550 28  2"
"24824","     1550 32  3"
"24825","     1550 32  8"
"24826","     1550 39  2"
"24827","     1550 39  3"
"24828","     1550 42  4"
"24829","     1550 45  4"
"24830","     1550 45  5"
"24831","     1550 45  6"
"24832","     1550 49  3"
"24833","     1550 49  4"
"24834","     1550 55  2"
"24835","     1550 55  3"
"24836","     1550 55  4"
"24837","     1550 59  4"
"24838","     1550 62  1"
"24839","     1550 62  2"
"24840","     1550 66  1"
"24841","     1550 66  2"
"24842","     1550 69  3"
"24843","     1550 69  4"
"24844","     1550 72  2"
"24845","     1550 76  3"
"24846","     1550 79  2"
"24847","     1551  6  2"
"24848","     1551  6  4"
"24849","     1551 15  3"
"24850","     1551 15  4"
"24851","     1551 15  5"
"24852","     1551 19  3"
"24853","     1551 19  4"
"24854","     1551 23  2"
"24855","     1551 28  2"
"24856","     1551 36  2"
"24857","     1551 45  3"
"24858","     1551 54  3"
"24859","     1551 54  4"
"24860","     1551 62  2"
"24861","     1551 67  3"
"24862","     1551 67  4"
"24863","     1551 67  5"
"24864","     1551 75  3"
"24865","     1551 75  5"
"24866","     1551 75  6"
"24867","     1551 84  5"
"24868","     1551 88  2"
"24869","     1551 93  2"
"24870","     1551 97  4"
"24871","     1551101  2"
"24872","     1552  3  1"
"24873","     1552  3  3"
"24874","     1552  7  2"
"24875","     1552 11  2"
"24876","     1552 15  3"
"24877","     1552 19  1"
"24878","     1552 19  3"
"24879","     1552 23  1"
"24880","     1552 27  3"
"24881","     1552 31  5"
"24882","     1552 38  2"
"24883","     1552 50  3"
"24884","     1552 50  4"
"24885","     1552 54  2"
"24886","     1552 54  4"
"24887","     1552 58  3"
"24888","     1552 62  1"
"24889","     1552 62  3"
"24890","     1552 70  4"
"24891","     1552 74  2"
"24892","     1552 78  2"
"24893","     1552 89  2"
"24894","     1552 93  4"
"24895","     1552 93  7"
"24896","     1552 93  8"
"24897","     1552 93 10"
"24898","     1552 93 12"
"24899","     1553  3  3"
"24900","     1553  8  2"
"24901","     1553  8  5"
"24902","     1553 13  1"
"24903","     1553 18  2"
"24904","     1553 28  1"
"24905","     1553 28  2"
"24906","     1553 33  3"
"24907","     1553 33  4"
"24908","     1553 38  2"
"24909","     1553 43  2"
"24910","     1553 48  1"
"24911","     1553 58  2"
"24912","     1553 63  2"
"24913","     1553 73  2"
"24914","     1553 78  2"
"24915","     1553 83  2"
"24916","     1553 88  2"
"24917","     1553 88  6"
"24918","     1553 98  1"
"24919","     1553 98  2"
"24920","     1553 98  4"
"24921","     1553117  3"
"24922","     1553117  4"
"24923","     1554  1  2"
"24924","     1554  1  4"
"24925","     1554  1  7"
"24926","     1554  5  3"
"24927","     1554  8  2"
"24928","     1554 15  2"
"24929","     1554 19  2"
"24930","     1554 22  2"
"24931","     1554 22  3"
"24932","     1554 26  2"
"24933","     1554 33  1"
"24934","     1554 43  2"
"24935","     1554 47  3"
"24936","     1554 47  5"
"24937","     1554 50  3"
"24938","     1554 57  1"
"24939","     1554 61  3"
"24940","     1554 71  2"
"24941","     1554 82  2"
"24942","     1554 82  3"
"24943","     1555  6  2"
"24944","     1555 10  2"
"24945","     1555 18  2"
"24946","     1555 25  2"
"24947","     1555 37  2"
"24948","     1555 45  2"
"24949","     1555 49  2"
"24950","     1555 53  2"
"24951","     1555 57  2"
"24952","     1555 57  3"
"24953","     1555 57  4"
"24954","     1555 61  2"
"24955","     1555 61  6"
"24956","     1555 61  9"
"24957","     1555 72  2"
"24958","     1555 76  2"
"24959","     1555 76  3"
"24960","     1555 76  4"
"24961","     1555 76  5"
"24962","     1555 76  6"
"24963","     1555 80  2"
"24964","     1555 80  3"
"24965","     1555 80  4"
"24966","     1555 84  2"
"24967","     1555 88  2"
"24968","     1555 88  4"
"24969","     1555 92  2"
"24970","     1556  2  4"
"24971","     1556  2  6"
"24972","     1556  2 11"
"24973","     1556  6  2"
"24974","     1556  6  3"
"24975","     1556 17  2"
"24976","     1556 21  2"
"24977","     1556 21  3"
"24978","     1556 21  5"
"24979","     1556 21  6"
"24980","     1556 25  6"
"24981","     1556 32  4"
"24982","     1556 36  3"
"24983","     1556 36  5"
"24984","     1556 36  6"
"24985","     1556 40  4"
"24986","     1556 47  2"
"24987","     1556 47  3"
"24988","     1556 47  4"
"24989","     1556 55  3"
"24990","     1556 55  5"
"24991","     1556 62  3"
"24992","     1556 70  3"
"24993","     1556 70  6"
"24994","     1556 70  8"
"24995","     1556 74  2"
"24996","     1556 81  3"
"24997","     1556 81  8"
"24998","     1556 85  3"
"24999","     1556 85  4"
"25000","     1556 85  5"
"25001","     1556 89  2"
"25002","     1556 89  4"
"25003","     1557  3  2"
"25004","     1557  3  6"
"25005","     1557  7  2"
"25006","     1557 10  6"
"25007","     1557 14  2"
"25008","     1557 21  1"
"25009","     1557 21  3"
"25010","     1557 21  4"
"25011","     1557 24  1"
"25012","     1557 28  3"
"25013","     1557 28  4"
"25014","     1557 31  5"
"25015","     1557 31  6"
"25016","     1557 35  2"
"25017","     1557 38  4"
"25018","     1557 42  2"
"25019","     1557 45  2"
"25020","     1557 49  1"
"25021","     1557 49  2"
"25022","     1557 49  3"
"25023","     1557 56  2"
"25024","     1557 56  3"
"25025","     1557 59  2"
"25026","     1557 63  2"
"25027","     1557 63  3"
"25028","     1557 63  4"
"25029","     1557 66  2"
"25030","     1557 70  2"
"25031","     1557 73  2"
"25032","     1557 77  2"
"25033","     1557 84  2"
"25034","     1558  1  1"
"25035","     1558  4  2"
"25036","     1558  7  1"
"25037","     1558  7  2"
"25038","     1558 13  2"
"25039","     1558 16  2"
"25040","     1558 16  6"
"25041","     1558 19  2"
"25042","     1558 28  2"
"25043","     1558 31  2"
"25044","     1558 34  2"
"25045","     1558 34  3"
"25046","     1558 40  3"
"25047","     1558 43  2"
"25048","     1558 49  2"
"25049","     1558 49  4"
"25050","     1558 52  4"
"25051","     1558 61  2"
"25052","     1558 64  2"
"25053","     1558 70  1"
"25054","     1559  5  2"
"25055","     1559 41  2"
"25056","     1559 49  2"
"25057","     1559 58  1"
"25058","     1559 94  1"
"25059","     1559103  1"
"25060","     1559112  2"
"25061","     1559121  2"
"25062","     1559121  3"
"25063","     1559121  4"
"25064","     1559130  2"
"25065","     1559139  2"
"25066","     1559157  2"
"25067","     1559166  2"
"25068","     1559175  1"
"25069","     1559184  2"
"25070","     1559193  2"
"25071","     1559211  2"
"25072","     1560  1  5"
"25073","     1560  1  6"
"25074","     1560  6  2"
"25075","     1560 11  1"
"25076","     1560 16  3"
"25077","     1560 21  3"
"25078","     1560 30  2"
"25079","     1560 45  3"
"25080","     1560 45  4"
"25081","     1560 55  2"
"25082","     1560 60  3"
"25083","     1560 60  4"
"25084","     1560 60  5"
"25085","     1560 64  3"
"25086","     1560 64  4"
"25087","     1560 69  2"
"25088","     1560 84  4"
"25089","     1560 84  5"
"25090","     1560 94  2"
"25091","     1560 99  2"
"25092","     1560103  5"
"25093","     1560108  4"
"25094","     1560113  4"
"25095","     1561  2  2"
"25096","     1561  5  1"
"25097","     1561  5  2"
"25098","     1561 15  2"
"25099","     1561 22  2"
"25100","     1561 22  3"
"25101","     1561 22  5"
"25102","     1561 22  6"
"25103","     1561 25  2"
"25104","     1561 28  2"
"25105","     1561 38  2"
"25106","     1561 38  3"
"25107","     1561 42  2"
"25108","     1561 45  1"
"25109","     1561 52  1"
"25110","     1561 52  2"
"25111","     1561 52  4"
"25112","     1561 55  2"
"25113","     1561 62  2"
"25114","     1561 62  3"
"25115","     1561 62  4"
"25116","     1561 65  1"
"25117","     1561 65  2"
"25118","     1561 68  1"
"25119","     1561 72  2"
"25120","     1561 75  2"
"25121","     1561 78  1"
"25122","     1562  3  1"
"25123","     1562  7  2"
"25124","     1562 19  2"
"25125","     1562 23  2"
"25126","     1562 27  3"
"25127","     1562 31  2"
"25128","     1562 34  3"
"25129","     1562 38  2"
"25130","     1562 42  2"
"25131","     1562 46  1"
"25132","     1562 50  2"
"25133","     1562 54  2"
"25134","     1562 54  3"
"25135","     1562 54  4"
"25136","     1562 62  2"
"25137","     1562 62  3"
"25138","     1562 62  4"
"25139","     1562 66  1"
"25140","     1562 70  2"
"25141","     1562 70  4"
"25142","     1562 74  2"
"25143","     1562 74  3"
"25144","     1562 78  2"
"25145","     1562 82  2"
"25146","     1562 86  2"
"25147","     1562 94  1"
"25148","     1563  2  2"
"25149","     1563  6  4"
"25150","     1563 10  4"
"25151","     1563 19  3"
"25152","     1563 23  3"
"25153","     1563 23  4"
"25154","     1563 28  2"
"25155","     1563 40  2"
"25156","     1563 45  2"
"25157","     1563 53  2"
"25158","     1563 58  2"
"25159","     1563 58  4"
"25160","     1563 62  2"
"25161","     1563 71  2"
"25162","     1563 75  2"
"25163","     1563 79  2"
"25164","     1563 83  2"
"25165","     1563 88  2"
"25166","     1563 88  3"
"25167","     1563 92  2"
"25168","     1563 96  1"
"25169","     1563 96  2"
"25170","     1564  6  2"
"25171","     1564  6  3"
"25172","     1564 10  2"
"25173","     1564 10  3"
"25174","     1564 14  2"
"25175","     1564 14  4"
"25176","     1564 14  7"
"25177","     1564 18  3"
"25178","     1564 18  4"
"25179","     1564 22  3"
"25180","     1564 26  2"
"25181","     1564 35  2"
"25182","     1564 35  3"
"25183","     1564 35  4"
"25184","     1564 39  3"
"25185","     1564 39  5"
"25186","     1564 39  7"
"25187","     1564 43  2"
"25188","     1564 43  3"
"25189","     1564 47  1"
"25190","     1564 56  4"
"25191","     1564 60  3"
"25192","     1564 60  4"
"25193","     1564 64  3"
"25194","     1564 64  4"
"25195","     1564 64  5"
"25196","     1564 64  6"
"25197","     1564 68  3"
"25198","     1564 72  2"
"25199","     1564 72  6"
"25200","     1564 81  2"
"25201","     1564 85  2"
"25202","     1564 89  2"
"25203","     1564 89  3"
"25204","     1564 93  2"
"25205","     1564 97  2"
"25206","     1565  1  2"
"25207","     1565  1  3"
"25208","     1565 11  2"
"25209","     1565 20  1"
"25210","     1565 30  2"
"25211","     1565 30  3"
"25212","     1565 30  4"
"25213","     1565 35  2"
"25214","     1565 39  2"
"25215","     1565 44  2"
"25216","     1565 49  2"
"25217","     1565 49  3"
"25218","     1565 54  2"
"25219","     1565 54  4"
"25220","     1565 58  2"
"25221","     1565 63  2"
"25222","     1565 68  2"
"25223","     1565 73  2"
"25224","     1565 73  3"
"25225","     1565 77  2"
"25226","     1565 77  6"
"25227","     1565 82  2"
"25228","     1565 82  3"
"25229","     1565 96  2"
"25230","     1565 96  3"
"25231","     1565101  2"
"25232","     1565101  3"
"25233","     1566  4  2"
"25234","     1566  8  1"
"25235","     1566 13  4"
"25236","     1566 18  2"
"25237","     1566 22  4"
"25238","     1566 27  3"
"25239","     1566 50  2"
"25240","     1566 50  3"
"25241","     1566 54  2"
"25242","     1566 59  2"
"25243","     1566 63  2"
"25244","     1566 68  1"
"25245","     1566 68  2"
"25246","     1566 68  4"
"25247","     1566 86  2"
"25248","     1566 91  3"
"25249","     1566100  6"
"25250","     1566105  2"
"25251","     1566105  4"
"25252","     1566109  5"
"25253","     1567  3  2"
"25254","     1567 15  2"
"25255","     1567 20  2"
"25256","     1567 28  2"
"25257","     1567 32  2"
"25258","     1567 45  2"
"25259","     1567 49  2"
"25260","     1567 49  5"
"25261","     1567 57  2"
"25262","     1567 57  6"
"25263","     1567 62  1"
"25264","     1567 66  2"
"25265","     1567 70  3"
"25266","     1567 74  3"
"25267","     1567 79  2"
"25268","     1567 79  3"
"25269","     1567 83  2"
"25270","     1567 87  4"
"25271","     1567 91  3"
"25272","     1567 95  2"
"25273","     1567100  2"
"25274","     1568 33  4"
"25275","     1568 34  3"
"25276","     1568 36  2"
"25277","     1568 37  2"
"25278","     1568 38  2"
"25279","     1568 38  5"
"25280","     1568 39  2"
"25281","     1568 40  1"
"25282","     1568 83  4"
"25283","     1568 83  6"
"25284","     1568 84  2"
"25285","     1568 85  2"
"25286","     1568 86  7"
"25287","     1568128  2"
"25288","     1568130  4"
"25289","     1568132  2"
"25290","     1569  3  1"
"25291","     1569  4  1"
"25292","     1569  4  5"
"25293","     1569  4  9"
"25294","     1569  5  3"
"25295","     1569  6  2"
"25296","     1569  7  2"
"25297","     1569  8  2"
"25298","     1569 33  2"
"25299","     1569 33  3"
"25300","     1569 33 10"
"25301","     1569 34  2"
"25302","     1569 35  2"
"25303","     1569 35  6"
"25304","     1569 37  3"
"25305","     1569 37  4"
"25306","     1569 37  6"
"25307","     1569 37  7"
"25308","     1569 37 13"
"25309","     1569 38  2"
"25310","     1569 39  4"
"25311","     1569 39  6"
"25312","     1569 39  8"
"25313","     1569 40  2"
"25314","     1569 73  2"
"25315","     1569 74  3"
"25316","     1569 76  2"
"25317","     1569 77  2"
"25318","     1570 10  1"
"25319","     1570 11  2"
"25320","     1570 13  2"
"25321","     1570 13  4"
"25322","     1570 14  2"
"25323","     1570 15  2"
"25324","     1570 15  6"
"25325","     1570 49  2"
"25326","     1570 51  2"
"25327","     1570 51  6"
"25328","     1570 53  2"
"25329","     1570 54  2"
"25330","     1570 54  3"
"25331","     1570 55  3"
"25332","     1570 56  3"
"25333","     1570 82  2"
"25334","     1570 85  2"
"25335","     1570 86  2"
"25336","     1570 87  2"
"25337","     1571  3  2"
"25338","     1571 16  1"
"25339","     1571 23  2"
"25340","     1571 33  1"
"25341","     1571 40  2"
"25342","     1571 43  1"
"25343","     1571 46  2"
"25344","     1571 49  2"
"25345","     1571 56  2"
"25346","     1571 56  5"
"25347","     1571 59  3"
"25348","     1571 63  3"
"25349","     1571 76  3"
"25350","     1571 79  2"
"25351","     1571 79  3"
"25352","     1571 79  4"
"25353","     1571 79  5"
"25354","     1571 86  3"
"25355","     1571 89  1"
"25356","     1572  1  2"
"25357","     1572  3  2"
"25358","     1572  5  2"
"25359","     1572 11  2"
"25360","     1572 13  2"
"25361","     1572 14  2"
"25362","     1572 23  4"
"25363","     1572 24  4"
"25364","     1572 29  2"
"25365","     1572 29  3"
"25366","     1572 29  5"
"25367","     1572 31  2"
"25368","     1572 32  2"
"25369","     1572 34  1"
"25370","     1572 42  2"
"25371","     1572 44  1"
"25372","     1572 44  4"
"25373","     1573  2  2"
"25374","     1573  2  4"
"25375","     1573  2  5"
"25376","     1573  6  2"
"25377","     1573  6  3"
"25378","     1573  6  7"
"25379","     1573 15  2"
"25380","     1573 19  1"
"25381","     1573 27  2"
"25382","     1573 27  3"
"25383","     1573 31  4"
"25384","     1573 43  2"
"25385","     1573 43  3"
"25386","     1573 47  2"
"25387","     1573 51  2"
"25388","     1573 67  2"
"25389","     1573 76  2"
"25390","     1573 80  2"
"25391","     1573 84  3"
"25392","     1573 88  2"
"25393","     1573 96  2"
"25394","     1573100  1"
"25395","     1573100  3"
"25396","     1573104  3"
"25397","     1573104  6"
"25398","     1573108  2"
"25399","     1574  2  1"
"25400","     1574 20  2"
"25401","     1574 28  2"
"25402","     1574 28  3"
"25403","     1574 32  2"
"25404","     1574 35  2"
"25405","     1574 35  3"
"25406","     1574 39  2"
"25407","     1574 43  1"
"25408","     1574 43  2"
"25409","     1574 43  5"
"25410","     1574 47  2"
"25411","     1574 47  4"
"25412","     1574 54  2"
"25413","     1574 58  2"
"25414","     1574 58  3"
"25415","     1574 58  6"
"25416","     1574 62  1"
"25417","     1574 62  2"
"25418","     1574 65  2"
"25419","     1574 80  2"
"25420","     1574 84  1"
"25421","     1574 95  4"
"25422","     1575 10  4"
"25423","     1575 15  2"
"25424","     1575 24  2"
"25425","     1575 24  3"
"25426","     1575 33  2"
"25427","     1575 43  2"
"25428","     1575 52  2"
"25429","     1575 52  3"
"25430","     1575 62  2"
"25431","     1575 66  3"
"25432","     1575 76  2"
"25433","     1575 94  2"
"25434","     1575 94  3"
"25435","     1575 94  4"
"25436","     1575 99  2"
"25437","     1575113  3"
"25438","     1575118  2"
"25439","     1575123  2"
"25440","     1575127  1"
"25441","     1576  2  2"
"25442","     1576  3  2"
"25443","     1576  5  2"
"25444","     1576  6  2"
"25445","     1576 57  2"
"25446","     1576 59  3"
"25447","     1576 60  2"
"25448","     1576 61  2"
"25449","     1576 62  1"
"25450","     1576 63  2"
"25451","     1576115  2"
"25452","     1576115  3"
"25453","     1576117  2"
"25454","     1576117  4"
"25455","     1576118  2"
"25456","     1576119  2"
"25457","     1576120  2"
"25458","     1576161  2"
"25459","     1576162  2"
"25460","     1577 10  2"
"25461","     1577 13  2"
"25462","     1577 13  4"
"25463","     1577 14  3"
"25464","     1577 15  1"
"25465","     1577 15  3"
"25466","     1577 16  2"
"25467","     1577 57  2"
"25468","     1577 58  2"
"25469","     1577 59  2"
"25470","     1577 60  2"
"25471","     1577 64  2"
"25472","     1577 64  4"
"25473","     1577105  1"
"25474","     1577106  3"
"25475","     1577106  5"
"25476","     1577108  2"
"25477","     1577109  2"
"25478","     1577110  2"
"25479","     1577111  2"
"25480","     1577161  2"
"25481","     1577164  3"
"25482","     1577164  4"
"25483","     1578 26  3"
"25484","     1578 27  4"
"25485","     1578 27  6"
"25486","     1578 27  7"
"25487","     1578 28  1"
"25488","     1578 31  1"
"25489","     1578 32  2"
"25490","     1578 89  2"
"25491","     1578 91  3"
"25492","     1578 91  4"
"25493","     1578 91  5"
"25494","     1578 91  6"
"25495","     1578 92  2"
"25496","     1578 92  3"
"25497","     1578 94  1"
"25498","     1578 94  3"
"25499","     1578 95  2"
"25500","     1578153  2"
"25501","     1578153  4"
"25502","     1578153  5"
"25503","     1578154  2"
"25504","     1578155  2"
"25505","     1578155  3"
"25506","     1578156  1"
"25507","     1578157  5"
"25508","     1578159  2"
"25509","     1578160  2"
"25510","     1578218  3"
"25511","     1578219  2"
"25512","     1578220  4"
"25513","     1579 17  2"
"25514","     1579 18  2"
"25515","     1579 23  2"
"25516","     1579 24  6"
"25517","     1579 57  2"
"25518","     1579 58  2"
"25519","     1579 59  2"
"25520","     1579 63  2"
"25521","     1579 99  2"
"25522","     1579 99  3"
"25523","     1579100  2"
"25524","     1579104  2"
"25525","     1580  9  2"
"25526","     1580  9  4"
"25527","     1580 13  2"
"25528","     1580 21  5"
"25529","     1580 25  2"
"25530","     1580 25  3"
"25531","     1580 29  3"
"25532","     1580 33  5"
"25533","     1580 41  2"
"25534","     1580 45  3"
"25535","     1580 49  6"
"25536","     1580 53  5"
"25537","     1580 61  2"
"25538","     1580 61  4"
"25539","     1580 61  6"
"25540","     1580 65  4"
"25541","     1580 69  1"
"25542","     1580 73  2"
"25543","     1580 77  3"
"25544","     1580 81  3"
"25545","     1580 85  2"
"25546","     1581  2  2"
"25547","     1581  2  5"
"25548","     1581  5  4"
"25549","     1581  9  2"
"25550","     1581  9  3"
"25551","     1581  9  6"
"25552","     1581 13  2"
"25553","     1581 13  4"
"25554","     1581 16  2"
"25555","     1581 16  3"
"25556","     1581 20  2"
"25557","     1581 31  2"
"25558","     1581 31  4"
"25559","     1581 35  2"
"25560","     1581 38  5"
"25561","     1581 42  3"
"25562","     1581 46  4"
"25563","     1581 53  2"
"25564","     1581 53  3"
"25565","     1581 60  2"
"25566","     1581 64  2"
"25567","     1581 64  4"
"25568","     1581 75  4"
"25569","     1581 75  8"
"25570","     1581 79  2"
"25571","     1581 79  6"
"25572","     1581 83  2"
"25573","     1581 90  4"
"25574","     1582  2  2"
"25575","     1582 11  3"
"25576","     1582 15  2"
"25577","     1582 19  3"
"25578","     1582 19  6"
"25579","     1582 23  2"
"25580","     1582 23  5"
"25581","     1582 23  8"
"25582","     1582 27  2"
"25583","     1582 31  2"
"25584","     1582 35  2"
"25585","     1582 44  1"
"25586","     1582 44  3"
"25587","     1582 48  2"
"25588","     1582 52  2"
"25589","     1582 52  5"
"25590","     1582 56  1"
"25591","     1582 56  2"
"25592","     1582 56  3"
"25593","     1582 60  2"
"25594","     1582 60  4"
"25595","     1582 60  8"
"25596","     1582 68  2"
"25597","     1582 81  2"
"25598","     1582 85  2"
"25599","     1582 85  3"
"25600","     1582 89  3"
"25601","     1582 93  2"
"25602","     1583  2  2"
"25603","     1583  9  2"
"25604","     1583 13  2"
"25605","     1583 20  2"
"25606","     1583 27  1"
"25607","     1583 31  1"
"25608","     1583 34  1"
"25609","     1583 38  2"
"25610","     1583 41  2"
"25611","     1583 45  2"
"25612","     1583 48  2"
"25613","     1583 52  2"
"25614","     1583 56  2"
"25615","     1583 63  2"
"25616","     1583 63  3"
"25617","     1583 63  4"
"25618","     1583 66  1"
"25619","     1583 73  1"
"25620","     1583 80  1"
"25621","     1583 84  2"
"25622","     1583 84  3"
"25623","     1583 88  2"
"25624","     1584  2  1"
"25625","     1584  6  3"
"25626","     1584 11  2"
"25627","     1584 15  1"
"25628","     1584 15  4"
"25629","     1584 15  7"
"25630","     1584 27  3"
"25631","     1584 31  1"
"25632","     1584 31  2"
"25633","     1584 35  1"
"25634","     1584 35  6"
"25635","     1584 39  1"
"25636","     1584 39  2"
"25637","     1584 39  3"
"25638","     1584 43  2"
"25639","     1584 43  3"
"25640","     1584 47  1"
"25641","     1584 51  4"
"25642","     1584 55  2"
"25643","     1584 59  1"
"25644","     1584 64  1"
"25645","     1584 64  4"
"25646","     1584 68  2"
"25647","     1584 68  4"
"25648","     1584 76  2"
"25649","     1584 84  2"
"25650","     1584 88  2"
"25651","     1584 92  2"
"25652","     1584 96  2"
"25653","     1584100  2"
"25654","     1584100  3"
"25655","     1584100  4"
"25656","     1585  8  2"
"25657","     1585  8  8"
"25658","     1585 12  3"
"25659","     1585 16  2"
"25660","     1585 16  3"
"25661","     1585 32  2"
"25662","     1585 40  2"
"25663","     1585 40  4"
"25664","     1585 44  2"
"25665","     1585 48  3"
"25666","     1585 52  3"
"25667","     1585 52  5"
"25668","     1585 56  2"
"25669","     1585 59  2"
"25670","     1585 59  4"
"25671","     1585 63  4"
"25672","     1585 63  5"
"25673","     1585 63  6"
"25674","     1585 67  2"
"25675","     1585 71  2"
"25676","     1585 71  3"
"25677","     1585 75  2"
"25678","     1585 91  2"
"25679","     1585 91  3"
"25680","     1585 95  4"
"25681","     1585 99  2"
"25682","     1585107  2"
"25683","     1585111  2"
"25684","     1585111  4"
"25685","     1586  3  2"
"25686","     1586  7  2"
"25687","     1586 11  2"
"25688","     1586 11  7"
"25689","     1586 16  1"
"25690","     1586 20  2"
"25691","     1586 20  3"
"25692","     1586 24  3"
"25693","     1586 24  8"
"25694","     1586 29  2"
"25695","     1586 33  2"
"25696","     1586 41  2"
"25697","     1586 41  5"
"25698","     1586 50  2"
"25699","     1586 50  5"
"25700","     1586 54  2"
"25701","     1586 54  3"
"25702","     1586 63  2"
"25703","     1586 67  2"
"25704","     1586 71  2"
"25705","     1586 76  2"
"25706","     1586 84  2"
"25707","     1586 89  1"
"25708","     1586 93  2"
"25709","     1586 93  3"
"25710","     1586 97  2"
"25711","     1586 97  6"
"25712","     1586101  2"
"25713","     1586106  1"
"25714","     1586106  3"
"25715","     1586106  4"
"25716","     1586119  2"
"25717","     1587  1  2"
"25718","     1587  5  2"
"25719","     1587  8  2"
"25720","     1587  8  3"
"25721","     1587 15  1"
"25722","     1587 21  3"
"25723","     1587 25  1"
"25724","     1587 28  3"
"25725","     1587 31  1"
"25726","     1587 31  3"
"25727","     1587 31  6"
"25728","     1587 35  2"
"25729","     1587 35  4"
"25730","     1587 38  2"
"25731","     1587 45  2"
"25732","     1587 48  2"
"25733","     1587 51  2"
"25734","     1587 58  3"
"25735","     1587 58  6"
"25736","     1587 58  9"
"25737","     1587 61  1"
"25738","     1587 61  2"
"25739","     1587 81  2"
"25740","     1587 84  2"
"25741","     1587 88  2"
"25742","     1587 88  3"
"25743","     1587 91  2"
"25744","     1588  3  2"
"25745","     1588  3  3"
"25746","     1588  3  4"
"25747","     1588  9  3"
"25748","     1588 23  2"
"25749","     1588 23  3"
"25750","     1588 23  4"
"25751","     1588 29  2"
"25752","     1588 40  4"
"25753","     1588 43  2"
"25754","     1588 43  3"
"25755","     1588 46  2"
"25756","     1588 52  2"
"25757","     1588 52  5"
"25758","     1588 54  1"
"25759","     1588 54  2"
"25760","     1588 60  2"
"25761","     1588 66  2"
"25762","     1588 69  2"
"25763","     1588 74  3"
"25764","     1588 80  3"
"25765","     1589  1  3"
"25766","     1589  6  2"
"25767","     1589  6  8"
"25768","     1589 10  2"
"25769","     1589 27  2"
"25770","     1589 27  4"
"25771","     1589 47  2"
"25772","     1589 50  3"
"25773","     1589 57  2"
"25774","     1589 61  1"
"25775","     1589 74  1"
"25776","     1589 78  2"
"25777","     1589 88  1"
"25778","     1589 91  2"
"25779","     1589 91  4"
"25780","     1589 95  4"
"25781","     1589 95  6"
"25782","     1590  1  2"
"25783","     1590  2  2"
"25784","     1590  2  6"
"25785","     1590  3  2"
"25786","     1590  3  4"
"25787","     1590  5  2"
"25788","     1590  5  3"
"25789","     1590  6  2"
"25790","     1590  7  2"
"25791","     1590  7  4"
"25792","     1590  8  3"
"25793","     1590 49  2"
"25794","     1590 50  2"
"25795","     1590 51  2"
"25796","     1590 52  2"
"25797","     1590 53  2"
"25798","     1590 54  3"
"25799","     1590 55  2"
"25800","     1590 56  3"
"25801","     1590 91  6"
"25802","     1590 92  2"
"25803","     1590 93  2"
"25804","     1590 94  2"
"25805","     1590 94  3"
"25806","     1590 96  2"
"25807","     1590132  2"
"25808","     1590133  2"
"25809","     1590133  4"
"25810","     1591  9  2"
"25811","     1591 10  4"
"25812","     1591 11  2"
"25813","     1591 12  4"
"25814","     1591 13  2"
"25815","     1591 62  2"
"25816","     1591 62  5"
"25817","     1591 63  2"
"25818","     1591 97  2"
"25819","     1591 98  2"
"25820","     1591 99  2"
"25821","     1591100  3"
"25822","     1591100  6"
"25823","     1591100  8"
"25824","     1591101  3"
"25825","     1591102  3"
"25826","     1591102 11"
"25827","     1591103  3"
"25828","     1591137  2"
"25829","     1591139  3"
"25830","     1591140  2"
"25831","     1592  4  2"
"25832","     1592 13  2"
"25833","     1592 17  1"
"25834","     1592 17  2"
"25835","     1592 17  3"
"25836","     1592 22  2"
"25837","     1592 35  2"
"25838","     1592 40  2"
"25839","     1592 44  2"
"25840","     1592 53  4"
"25841","     1592 53  5"
"25842","     1592 67  1"
"25843","     1592 67  2"
"25844","     1592 72  2"
"25845","     1592 76  4"
"25846","     1592 76  6"
"25847","     1592 76  7"
"25848","     1592 85  2"
"25849","     1592 94  3"
"25850","     1593  2  4"
"25851","     1593  2  6"
"25852","     1593  7  2"
"25853","     1593  7  6"
"25854","     1593  7  9"
"25855","     1593  7 11"
"25856","     1593 11  2"
"25857","     1593 15  2"
"25858","     1593 15  6"
"25859","     1593 20  2"
"25860","     1593 20  3"
"25861","     1593 20  4"
"25862","     1593 28  2"
"25863","     1593 32  4"
"25864","     1593 37  2"
"25865","     1593 37  5"
"25866","     1593 41  1"
"25867","     1593 45  5"
"25868","     1593 54  3"
"25869","     1593 54  4"
"25870","     1593 54  6"
"25871","     1593 54  7"
"25872","     1593 58  2"
"25873","     1593 58  7"
"25874","     1593 62  2"
"25875","     1593 67  2"
"25876","     1593 67  3"
"25877","     1593 71  2"
"25878","     1593 75  2"
"25879","     1593 75  4"
"25880","     1593 80  4"
"25881","     1593 88  2"
"25882","     1593 88  3"
"25883","     1594  3  1"
"25884","     1594  3  2"
"25885","     1594  7  2"
"25886","     1594 12  2"
"25887","     1594 17  1"
"25888","     1594 17  4"
"25889","     1594 17  7"
"25890","     1594 21  2"
"25891","     1594 21  3"
"25892","     1594 21  4"
"25893","     1594 21  5"
"25894","     1594 26  4"
"25895","     1594 26  5"
"25896","     1594 31  4"
"25897","     1594 45  2"
"25898","     1594 45  3"
"25899","     1594 50  3"
"25900","     1594 54  2"
"25901","     1594 59  2"
"25902","     1594 69  2"
"25903","     1594 69  3"
"25904","     1594 73  3"
"25905","     1594 73  4"
"25906","     1594 78  3"
"25907","     1594 87  2"
"25908","     1594 87  3"
"25909","     1594 87  6"
"25910","     1594 92  4"
"25911","     1594 97  3"
"25912","     1595  3  6"
"25913","     1595  7  3"
"25914","     1595 12  2"
"25915","     1595 17  2"
"25916","     1595 17  3"
"25917","     1595 21  3"
"25918","     1595 21  4"
"25919","     1595 26  3"
"25920","     1595 26  4"
"25921","     1595 26  5"
"25922","     1595 31  3"
"25923","     1595 31  5"
"25924","     1595 36  2"
"25925","     1595 36  6"
"25926","     1595 45  1"
"25927","     1595 50  5"
"25928","     1595 54  2"
"25929","     1595 54  3"
"25930","     1595 54  4"
"25931","     1595 59  1"
"25932","     1595 59  2"
"25933","     1595 64  2"
"25934","     1595 64  6"
"25935","     1595 69  2"
"25936","     1595 69  4"
"25937","     1595 78  2"
"25938","     1595 83  6"
"25939","     1595 87  1"
"25940","     1595 92  1"
"25941","     1595 92  2"
"25942","     1595 97  2"
"25943","     1595 97  4"
"25944","     1595 97  5"
"25945","     1595 97  8"
"25946","     1596  2  2"
"25947","     1596  7  2"
"25948","     1596  7  4"
"25949","     1596  7  5"
"25950","     1596  7  6"
"25951","     1596 12  2"
"25952","     1596 17  5"
"25953","     1596 26  2"
"25954","     1596 26  3"
"25955","     1596 36  7"
"25956","     1596 41  6"
"25957","     1596 51  3"
"25958","     1596 55  2"
"25959","     1596 55  4"
"25960","     1596 55  6"
"25961","     1596 60  2"
"25962","     1596 60  6"
"25963","     1596 65  1"
"25964","     1596 65  2"
"25965","     1596 70  2"
"25966","     1596 75  2"
"25967","     1596 79  1"
"25968","     1596 84  1"
"25969","     1596 84  2"
"25970","     1596 99  2"
"25971","     1597  5  1"
"25972","     1597  5  2"
"25973","     1597 10  3"
"25974","     1597 19  2"
"25975","     1597 19  3"
"25976","     1597 19  5"
"25977","     1597 24  1"
"25978","     1597 24  2"
"25979","     1597 29  2"
"25980","     1597 34  2"
"25981","     1597 39  3"
"25982","     1597 39  6"
"25983","     1597 44  2"
"25984","     1597 54  5"
"25985","     1597 54  7"
"25986","     1597 59  5"
"25987","     1597 68  2"
"25988","     1597 68  3"
"25989","     1597 73  3"
"25990","     1597 78  2"
"25991","     1597 83  2"
"25992","     1597 83  3"
"25993","     1597 83  4"
"25994","     1597 83  6"
"25995","     1597 83  9"
"25996","     1597 88  3"
"25997","     1597 88  8"
"25998","     1597 93  2"
"25999","     1597 93  3"
"26000","     1597 93  4"
"26001","     1597 93  5"
"26002","     1597 98  1"
"26003","     1597103  4"
"26004","     1597103  5"
"26005","     1597103  6"
"26006","     1598  2  1"
"26007","     1598  2  3"
"26008","     1598  2  5"
"26009","     1598  8  2"
"26010","     1598 19  2"
"26011","     1598 25  3"
"26012","     1598 31  4"
"26013","     1598 31  5"
"26014","     1598 49  2"
"26015","     1598 49  3"
"26016","     1598 61  2"
"26017","     1598 67  1"
"26018","     1598 67  2"
"26019","     1598 79  2"
"26020","     1598 85  2"
"26021","     1598 91  1"
"26022","     1598 91  2"
"26023","     1598 91  5"
"26024","     1598 97  2"
"26025","     1598103  2"
"26026","     1598109  2"
"26027","     1598109  6"
"26028","     1598115  2"
"26029","     1598121  1"
"26030","     1599  8  3"
"26031","     1599  8  5"
"26032","     1599 14  2"
"26033","     1599 19  2"
"26034","     1599 24  2"
"26035","     1599 30  3"
"26036","     1599 35  4"
"26037","     1599 40  2"
"26038","     1599 46  3"
"26039","     1599 51  3"
"26040","     1599 51  7"
"26041","     1599 51  9"
"26042","     1599 67  2"
"26043","     1599 72  2"
"26044","     1599 78  2"
"26045","     1599 83  2"
"26046","     1599 88  3"
"26047","     1599 94  3"
"26048","     1599 94  6"
"26049","     1599 99  2"
"26050","     1599 99  4"
"26051","     1599110  3"
"26052","     1600  2  3"
"26053","     1600  7  2"
"26054","     1600 18  2"
"26055","     1600 24  2"
"26056","     1600 24  5"
"26057","     1600 34  2"
"26058","     1600 40  2"
"26059","     1600 45  2"
"26060","     1600 51  2"
"26061","     1600 56  3"
"26062","     1600 67  4"
"26063","     1600 67  7"
"26064","     1600 73  2"
"26065","     1600 84  1"
"26066","     1600 84  2"
"26067","     1600 89  3"
"26068","     1600 89  4"
"26069","     1600100  2"
"26070","     1600106  2"
"26071","     1600111  1"
"26072","     1600111  3"
"26073","     1601  3  3"
"26074","     1601  3  6"
"26075","     1601  8  2"
"26076","     1601 14  2"
"26077","     1601 18  5"
"26078","     1601 29  2"
"26079","     1601 39  2"
"26080","     1601 39  4"
"26081","     1601 44  2"
"26082","     1601 50  2"
"26083","     1601 55  1"
"26084","     1601 65  2"
"26085","     1601 65  3"
"26086","     1601 65  4"
"26087","     1601 70  2"
"26088","     1601 75  2"
"26089","     1601 75  3"
"26090","     1601 80  2"
"26091","     1601 86  2"
"26092","     1601 91  2"
"26093","     1601 96  2"
"26094","     1601101  2"
"26095","     1601106  3"
"26096","     1602  1  2"
"26097","     1602  6  1"
"26098","     1602 11  2"
"26099","     1602 25  3"
"26100","     1602 25  5"
"26101","     1602 39  2"
"26102","     1602 43  2"
"26103","     1602 48  2"
"26104","     1602 53  3"
"26105","     1602 62  2"
"26106","     1602 62  3"
"26107","     1602 62  5"
"26108","     1602 62  6"
"26109","     1602 67  2"
"26110","     1602 67  3"
"26111","     1602 67  5"
"26112","     1602 71  3"
"26113","     1602 71  7"
"26114","     1602 76  2"
"26115","     1602 81  5"
"26116","     1602 85  2"
"26117","     1602 90  1"
"26118","     1602 95  2"
"26119","     1603  7  4"
"26120","     1603 16  1"
"26121","     1603 21  3"
"26122","     1603 30  2"
"26123","     1603 30  3"
"26124","     1603 30  4"
"26125","     1603 39  2"
"26126","     1603 39  3"
"26127","     1603 39  4"
"26128","     1603 48  1"
"26129","     1603 53  3"
"26130","     1603 57  3"
"26131","     1603 66  2"
"26132","     1603 71  2"
"26133","     1603 71  4"
"26134","     1603 75  1"
"26135","     1603 75  2"
"26136","     1603 75  6"
"26137","     1603 75  7"
"26138","     1603 75  9"
"26139","     1603 80  1"
"26140","     1603 84  3"
"26141","     1603 84  5"
"26142","     1603 94  2"
"26143","     1603 94  4"
"26144","     1603 98  2"
"26145","     1603107  3"
"26146","     1604  2  2"
"26147","     1604  7  2"
"26148","     1604 11  1"
"26149","     1604 16  2"
"26150","     1604 20  2"
"26151","     1604 20  4"
"26152","     1604 20 10"
"26153","     1604 29  2"
"26154","     1604 29  3"
"26155","     1604 29  4"
"26156","     1604 33  4"
"26157","     1604 42  1"
"26158","     1604 46  1"
"26159","     1604 46  4"
"26160","     1604 55  2"
"26161","     1604 59  2"
"26162","     1604 64  4"
"26163","     1604 64  5"
"26164","     1604 68  2"
"26165","     1604 77  2"
"26166","     1604 77  3"
"26167","     1604 81  4"
"26168","     1604 86  2"
"26169","     1604 86  6"
"26170","     1604 90  1"
"26171","     1604 99  2"
"26172","     1604103  2"
"26173","     1604103  3"
"26174","     1605  2  2"
"26175","     1605  2  3"
"26176","     1605  2  5"
"26177","     1605 19  2"
"26178","     1605 23  3"
"26179","     1605 23  4"
"26180","     1605 27  3"
"26181","     1605 31  2"
"26182","     1605 35  2"
"26183","     1605 39  2"
"26184","     1605 52  1"
"26185","     1605 52  2"
"26186","     1605 52  3"
"26187","     1605 52  5"
"26188","     1605 56  2"
"26189","     1605 64  2"
"26190","     1605 72  3"
"26191","     1605 72  7"
"26192","     1605 76  2"
"26193","     1605 80  2"
"26194","     1605 85  2"
"26195","     1605 93  2"
"26196","     1606  4  2"
"26197","     1606  8  2"
"26198","     1606 16  2"
"26199","     1606 24  3"
"26200","     1606 24  4"
"26201","     1606 28  2"
"26202","     1606 32  2"
"26203","     1606 43  1"
"26204","     1606 47  1"
"26205","     1606 51  2"
"26206","     1606 51  4"
"26207","     1606 55  1"
"26208","     1606 59  1"
"26209","     1606 63  2"
"26210","     1606 63  5"
"26211","     1606 71  2"
"26212","     1606 75  2"
"26213","     1606 79  2"
"26214","     1606 79  4"
"26215","     1606 83  2"
"26216","     1606 83  4"
"26217","     1606 90  2"
"26218","     1606 94  1"
"26219","     1607  2  2"
"26220","     1607 11  2"
"26221","     1607 11  4"
"26222","     1607 16  2"
"26223","     1607 20  2"
"26224","     1607 25  2"
"26225","     1607 29  2"
"26226","     1607 38  2"
"26227","     1607 43  1"
"26228","     1607 43  2"
"26229","     1607 61  2"
"26230","     1607 74  2"
"26231","     1607 74  4"
"26232","     1607 79  2"
"26233","     1607 97  2"
"26234","     1607101  2"
"26235","     1608  4  2"
"26236","     1608  8  2"
"26237","     1608 11  2"
"26238","     1608 11  3"
"26239","     1608 15  2"
"26240","     1608 18  3"
"26241","     1608 29  2"
"26242","     1608 29  3"
"26243","     1608 33  2"
"26244","     1608 40  2"
"26245","     1608 44  2"
"26246","     1608 44  5"
"26247","     1608 58  2"
"26248","     1608 62  1"
"26249","     1608 69  2"
"26250","     1608 73  3"
"26251","     1608 76  3"
"26252","     1608 80  3"
"26253","     1608 84  3"
"26254","     1608 84  4"
"26255","     1608 87  2"
"26256","     1609  8  3"
"26257","     1609 12  2"
"26258","     1609 20  3"
"26259","     1609 20  4"
"26260","     1609 20  5"
"26261","     1609 32  2"
"26262","     1609 36  3"
"26263","     1609 40  3"
"26264","     1609 40  4"
"26265","     1609 40  5"
"26266","     1609 44  1"
"26267","     1609 44  2"
"26268","     1609 56  2"
"26269","     1609 60  2"
"26270","     1609 63  2"
"26271","     1609 67  2"
"26272","     1609 71  3"
"26273","     1609 71  4"
"26274","     1609 75  2"
"26275","     1609 83  2"
"26276","     1609 91  3"
"26277","     1609 91  5"
"26278","     1609 91  7"
"26279","     1609 91  8"
"26280","     1609 95  2"
"26281","     1609 95  4"
"26282","     1609 95  5"
"26283","     1610  1  1"
"26284","     1610 15  2"
"26285","     1610 20  6"
"26286","     1610 20  7"
"26287","     1610 29  2"
"26288","     1610 34  5"
"26289","     1610 39  2"
"26290","     1610 44  2"
"26291","     1610 44  3"
"26292","     1610 53  2"
"26293","     1610 58  2"
"26294","     1610 86  1"
"26295","     1610 86  2"
"26296","     1610 91  2"
"26297","     1610100  2"
"26298","     1610100  3"
"26299","     1610105  2"
"26300","     1610109  1"
"26301","     1611  9  2"
"26302","     1611 19  1"
"26303","     1611 24  2"
"26304","     1611 24  3"
"26305","     1611 34  2"
"26306","     1611 43  6"
"26307","     1611 53  2"
"26308","     1611 53  3"
"26309","     1611 63  2"
"26310","     1611 68  2"
"26311","     1611 73  2"
"26312","     1611 73  3"
"26313","     1611 83  4"
"26314","     1611 93  4"
"26315","     1611 98  6"
"26316","     1611102  4"
"26317","     1611107  3"
"26318","     1611117  2"
"26319","     1612  2  2"
"26320","     1612  6  2"
"26321","     1612  6  6"
"26322","     1612 10  2"
"26323","     1612 22  4"
"26324","     1612 26  2"
"26325","     1612 30  2"
"26326","     1612 34  2"
"26327","     1612 50  1"
"26328","     1612 59  2"
"26329","     1612 75  2"
"26330","     1612 83  2"
"26331","     1612 87  3"
"26332","     1612 87  6"
"26333","     1612 91  2"
"26334","     1613  7  3"
"26335","     1613  7  4"
"26336","     1613 15  3"
"26337","     1613 23  1"
"26338","     1613 23  3"
"26339","     1613 23  4"
"26340","     1613 23  5"
"26341","     1613 27  3"
"26342","     1613 27  4"
"26343","     1613 27  8"
"26344","     1613 31  5"
"26345","     1613 35  2"
"26346","     1613 52  6"
"26347","     1613 52 10"
"26348","     1613 64  2"
"26349","     1613 64  3"
"26350","     1613 68  3"
"26351","     1613 73  3"
"26352","     1613 77  1"
"26353","     1613 77  3"
"26354","     1613 81  2"
"26355","     1613 81  4"
"26356","     1613 89  2"
"26357","     1613 89  3"
"26358","     1613 93  2"
"26359","     1613 93  3"
"26360","     1613 97  4"
"26361","     1614 33  3"
"26362","     1614 33  7"
"26363","     1614 34  4"
"26364","     1614 35  4"
"26365","     1614 35  9"
"26366","     1614 37  2"
"26367","     1614 38  2"
"26368","     1614 38  4"
"26369","     1614 39  2"
"26370","     1614 40  3"
"26371","     1614 40  4"
"26372","     1614 40  6"
"26373","     1614 40 12"
"26374","     1614 96  2"
"26375","     1614 97  1"
"26376","     1614 98  2"
"26377","     1614 98  3"
"26378","     1614 98  4"
"26379","     1614 98  5"
"26380","     1614 99  3"
"26381","     1614 99  5"
"26382","     1614102  2"
"26383","     1614102  5"
"26384","     1614104  2"
"26385","     1614104  6"
"26386","     1614160  2"
"26387","     1614161  2"
"26388","     1614161  3"
"26389","     1614161  4"
"26390","     1614162  2"
"26391","     1614162  4"
"26392","     1614162  5"
"26393","     1614163  2"
"26394","     1614163  7"
"26395","     1614164  3"
"26396","     1614164  4"
"26397","     1614165  3"
"26398","     1614165  5"
"26399","     1614166  5"
"26400","     1614167  2"
"26401","     1614167  6"
"26402","     1614168  2"
"26403","     1615 33  2"
"26404","     1615 34  5"
"26405","     1615 34  6"
"26406","     1615 35  2"
"26407","     1615 38  2"
"26408","     1615 39  2"
"26409","     1615 40  2"
"26410","     1615 88  3"
"26411","     1615 89  1"
"26412","     1615 95  2"
"26413","     1615 95  3"
"26414","     1615 95  4"
"26415","     1615137  2"
"26416","     1615139  2"
"26417","     1615140  5"
"26418","     1615140  8"
"26419","     1615141  2"
"26420","     1615143  2"
"26421","     1615143  8"
"26422","     1615144  2"
"26423","     1615144  8"
"26424","     1616 18  2"
"26425","     1616 19  3"
"26426","     1616 19  4"
"26427","     1616 19  8"
"26428","     1616 19 10"
"26429","     1616 20  2"
"26430","     1616 22  2"
"26431","     1616 23  2"
"26432","     1616 23  3"
"26433","     1616 24  2"
"26434","     1616 73  2"
"26435","     1616 73  5"
"26436","     1616 74  2"
"26437","     1616 75  1"
"26438","     1616 76  7"
"26439","     1616 78  2"
"26440","     1616 79  2"
"26441","     1616 80  2"
"26442","     1616136  2"
"26443","     1616136  3"
"26444","     1616136  4"
"26445","     1616137  2"
"26446","     1616138  3"
"26447","     1616138  4"
"26448","     1616139  2"
"26449","     1616139  5"
"26450","     1616140  2"
"26451","     1616141  2"
"26452","     1616142  2"
"26453","     1616143  2"
"26454","     1616144  4"
"26455","     1616144  7"
"26456","     1617 52  2"
"26457","     1617 52  4"
"26458","     1617 54  2"
"26459","     1617112  2"
"26460","     1617113  3"
"26461","     1617115  2"
"26462","     1617117  2"
"26463","     1617118  3"
"26464","     1617119  2"
"26465","     1617178  1"
"26466","     1617178  4"
"26467","     1617182  2"
"26468","     1617182  5"
"26469","     1617182  7"
"26470","     1617183  2"
"26471","     1617184  2"
"26472","     1618  9  2"
"26473","     1618  9  4"
"26474","     1618 10  2"
"26475","     1618 11  2"
"26476","     1618 13  2"
"26477","     1618 14  2"
"26478","     1618 14  6"
"26479","     1618 48  2"
"26480","     1618 49  2"
"26481","     1618 52  2"
"26482","     1618 53  3"
"26483","     1618 53  4"
"26484","     1618 54  3"
"26485","     1618 55  2"
"26486","     1618 55  4"
"26487","     1618 88  2"
"26488","     1618 89  4"
"26489","     1618 90  2"
"26490","     1618 90  3"
"26491","     1618 90  6"
"26492","     1618 91  2"
"26493","     1618 93  2"
"26494","     1618 94  1"
"26495","     1618 95  2"
"26496","     1618 95  6"
"26497","     1618 96  2"
"26498","     1618 96  8"
"26499","     1619 10  2"
"26500","     1619 18  2"
"26501","     1619 34  1"
"26502","     1619 34  3"
"26503","     1619 42  2"
"26504","     1619 50  1"
"26505","     1619 50  2"
"26506","     1619 58  2"
"26507","     1619 66  2"
"26508","     1619 66  4"
"26509","     1619 82  1"
"26510","     1619 90  3"
"26511","     1619 98  2"
"26512","     1619114  3"
"26513","     1619122  2"
"26514","     1619122  6"
"26515","     1620  4  2"
"26516","     1620  4  4"
"26517","     1620  4  5"
"26518","     1620  4  8"
"26519","     1620  4  9"
"26520","     1620 14  2"
"26521","     1620 24  3"
"26522","     1620 74  1"
"26523","     1620 94  2"
"26524","     1620104  1"
"26525","     1620104  2"
"26526","     1620124  3"
"26527","     1620124  4"
"26528","     1620124  5"
"26529","     1620133  2"
"26530","     1620143  2"
"26531","     1621  4  1"
"26532","     1621  9  4"
"26533","     1621 14  2"
"26534","     1621 19  2"
"26535","     1621 28  2"
"26536","     1621 33  2"
"26537","     1621 38  2"
"26538","     1621 53  1"
"26539","     1621 57  2"
"26540","     1621 57  3"
"26541","     1621 62  5"
"26542","     1621 62  6"
"26543","     1621 67  1"
"26544","     1621 72  2"
"26545","     1621 77  2"
"26546","     1622  6  3"
"26547","     1622  6  6"
"26548","     1622  6  7"
"26549","     1622  6  9"
"26550","     1622 14  2"
"26551","     1622 14  3"
"26552","     1622 21  2"
"26553","     1622 35  3"
"26554","     1622 42  2"
"26555","     1622 42  3"
"26556","     1622 49  1"
"26557","     1622 49  2"
"26558","     1622 56  2"
"26559","     1622 71  4"
"26560","     1622 78  1"
"26561","     1622 85  2"
"26562","     1622 99  2"
"26563","     1622106  1"
"26564","     1622113  3"
"26565","     1623 17  2"
"26566","     1623 17  4"
"26567","     1623 25  2"
"26568","     1623 32  2"
"26569","     1623 40  1"
"26570","     1623 48  2"
"26571","     1623 48  4"
"26572","     1623 55  2"
"26573","     1623 63  1"
"26574","     1623 63  3"
"26575","     1623 70  1"
"26576","     1623 78  2"
"26577","     1623 86  2"
"26578","     1623 93  2"
"26579","     1623101  2"
"26580","     1623109  2"
"26581","     1623109  3"
"26582","     1623116  2"
"26583","     1624  6  2"
"26584","     1624  6  5"
"26585","     1624 17  2"
"26586","     1624 22  4"
"26587","     1624 22  6"
"26588","     1624 28  2"
"26589","     1624 33  1"
"26590","     1624 39  1"
"26591","     1624 39  2"
"26592","     1624 39  3"
"26593","     1624 39  5"
"26594","     1624 44  2"
"26595","     1624 44  5"
"26596","     1624 56  2"
"26597","     1624 56  3"
"26598","     1624 61  1"
"26599","     1624 61  4"
"26600","     1624 67  2"
"26601","     1624 72  1"
"26602","     1624 72  3"
"26603","     1624 78  3"
"26604","     1624 78  4"
"26605","     1625  1  2"
"26606","     1625 16  3"
"26607","     1625 16  4"
"26608","     1625 31  4"
"26609","     1625 31  6"
"26610","     1625 46  2"
"26611","     1625 46  4"
"26612","     1625 61  2"
"26613","     1625 69  3"
"26614","     1625 76  1"
"26615","     1625 84  2"
"26616","     1625 84  3"
"26617","     1625 91  1"
"26618","     1625 99  2"
"26619","     1625106  2"
"26620","     1625106  3"
"26621","     1625106  5"
"26622","     1625114  2"
"26623","     1626  4  2"
"26624","     1626  4  4"
"26625","     1626 21  3"
"26626","     1626 21  4"
"26627","     1626 30  3"
"26628","     1626 39  3"
"26629","     1626 39  4"
"26630","     1626 48  1"
"26631","     1626 48  3"
"26632","     1626 66  2"
"26633","     1626 66  5"
"26634","     1626 75  2"
"26635","     1626 75  4"
"26636","     1626 92  2"
"26637","     1626 92  3"
"26638","     1626110  2"
"26639","     1626119  2"
"26640","     1626128  2"
"26641","     1626137  1"
"26642","     1626137  4"
"26643","     1627  8  3"
"26644","     1627 17  2"
"26645","     1627 26  2"
"26646","     1627 35  4"
"26647","     1627 35  5"
"26648","     1627 53  3"
"26649","     1627 53  7"
"26650","     1627 62  2"
"26651","     1627 62  3"
"26652","     1627 62  4"
"26653","     1627 62  5"
"26654","     1627 62  8"
"26655","     1627 71  3"
"26656","     1627 80  2"
"26657","     1627 80  5"
"26658","     1627 89  2"
"26659","     1627 98  2"
"26660","     1627107  2"
"26661","     1627125  1"
"26662","     1627142  2"
"26663","     1627142  7"
"26664","     1628  7  1"
"26665","     1628 15  2"
"26666","     1628 15  3"
"26667","     1628 15  7"
"26668","     1628 23  2"
"26669","     1628 32  1"
"26670","     1628 40  6"
"26671","     1628 73  4"
"26672","     1628 81  2"
"26673","     1628 81  3"
"26674","     1628 90  2"
"26675","     1628 98  2"
"26676","     1628106  3"
"26677","     1628106  5"
"26678","     1628115  2"
"26679","     1628123  2"
"26680","     1628131  3"
"26681","     1628131  4"
"26682","     1629  1  2"
"26683","     1629  1  3"
"26684","     1629  1  5"
"26685","     1629  1  8"
"26686","     1629  7  3"
"26687","     1629  7  4"
"26688","     1629 13  1"
"26689","     1629 19  2"
"26690","     1629 31  2"
"26691","     1629 36  2"
"26692","     1629 42  2"
"26693","     1629 42  3"
"26694","     1629 48  2"
"26695","     1629 48  3"
"26696","     1629 54  2"
"26697","     1629 60  1"
"26698","     1629 60  4"
"26699","     1629 66  2"
"26700","     1629 72  1"
"26701","     1629 78  1"
"26702","     1629 78  2"
"26703","     1629 83  1"
"26704","     1629 89  4"
"26705","     1629 89  6"
"26706","     1630  6  3"
"26707","     1630  6  5"
"26708","     1630 27  1"
"26709","     1630 48  1"
"26710","     1630 59  1"
"26711","     1630 59  2"
"26712","     1630 80  2"
"26713","     1630101  1"
"26714","     1630101  4"
"26715","     1630112  1"
"26716","     1630112  2"
"26717","     1630133  2"
"26718","     1630133  3"
"26719","     1630144  2"
"26720","     1630144  4"
"26721","     1630165  1"
"26722","     1631  4  2"
"26723","     1631  4  3"
"26724","     1631 12  2"
"26725","     1631 12  4"
"26726","     1631 20  1"
"26727","     1631 20  2"
"26728","     1631 52  1"
"26729","     1631 52  4"
"26730","     1631 77  2"
"26731","     1631 77  4"
"26732","     1631 77  5"
"26733","     1631 77  7"
"26734","     1631 85  4"
"26735","     1631 85  5"
"26736","     1631101  3"
"26737","     1631117  1"
"26738","     1631117  2"
"26739","     1632  5  2"
"26740","     1632  5  5"
"26741","     1632 12  2"
"26742","     1632 20  1"
"26743","     1632 28  2"
"26744","     1632 51  2"
"26745","     1632 51  6"
"26746","     1632 59  2"
"26747","     1632 90  2"
"26748","     1632 98  2"
"26749","     1632 98  3"
"26750","     1632105  2"
"26751","     1632105  3"
"26752","     1632113  2"
"26753","     1632113  3"
"26754","     1632121  2"
"26755","     1633 20  1"
"26756","     1633 20  2"
"26757","     1633 36  1"
"26758","     1633 36  3"
"26759","     1633 51  2"
"26760","     1633 51  3"
"26761","     1633 51  4"
"26762","     1633 51  5"
"26763","     1633 51  7"
"26764","     1633 61  2"
"26765","     1633 77  2"
"26766","     1634  2  2"
"26767","     1634  2  4"
"26768","     1634  2  5"
"26769","     1634  2  6"
"26770","     1634  9  4"
"26771","     1634  9  5"
"26772","     1634 15  4"
"26773","     1634 21  2"
"26774","     1634 28  2"
"26775","     1634 34  4"
"26776","     1634 34  6"
"26777","     1634 60  2"
"26778","     1634 72  2"
"26779","     1634 79  4"
"26780","     1634 79  5"
"26781","     1634 98  2"
"26782","     1635  2  2"
"26783","     1635 10  2"
"26784","     1635 32  2"
"26785","     1635 40  5"
"26786","     1635 48  2"
"26787","     1635 48  4"
"26788","     1635 48  5"
"26789","     1635 48  6"
"26790","     1635 48  8"
"26791","     1635 55  3"
"26792","     1635 63  1"
"26793","     1635 63  3"
"26794","     1635 85  2"
"26795","     1635 93  2"
"26796","     1635 93  3"
"26797","     1635100  4"
"26798","     1635100  7"
"26799","     1635108  4"
"26800","     1635116  2"
"26801","     1635116  3"
"26802","     1635116  4"
"26803","     1636 12  2"
"26804","     1636 20  2"
"26805","     1636 28  2"
"26806","     1636 28  3"
"26807","     1636 36  3"
"26808","     1636 43  3"
"26809","     1636 51  3"
"26810","     1636 51  5"
"26811","     1636 59  2"
"26812","     1636 75  3"
"26813","     1636 75  4"
"26814","     1636 75  6"
"26815","     1636 83  3"
"26816","     1636 91  1"
"26817","     1636 99  2"
"26818","     1636114  3"
"26819","     1636114  4"
"26820","     1637  8  3"
"26821","     1637 15  2"
"26822","     1637 15  3"
"26823","     1637 22  1"
"26824","     1637 36  2"
"26825","     1637 36  5"
"26826","     1637 70  2"
"26827","     1637 70  6"
"26828","     1637 77  2"
"26829","     1637 84  2"
"26830","     1637 91  2"
"26831","     1638 11  2"
"26832","     1638 17  3"
"26833","     1638 17  4"
"26834","     1638 23  1"
"26835","     1638 23  2"
"26836","     1638 23  3"
"26837","     1638 30  5"
"26838","     1638 36  1"
"26839","     1638 36  2"
"26840","     1638 42  1"
"26841","     1638 42  3"
"26842","     1638 42  4"
"26843","     1638 49  1"
"26844","     1638 55  4"
"26845","     1638 61  4"
"26846","     1638 93  2"
"26847","     1638 93  3"
"26848","     1638 99  2"
"26849","     1638118  2"
"26850","     1639  4  2"
"26851","     1639 19  2"
"26852","     1639 22  2"
"26853","     1639 22  3"
"26854","     1639 33  2"
"26855","     1639 44  2"
"26856","     1639 44  4"
"26857","     1639 48  2"
"26858","     1639 52  1"
"26859","     1639 59  4"
"26860","     1639 59  6"
"26861","     1639 63  2"
"26862","     1639 67  2"
"26863","     1640  1  1"
"26864","     1640  1  2"
"26865","     1640  1  3"
"26866","     1640  6  5"
"26867","     1640  6  8"
"26868","     1640 10  3"
"26869","     1640 15  1"
"26870","     1640 15  2"
"26871","     1640 15  4"
"26872","     1640 19  5"
"26873","     1640 24  1"
"26874","     1640 29  2"
"26875","     1640 33  2"
"26876","     1640 47  2"
"26877","     1640 52  1"
"26878","     1640 52  3"
"26879","     1640 56  5"
"26880","     1640 65  1"
"26881","     1640 70  3"
"26882","     1640 70  6"
"26883","     1640 75  2"
"26884","     1640 93  6"
"26885","     1640 98  2"
"26886","     1640102  2"
"26887","     1640102  6"
"26888","     1640111  1"
"26889","     1640111  5"
"26890","     1641  2  2"
"26891","     1641  2  4"
"26892","     1641  6  3"
"26893","     1641  6  4"
"26894","     1641 10  2"
"26895","     1641 14  3"
"26896","     1641 18  2"
"26897","     1641 22  2"
"26898","     1641 34  2"
"26899","     1641 38  2"
"26900","     1641 42  5"
"26901","     1641 42  8"
"26902","     1641 46  3"
"26903","     1641 50  3"
"26904","     1641 50  5"
"26905","     1641 58  4"
"26906","     1641 62  3"
"26907","     1641 66  1"
"26908","     1641 66  5"
"26909","     1641 70  2"
"26910","     1641 70  5"
"26911","     1641 70  6"
"26912","     1641 70  7"
"26913","     1641 70  8"
"26914","     1641 78  3"
"26915","     1641 78  4"
"26916","     1641 82  5"
"26917","     1641 86  4"
"26918","     1641 93  2"
"26919","     1641 97  1"
"26920","     1642  7  1"
"26921","     1642  7  3"
"26922","     1642 11  2"
"26923","     1642 15  2"
"26924","     1642 19  2"
"26925","     1642 23  3"
"26926","     1642 23  6"
"26927","     1642 27  2"
"26928","     1642 31  3"
"26929","     1642 31  4"
"26930","     1642 35  2"
"26931","     1642 39  2"
"26932","     1642 43  1"
"26933","     1642 43  3"
"26934","     1642 47  2"
"26935","     1642 51  2"
"26936","     1642 51  5"
"26937","     1642 51 10"
"26938","     1642 55  3"
"26939","     1642 58  2"
"26940","     1642 66  2"
"26941","     1642 70  2"
"26942","     1642 70  4"
"26943","     1642 74  2"
"26944","     1642 78  1"
"26945","     1642 78  2"
"26946","     1642 78  3"
"26947","     1642 78  6"
"26948","     1642 78  8"
"26949","     1642 82  3"
"26950","     1642 86  2"
"26951","     1642 86  8"
"26952","     1642 94  2"
"26953","     1642 94  3"
"26954","     1642 98  1"
"26955","     1643  2  2"
"26956","     1643  2  3"
"26957","     1643  2  4"
"26958","     1643  2  8"
"26959","     1643  5 17"
"26960","     1643  9  2"
"26961","     1643  9  7"
"26962","     1643 12  1"
"26963","     1643 12  3"
"26964","     1643 12  6"
"26965","     1643 16  2"
"26966","     1643 16  3"
"26967","     1643 19  4"
"26968","     1643 26  2"
"26969","     1643 33  2"
"26970","     1643 33  3"
"26971","     1643 36  1"
"26972","     1643 40  2"
"26973","     1643 40  4"
"26974","     1643 43  2"
"26975","     1643 43  6"
"26976","     1643 50  2"
"26977","     1643 53  2"
"26978","     1643 57  1"
"26979","     1643 64  2"
"26980","     1643 67  2"
"26981","     1643 71  2"
"26982","     1643 74  1"
"26983","     1643 74  4"
"26984","     1643 78  2"
"26985","     1643 81  2"
"26986","     1644  3  2"
"26987","     1644 11  2"
"26988","     1644 24  1"
"26989","     1644 36  2"
"26990","     1644 40  2"
"26991","     1644 45  3"
"26992","     1644 45  5"
"26993","     1644 53  2"
"26994","     1644 66  2"
"26995","     1644 66  7"
"26996","     1644 70  2"
"26997","     1644 74  2"
"26998","     1644 82  2"
"26999","     1644 82  5"
"27000","     1644 87  2"
"27001","     1644 87  3"
"27002","     1644 91  2"
"27003","     1644 95  2"
"27004","     1644103  2"
"27005","     1645 10  2"
"27006","     1645 12  2"
"27007","     1645 15  2"
"27008","     1645 15  3"
"27009","     1645 16  4"
"27010","     1645 75  2"
"27011","     1645 79  2"
"27012","     1645 80  3"
"27013","     1645 80  5"
"27014","     1645137  2"
"27015","     1645138  2"
"27016","     1645139  2"
"27017","     1645141  2"
"27018","     1646 25  2"
"27019","     1646 27  2"
"27020","     1646 27  8"
"27021","     1646 28  2"
"27022","     1646 28  4"
"27023","     1646 29  2"
"27024","     1646 30  2"
"27025","     1646 30  8"
"27026","     1646 31  2"
"27027","     1646 32  2"
"27028","     1646 81  2"
"27029","     1646 85  2"
"27030","     1646 87  2"
"27031","     1646137  2"
"27032","     1646138  2"
"27033","     1646139  2"
"27034","     1646140  2"
"27035","     1646140  9"
"27036","     1646142  2"
"27037","     1646144  2"
"27038","     1646144  5"
"27039","     1646170  2"
"27040","     1647  1  2"
"27041","     1647  1  3"
"27042","     1647  3  2"
"27043","     1647  5  2"
"27044","     1647  5  3"
"27045","     1647  6  2"
"27046","     1647 57  2"
"27047","     1647 58  2"
"27048","     1647 58  4"
"27049","     1647 59  2"
"27050","     1647 60  2"
"27051","     1647 63  8"
"27052","     1647115  3"
"27053","     1647116  2"
"27054","     1647117  2"
"27055","     1647118  2"
"27056","     1647118  9"
"27057","     1647119  2"
"27058","     1647120  2"
"27059","     1647161  3"
"27060","     1647161  5"
"27061","     1648  2  1"
"27062","     1648  5  2"
"27063","     1648  5  5"
"27064","     1648  8  2"
"27065","     1648 14  2"
"27066","     1648 16  1"
"27067","     1648 19  2"
"27068","     1648 22  2"
"27069","     1648 22  3"
"27070","     1648 22  4"
"27071","     1648 22  6"
"27072","     1648 22  9"
"27073","     1648 25  1"
"27074","     1648 28  2"
"27075","     1648 31  2"
"27076","     1648 40  2"
"27077","     1648 43  2"
"27078","     1648 43  4"
"27079","     1648 46  2"
"27080","     1648 46  3"
"27081","     1648 46  4"
"27082","     1648 49  4"
"27083","     1648 51  3"
"27084","     1648 66  1"
"27085","     1648 78  2"
"27086","     1648 83  2"
"27087","     1648 89  1"
"27088","     1648 89  6"
"27089","     1648 95  2"
"27090","     1648 95  3"
"27091","     1648 98  4"
"27092","     1649  3  2"
"27093","     1649  3  4"
"27094","     1649  3  6"
"27095","     1649  5  2"
"27096","     1649  8  1"
"27097","     1649  8  4"
"27098","     1649 10  1"
"27099","     1649 10  2"
"27100","     1649 13  2"
"27101","     1649 16  4"
"27102","     1649 18  2"
"27103","     1649 21  3"
"27104","     1649 23  2"
"27105","     1649 26  2"
"27106","     1649 29  3"
"27107","     1649 31  1"
"27108","     1649 31  2"
"27109","     1649 34  2"
"27110","     1649 36  2"
"27111","     1649 39  2"
"27112","     1649 41  2"
"27113","     1649 41  5"
"27114","     1649 44  2"
"27115","     1649 49  1"
"27116","     1649 52  2"
"27117","     1649 54  2"
"27118","     1649 57  2"
"27119","     1649 60  2"
"27120","     1649 60  3"
"27121","     1649 62  2"
"27122","     1649 65  2"
"27123","     1649 67  2"
"27124","     1649 67  4"
"27125","     1649 70  2"
"27126","     1649 70  5"
"27127","     1649 70  6"
"27128","     1649 70  7"
"27129","     1649 73  2"
"27130","     1649 75  2"
"27131","     1649 75  6"
"27132","     1649 75  8"
"27133","     1649 78  2"
"27134","     1649 80  2"
"27135","     1649 80  5"
"27136","     1649 80  7"
"27137","     1649 85  2"
"27138","     1649 88  2"
"27139","     1650  3  1"
"27140","     1650  3  4"
"27141","     1650  6  3"
"27142","     1650  6  4"
"27143","     1650 10  1"
"27144","     1650 13  2"
"27145","     1650 13  5"
"27146","     1650 17  2"
"27147","     1650 17  4"
"27148","     1650 17  5"
"27149","     1650 20  2"
"27150","     1650 20  3"
"27151","     1650 23  2"
"27152","     1650 30  1"
"27153","     1650 30  2"
"27154","     1650 37  2"
"27155","     1650 41  2"
"27156","     1650 44  2"
"27157","     1650 48  2"
"27158","     1650 48  5"
"27159","     1650 54  2"
"27160","     1650 58  2"
"27161","     1650 58  8"
"27162","     1650 61  1"
"27163","     1650 61  2"
"27164","     1650 68  2"
"27165","     1650 68  3"
"27166","     1650 72  2"
"27167","     1650 75  2"
"27168","     1650 78  2"
"27169","     1650 82  1"
"27170","     1650 85  2"
"27171","     1650 92  2"
"27172","     1650 99  2"
"27173","     1650103  3"
"27174","     1650106  2"
"27175","     1650109  1"
"27176","     1650113  1"
"27177","     1650113  4"
"27178","     1650116  1"
"27179","     1651  9  3"
"27180","     1651 16  3"
"27181","     1651 23  1"
"27182","     1651 26  2"
"27183","     1651 30  2"
"27184","     1651 37  2"
"27185","     1651 40  2"
"27186","     1651 47  1"
"27187","     1651 55  1"
"27188","     1651 62  2"
"27189","     1651 69  2"
"27190","     1651 69  3"
"27191","     1651 72  1"
"27192","     1651 76  2"
"27193","     1651 79  1"
"27194","     1651 83  2"
"27195","     1651 86  2"
"27196","     1651 90  5"
"27197","     1651 93  2"
"27198","     1651 97  2"
"27199","     1651100  2"
"27200","     1651107  3"
"27201","     1651111  2"
"27202","     1651118  2"
"27203","     1651118  4"
"27204","     1652  5  2"
"27205","     1652 12  3"
"27206","     1652 12  4"
"27207","     1652 18  2"
"27208","     1652 24  2"
"27209","     1652 24  4"
"27210","     1652 27  2"
"27211","     1652 30  7"
"27212","     1652 34  2"
"27213","     1652 43  2"
"27214","     1652 49  2"
"27215","     1652 49  3"
"27216","     1652 49  4"
"27217","     1652 52  2"
"27218","     1652 62  2"
"27219","     1652 62  3"
"27220","     1652 62  5"
"27221","     1652 62  6"
"27222","     1652 71  2"
"27223","     1652 75  2"
"27224","     1652 78  2"
"27225","     1652 78  7"
"27226","     1652 90  2"
"27227","     1652 93  1"
"27228","     1652 97  1"
"27229","     1652100  1"
"27230","     1652100  5"
"27231","     1652103  2"
"27232","     1652106  2"
"27233","     1653 12  2"
"27234","     1653 14  2"
"27235","     1653 23  2"
"27236","     1653 25  4"
"27237","     1653 25  6"
"27238","     1653 30  1"
"27239","     1653 30  2"
"27240","     1653 30  4"
"27241","     1653 32  2"
"27242","     1653 34  2"
"27243","     1653 38  3"
"27244","     1653 38  4"
"27245","     1653 38  5"
"27246","     1653 40  2"
"27247","     1653 40  3"
"27248","     1653 45  1"
"27249","     1653 45  3"
"27250","     1653 47  2"
"27251","     1653 47  3"
"27252","     1653 49  3"
"27253","     1653 49  4"
"27254","     1653 49  6"
"27255","     1653 54  2"
"27256","     1653 54  3"
"27257","     1653 56  1"
"27258","     1653 56  3"
"27259","     1653 60  4"
"27260","     1653 62  2"
"27261","     1653 67  2"
"27262","     1653 71  2"
"27263","     1653 71  5"
"27264","     1653 73  1"
"27265","     1654 13  2"
"27266","     1654 15  2"
"27267","     1654 17  2"
"27268","     1654 21  2"
"27269","     1654 23  4"
"27270","     1654 25  1"
"27271","     1654 29  2"
"27272","     1654 29  4"
"27273","     1654 29  5"
"27274","     1654 33  2"
"27275","     1654 33  4"
"27276","     1654 39  6"
"27277","     1654 41  2"
"27278","     1654 43  2"
"27279","     1654 47  2"
"27280","     1654 53  1"
"27281","     1654 61  1"
"27282","     1654 61  3"
"27283","     1654 63  1"
"27284","     1654 65  1"
"27285","     1655  2  2"
"27286","     1655  5  2"
"27287","     1655  5  6"
"27288","     1655  5  9"
"27289","     1655  9  5"
"27290","     1655 12  2"
"27291","     1655 15  3"
"27292","     1655 18  2"
"27293","     1655 25  2"
"27294","     1655 28  2"
"27295","     1655 31  4"
"27296","     1655 35  3"
"27297","     1655 38  2"
"27298","     1655 38  3"
"27299","     1655 41  2"
"27300","     1655 44  1"
"27301","     1655 51  1"
"27302","     1655 51  3"
"27303","     1655 54  2"
"27304","     1655 58  3"
"27305","     1655 58  5"
"27306","     1655 61  2"
"27307","     1655 61  3"
"27308","     1655 61  5"
"27309","     1655 64  2"
"27310","     1655 67  1"
"27311","     1655 67  4"
"27312","     1655 67 11"
"27313","     1655 71  2"
"27314","     1655 74  2"
"27315","     1655 80  1"
"27316","     1655 84  1"
"27317","     1655 84  2"
"27318","     1655 90  2"
"27319","     1655 93  1"
"27320","     1655100  2"
"27321","     1655103  2"
"27322","     1655110  2"
"27323","     1656  2  6"
"27324","     1656 13  2"
"27325","     1656 17  2"
"27326","     1656 17  3"
"27327","     1656 20  1"
"27328","     1656 24  3"
"27329","     1656 24  4"
"27330","     1656 35  2"
"27331","     1656 42  1"
"27332","     1656 50  1"
"27333","     1656 53  5"
"27334","     1656 61  2"
"27335","     1656 61  3"
"27336","     1656 65  2"
"27337","     1656 68  2"
"27338","     1656 68  3"
"27339","     1656 72  2"
"27340","     1656 76  2"
"27341","     1656 79  2"
"27342","     1656 79  3"
"27343","     1656 87  2"
"27344","     1656 90  2"
"27345","     1656 94  2"
"27346","     1656 98  2"
"27347","     1656109  1"
"27348","     1656112  2"
"27349","     1656116  2"
"27350","     1656120  2"
"27351","     1657  3  2"
"27352","     1657  6  2"
"27353","     1657  9  1"
"27354","     1657 12  2"
"27355","     1657 14  2"
"27356","     1657 17  2"
"27357","     1657 17  3"
"27358","     1657 26  1"
"27359","     1657 28  1"
"27360","     1657 31  2"
"27361","     1657 37  2"
"27362","     1657 40  2"
"27363","     1657 40  7"
"27364","     1657 40  9"
"27365","     1657 42  3"
"27366","     1657 42  4"
"27367","     1657 42  5"
"27368","     1657 42  8"
"27369","     1657 45  2"
"27370","     1657 45  4"
"27371","     1657 48  3"
"27372","     1657 51  1"
"27373","     1657 54  1"
"27374","     1657 54  7"
"27375","     1657 56  3"
"27376","     1657 59  1"
"27377","     1657 59  2"
"27378","     1657 59  3"
"27379","     1657 59  4"
"27380","     1657 65  1"
"27381","     1657 68  2"
"27382","     1657 70  1"
"27383","     1657 70  3"
"27384","     1657 70  4"
"27385","     1657 70  6"
"27386","     1657 73  2"
"27387","     1657 76  3"
"27388","     1657 79  2"
"27389","     1657 79  5"
"27390","     1657 81  2"
"27391","     1657 81  9"
"27392","     1657 84  2"
"27393","     1657 87  2"
"27394","     1657 90  2"
"27395","     1657 93  1"
"27396","     1658  5  2"
"27397","     1658  8  1"
"27398","     1658 10  2"
"27399","     1658 13  2"
"27400","     1658 16  2"
"27401","     1658 16  6"
"27402","     1658 22  2"
"27403","     1658 24  2"
"27404","     1658 27  2"
"27405","     1658 30  1"
"27406","     1658 33  1"
"27407","     1658 36  2"
"27408","     1658 38  2"
"27409","     1658 38  5"
"27410","     1658 41  2"
"27411","     1658 44  3"
"27412","     1658 47  1"
"27413","     1658 52  2"
"27414","     1658 55  2"
"27415","     1658 58  2"
"27416","     1658 61  2"
"27417","     1658 61  3"
"27418","     1658 66  2"
"27419","     1658 69  2"
"27420","     1658 72  1"
"27421","     1658 75  2"
"27422","     1658 75  7"
"27423","     1658 77  2"
"27424","     1658 80  1"
"27425","     1658 80  4"
"27426","     1658 83  2"
"27427","     1658 86  1"
"27428","     1658 89  2"
"27429","     1658 89  4"
"27430","     1658 89  9"
"27431","     1658 91 10"
"27432","     1659  3  2"
"27433","     1659  7  1"
"27434","     1659 11  5"
"27435","     1659 14  2"
"27436","     1659 14  4"
"27437","     1659 18  2"
"27438","     1659 22  2"
"27439","     1659 22  3"
"27440","     1659 25  1"
"27441","     1659 29  2"
"27442","     1659 29  5"
"27443","     1659 40  6"
"27444","     1659 43  2"
"27445","     1659 47  2"
"27446","     1659 51  3"
"27447","     1659 51  4"
"27448","     1659 54  2"
"27449","     1659 54  6"
"27450","     1659 58  2"
"27451","     1659 62  1"
"27452","     1659 65  2"
"27453","     1659 69  2"
"27454","     1659 73  1"
"27455","     1659 73  3"
"27456","     1659 76  2"
"27457","     1659 80  1"
"27458","     1659 80  4"
"27459","     1659 80  7"
"27460","     1659 84  2"
"27461","     1659 87  2"
"27462","     1659 95  1"
"27463","     1659 98  2"
"27464","     1659102  2"
"27465","     1659102  4"
"27466","     1659105  2"
"27467","     1659105  3"
"27468","     1659109  3"
"27469","     1659113  2"
"27470","     1659120  2"
"27471","     1660  2  2"
"27472","     1660  5  2"
"27473","     1660  8  2"
"27474","     1660 11  1"
"27475","     1660 14  1"
"27476","     1660 17  2"
"27477","     1660 21  2"
"27478","     1660 21  3"
"27479","     1660 24  2"
"27480","     1660 27  1"
"27481","     1660 30  2"
"27482","     1660 33  2"
"27483","     1660 33  4"
"27484","     1660 36  2"
"27485","     1660 40  2"
"27486","     1660 43  1"
"27487","     1660 43  3"
"27488","     1660 46  2"
"27489","     1660 49  2"
"27490","     1660 52  1"
"27491","     1660 56  1"
"27492","     1660 62  1"
"27493","     1660 65  1"
"27494","     1660 68  1"
"27495","     1660 71  2"
"27496","     1660 75  2"
"27497","     1660 75  3"
"27498","     1660 78  1"
"27499","     1660 81  2"
"27500","     1660 81  4"
"27501","     1660 84  2"
"27502","     1660 87  2"
"27503","     1660 90  1"
"27504","     1660 94  2"
"27505","     1660100  2"
"27506","     1660106  1"
"27507","     1661  3  1"
"27508","     1661  5  2"
"27509","     1661  7  1"
"27510","     1661 10  1"
"27511","     1661 12  2"
"27512","     1661 14  2"
"27513","     1661 14  4"
"27514","     1661 17  3"
"27515","     1661 17  6"
"27516","     1661 21  2"
"27517","     1661 23  6"
"27518","     1661 26  2"
"27519","     1661 30  2"
"27520","     1661 35  2"
"27521","     1661 37  2"
"27522","     1661 40  1"
"27523","     1661 42  2"
"27524","     1661 42  4"
"27525","     1661 44  3"
"27526","     1661 46  2"
"27527","     1661 49  2"
"27528","     1661 51  2"
"27529","     1661 51  3"
"27530","     1661 51  6"
"27531","     1661 53  2"
"27532","     1661 53  3"
"27533","     1661 60  2"
"27534","     1661 62  2"
"27535","     1661 65  1"
"27536","     1661 69  1"
"27537","     1661 72  1"
"27538","     1661 74  2"
"27539","     1661 76  2"
"27540","     1662  3  4"
"27541","     1662  6  2"
"27542","     1662  9  2"
"27543","     1662  9  4"
"27544","     1662 17  2"
"27545","     1662 23  1"
"27546","     1662 26  2"
"27547","     1662 29  2"
"27548","     1662 31  2"
"27549","     1662 37  2"
"27550","     1662 40  2"
"27551","     1662 40  3"
"27552","     1662 46  1"
"27553","     1662 51  2"
"27554","     1662 54  2"
"27555","     1662 57  2"
"27556","     1662 57  5"
"27557","     1662 69  1"
"27558","     1662 74  2"
"27559","     1662 74  3"
"27560","     1662 77  1"
"27561","     1662 77  4"
"27562","     1662 86  2"
"27563","     1662 91  2"
"27564","     1662 94  4"
"27565","     1662 94  5"
"27566","     1662 94  7"
"27567","     1662 97  1"
"27568","     1663  2  1"
"27569","     1663  8  3"
"27570","     1663 14  2"
"27571","     1663 17  2"
"27572","     1663 24  1"
"27573","     1663 36  2"
"27574","     1663 39  2"
"27575","     1663 43  1"
"27576","     1663 58  2"
"27577","     1663 58  3"
"27578","     1663 61  1"
"27579","     1663 68  2"
"27580","     1663 71  1"
"27581","     1663 77  4"
"27582","     1663 83  2"
"27583","     1663 87  2"
"27584","     1663 87  3"
"27585","     1663 87  5"
"27586","     1663 90  2"
"27587","     1663 93  2"
"27588","     1663 96  2"
"27589","     1663102  2"
"27590","     1663102  4"
"27591","     1663105  2"
"27592","     1663105  6"
"27593","     1664  6  2"
"27594","     1664  9  1"
"27595","     1664 12  2"
"27596","     1664 19  2"
"27597","     1664 22  2"
"27598","     1664 22  5"
"27599","     1664 25  2"
"27600","     1664 40  2"
"27601","     1664 46  2"
"27602","     1664 46  3"
"27603","     1664 49  1"
"27604","     1664 52  3"
"27605","     1664 55  2"
"27606","     1664 55  3"
"27607","     1664 64  2"
"27608","     1664 64  3"
"27609","     1664 70  2"
"27610","     1664 73  2"
"27611","     1664 76  2"
"27612","     1664 79  2"
"27613","     1664 82  2"
"27614","     1664 82  5"
"27615","     1664 91  1"
"27616","     1665  8  2"
"27617","     1665 10  3"
"27618","     1665 12  2"
"27619","     1665 13  2"
"27620","     1665 15  1"
"27621","     1665 16  2"
"27622","     1665 69  2"
"27623","     1665 69  6"
"27624","     1665 71  2"
"27625","     1665 72  1"
"27626","     1665 72  4"
"27627","     1665121  1"
"27628","     1665122  2"
"27629","     1665122  5"
"27630","     1665122  7"
"27631","     1665124  2"
"27632","     1665126  3"
"27633","     1665127  2"
"27634","     1665128  1"
"27635","     1665177  3"
"27636","     1665179  2"
"27637","     1665179  3"
"27638","     1665179  4"
"27639","     1665180  2"
"27640","     1665182  2"
"27641","     1665183  2"
"27642","     1665184  2"
"27643","     1666  9  2"
"27644","     1666 10  2"
"27645","     1666 12  1"
"27646","     1666 13  2"
"27647","     1666 13  6"
"27648","     1666 13  8"
"27649","     1666 14  2"
"27650","     1666 32  2"
"27651","     1666 33  2"
"27652","     1666 34  2"
"27653","     1666 35  2"
"27654","     1666 35  5"
"27655","     1666 36  2"
"27656","     1666 58  2"
"27657","     1666 59  4"
"27658","     1666 61  5"
"27659","     1666 61 10"
"27660","     1666 63  5"
"27661","     1666 81  3"
"27662","     1666 87  2"
"27663","     1667 19  2"
"27664","     1667 21  2"
"27665","     1667 23  5"
"27666","     1667 23  6"
"27667","     1667 98  2"
"27668","     1667 99  2"
"27669","     1667 99  5"
"27670","     1667100  2"
"27671","     1667100  6"
"27672","     1667100 11"
"27673","     1667102  3"
"27674","     1667103  6"
"27675","     1667103 10"
"27676","     1667103 14"
"27677","     1668  9  2"
"27678","     1668  9  6"
"27679","     1668 10  2"
"27680","     1668 10  4"
"27681","     1668 13  1"
"27682","     1668 15  2"
"27683","     1668 15  3"
"27684","     1668 33  2"
"27685","     1668 35  1"
"27686","     1668 37  2"
"27687","     1668 38  2"
"27688","     1668 38  7"
"27689","     1668 39  1"
"27690","     1668 39  8"
"27691","     1668 58  1"
"27692","     1668 61  2"
"27693","     1668 63  2"
"27694","     1668 94  2"
"27695","     1669  3  2"
"27696","     1669 27  1"
"27697","     1669 28  2"
"27698","     1669 30  2"
"27699","     1669 30  4"
"27700","     1669 32  2"
"27701","     1669 56  2"
"27702","     1669 65  1"
"27703","     1669 65  4"
"27704","     1669 66  2"
"27705","     1669 69  2"
"27706","     1670 27  2"
"27707","     1670 28  2"
"27708","     1670 29  2"
"27709","     1670 29  3"
"27710","     1670 30  2"
"27711","     1670 31  1"
"27712","     1670 32  6"
"27713","     1670 66  2"
"27714","     1670 67  2"
"27715","     1670 69  5"
"27716","     1670 71  1"
"27717","     1670 72  2"
"27718","     1670 97  2"
"27719","     1670 97  4"
"27720","     1670 97  8"
"27721","     1670 98  2"
"27722","     1670100  2"
"27723","     1670102  2"
"27724","     1670102  3"
"27725","     1670103  2"
"27726","     1670103  4"
"27727","     1670103  7"
"27728","     1670137  4"
"27729","     1670139  2"
"27730","     1670141  2"
"27731","     1670143  2"
"27732","     1671 13  1"
"27733","     1671 16  2"
"27734","     1671 25  2"
"27735","     1671 34  2"
"27736","     1671 37  2"
"27737","     1671 40  2"
"27738","     1671 46  2"
"27739","     1671 49  2"
"27740","     1671 49  4"
"27741","     1671 52  2"
"27742","     1671 60  2"
"27743","     1671 63  2"
"27744","     1671 66  2"
"27745","     1671 66  5"
"27746","     1671 72  2"
"27747","     1671 72  4"
"27748","     1671 78  2"
"27749","     1671 78  3"
"27750","     1671 90  2"
"27751","     1671 90  3"
"27752","     1671 93  1"
"27753","     1672  4  2"
"27754","     1672  7  2"
"27755","     1672 10  2"
"27756","     1672 15  2"
"27757","     1672 15  3"
"27758","     1672 18  1"
"27759","     1672 21  3"
"27760","     1672 23  2"
"27761","     1672 26  1"
"27762","     1672 37  2"
"27763","     1672 56  2"
"27764","     1672 59  2"
"27765","     1672 62  5"
"27766","     1672 67  2"
"27767","     1672 70  2"
"27768","     1672 70  3"
"27769","     1672 70  4"
"27770","     1672 73  1"
"27771","     1672 76  2"
"27772","     1672 84  2"
"27773","     1672 87  3"
"27774","     1673  3  1"
"27775","     1673 13  4"
"27776","     1673 19  2"
"27777","     1673 19  3"
"27778","     1673 19  6"
"27779","     1673 21  2"
"27780","     1673 21  5"
"27781","     1673 24  1"
"27782","     1673 27  3"
"27783","     1673 27  5"
"27784","     1673 40  3"
"27785","     1673 43  1"
"27786","     1673 43  2"
"27787","     1673 51  3"
"27788","     1673 51  4"
"27789","     1673 53  1"
"27790","     1673 53  2"
"27791","     1673 58  3"
"27792","     1673 64  3"
"27793","     1673 69  2"
"27794","     1673 72  1"
"27795","     1673 72  4"
"27796","     1673 74  3"
"27797","     1673 77  2"
"27798","     1674  1  3"
"27799","     1674  5  4"
"27800","     1674 11  2"
"27801","     1674 14  2"
"27802","     1674 14  5"
"27803","     1674 21  2"
"27804","     1674 22  2"
"27805","     1674 24  2"
"27806","     1674 24  5"
"27807","     1674 29  2"
"27808","     1674 31  2"
"27809","     1674 32  2"
"27810","     1674 32  4"
"27811","     1674 34  1"
"27812","     1674 37  2"
"27813","     1674 39  4"
"27814","     1674 40  2"
"27815","     1674 42  2"
"27816","     1674 44  2"
"27817","     1674 48  2"
"27818","     1674 50  2"
"27819","     1674 52  2"
"27820","     1675  2  2"
"27821","     1675  8  2"
"27822","     1675 11  1"
"27823","     1675 14  2"
"27824","     1675 17  1"
"27825","     1675 23  1"
"27826","     1675 48  1"
"27827","     1675 54  4"
"27828","     1675 66  2"
"27829","     1675 69  2"
"27830","     1675 72  2"
"27831","     1675 78  3"
"27832","     1675 81  2"
"27833","     1675 84  2"
"27834","     1675 90  2"
"27835","     1675 90  3"
"27836","     1675 93  2"
"27837","     1675 96  2"
"27838","     1676  1  2"
"27839","     1676  3  2"
"27840","     1676  5  2"
"27841","     1676  7  3"
"27842","     1676  9  2"
"27843","     1676 11  2"
"27844","     1676 11  3"
"27845","     1676 13  2"
"27846","     1676 15  2"
"27847","     1676 16  1"
"27848","     1676 16  3"
"27849","     1676 20  2"
"27850","     1676 22  2"
"27851","     1676 24  2"
"27852","     1676 26  2"
"27853","     1676 28  2"
"27854","     1676 32  2"
"27855","     1676 32  3"
"27856","     1676 34  2"
"27857","     1676 35  3"
"27858","     1676 37  2"
"27859","     1676 37  4"
"27860","     1676 39  1"
"27861","     1676 41  2"
"27862","     1676 41  5"
"27863","     1676 41  7"
"27864","     1676 43  1"
"27865","     1676 43  3"
"27866","     1676 45  2"
"27867","     1676 45  4"
"27868","     1676 47  4"
"27869","     1676 49  2"
"27870","     1676 53  2"
"27871","     1676 55  2"
"27872","     1676 56  2"
"27873","     1676 60  2"
"27874","     1677  3  2"
"27875","     1677  6  2"
"27876","     1677 12  2"
"27877","     1677 12  3"
"27878","     1677 15  2"
"27879","     1677 18  1"
"27880","     1677 22  2"
"27881","     1677 22  3"
"27882","     1677 22  4"
"27883","     1677 25  2"
"27884","     1677 28  1"
"27885","     1677 34  1"
"27886","     1677 34  4"
"27887","     1677 34  5"
"27888","     1677 37  2"
"27889","     1677 37  3"
"27890","     1677 40  1"
"27891","     1677 40  3"
"27892","     1677 43  3"
"27893","     1677 43  4"
"27894","     1677 47  2"
"27895","     1677 50  2"
"27896","     1677 53  2"
"27897","     1677 53  3"
"27898","     1677 53  4"
"27899","     1677 56  2"
"27900","     1677 56  3"
"27901","     1677 56  5"
"27902","     1677 59  2"
"27903","     1677 62  2"
"27904","     1677 62  6"
"27905","     1677 65  2"
"27906","     1677 65  3"
"27907","     1677 75  2"
"27908","     1677 78  3"
"27909","     1677 81  2"
"27910","     1677 84  2"
"27911","     1677 84  5"
"27912","     1677 87  1"
"27913","     1677 97  2"
"27914","     1677 97  5"
"27915","     1677100  2"
"27916","     1678  5  3"
"27917","     1678 20  2"
"27918","     1678 20  4"
"27919","     1678 23  2"
"27920","     1678 27  2"
"27921","     1678 27  4"
"27922","     1678 27  6"
"27923","     1678 31  2"
"27924","     1678 31  3"
"27925","     1678 31  4"
"27926","     1678 38  2"
"27927","     1678 42  3"
"27928","     1678 45  2"
"27929","     1678 45  3"
"27930","     1678 49  1"
"27931","     1678 53  2"
"27932","     1678 57  3"
"27933","     1678 60  3"
"27934","     1678 64  1"
"27935","     1678 79  3"
"27936","     1678 86  2"
"27937","     1678 93  2"
"27938","     1678101  3"
"27939","     1678116  4"
"27940","     1678116  7"
"27941","     1679  4  3"
"27942","     1679 11  1"
"27943","     1679 11  2"
"27944","     1679 37  2"
"27945","     1679 44  3"
"27946","     1679 44  4"
"27947","     1679 55  2"
"27948","     1679 66  7"
"27949","     1679 66  9"
"27950","     1679 70  3"
"27951","     1679 70  5"
"27952","     1679 81  1"
"27953","     1679 81  4"
"27954","     1679 89  2"
"27955","     1679 92  3"
"27956","     1679 96  1"
"27957","     1679100  4"
"27958","     1679103  2"
"27959","     1679114  1"
"27960","     1680  3  6"
"27961","     1680  6  2"
"27962","     1680 10  2"
"27963","     1680 17  2"
"27964","     1680 21  1"
"27965","     1680 32  2"
"27966","     1680 32  5"
"27967","     1680 36  3"
"27968","     1680 40  3"
"27969","     1680 43  2"
"27970","     1680 44  2"
"27971","     1680 46  4"
"27972","     1680 46  5"
"27973","     1680 51  1"
"27974","     1680 51  3"
"27975","     1680 52  3"
"27976","     1680 54  2"
"27977","     1680 55  3"
"27978","     1680 57  1"
"27979","     1680 58  2"
"27980","     1680 62  3"
"27981","     1680 64  2"
"27982","     1681  6  2"
"27983","     1681  6  5"
"27984","     1681  8  2"
"27985","     1681 10  2"
"27986","     1681 12  2"
"27987","     1681 14  2"
"27988","     1681 16  1"
"27989","     1681 16  2"
"27990","     1681 18  2"
"27991","     1681 20  2"
"27992","     1681 22  1"
"27993","     1681 22  2"
"27994","     1681 24  2"
"27995","     1681 26  2"
"27996","     1681 26  3"
"27997","     1681 29  2"
"27998","     1681 33  2"
"27999","     1681 35  2"
"28000","     1681 35  5"
"28001","     1681 43  1"
"28002","     1681 43  2"
"28003","     1681 43  3"
"28004","     1681 45  2"
"28005","     1681 47  5"
"28006","     1681 49  2"
"28007","     1681 55  2"
"28008","     1681 57  2"
"28009","     1681 59  1"
"28010","     1681 62  2"
"28011","     1682 11  2"
"28012","     1682 14  2"
"28013","     1682 19  2"
"28014","     1682 22  1"
"28015","     1682 22  4"
"28016","     1682 25  2"
"28017","     1682 25  4"
"28018","     1682 25  5"
"28019","     1682 34  2"
"28020","     1682 34  3"
"28021","     1682 39  2"
"28022","     1682 48  2"
"28023","     1682 51  2"
"28024","     1682 60  2"
"28025","     1682 60  3"
"28026","     1682 62  2"
"28027","     1682 68  1"
"28028","     1682 71  2"
"28029","     1682 71  5"
"28030","     1683  6  2"
"28031","     1683  6  3"
"28032","     1683  6  4"
"28033","     1683  9  1"
"28034","     1683 13  2"
"28035","     1683 13  3"
"28036","     1683 18  5"
"28037","     1683 21  2"
"28038","     1683 21  6"
"28039","     1683 23  2"
"28040","     1683 26  2"
"28041","     1683 30  1"
"28042","     1683 33  1"
"28043","     1683 35  2"
"28044","     1683 35  5"
"28045","     1683 38  1"
"28046","     1683 43  2"
"28047","     1683 48  1"
"28048","     1683 50  1"
"28049","     1683 50  4"
"28050","     1683 50  5"
"28051","     1683 55  2"
"28052","     1683 57  1"
"28053","     1683 60  2"
"28054","     1683 62  4"
"28055","     1683 62  6"
"28056","     1683 65  2"
"28057","     1683 67  2"
"28058","     1683 69  3"
"28059","     1683 72  2"
"28060","     1683 77  2"
"28061","     1684 19  1"
"28062","     1684 19  2"
"28063","     1684 19  4"
"28064","     1684 19  5"
"28065","     1684 23  2"
"28066","     1684 28  3"
"28067","     1684 33  4"
"28068","     1684 33  6"
"28069","     1684 37  2"
"28070","     1684 47  2"
"28071","     1684 51  2"
"28072","     1684 61  2"
"28073","     1684 61  3"
"28074","     1684 84  3"
"28075","     1684 84  4"
"28076","     1684 89  2"
"28077","     1684 89  3"
"28078","     1684103  1"
"28079","     1684108  2"
"28080","     1684112  3"
"28081","     1684112  4"
"28082","     1684117  1"
"28083","     1684117  2"
"28084","     1684131  3"
"28085","     1684136  2"
"28086","     1684136  3"
"28087","     1684140  3"
"28088","     1685  5  2"
"28089","     1685  5  3"
"28090","     1685  8  3"
"28091","     1685 11  2"
"28092","     1685 14  4"
"28093","     1685 19  1"
"28094","     1685 19  3"
"28095","     1685 19  5"
"28096","     1685 22  2"
"28097","     1685 22  5"
"28098","     1685 34  2"
"28099","     1685 34  3"
"28100","     1685 37  2"
"28101","     1685 37  3"
"28102","     1685 40  2"
"28103","     1685 43  2"
"28104","     1685 43  3"
"28105","     1685 46  2"
"28106","     1685 46  3"
"28107","     1685 48  2"
"28108","     1685 51  2"
"28109","     1685 54  2"
"28110","     1685 57  2"
"28111","     1685 60  2"
"28112","     1685 63  1"
"28113","     1685 66  2"
"28114","     1685 69  2"
"28115","     1685 75  1"
"28116","     1685 77  2"
"28117","     1685 80  2"
"28118","     1685 83  2"
"28119","     1685 89  2"
"28120","     1685 89  5"
"28121","     1685 92  2"
"28122","     1686  2  1"
"28123","     1686  4  2"
"28124","     1686  7  2"
"28125","     1686  7  4"
"28126","     1686  7  5"
"28127","     1686  9  2"
"28128","     1686  9  3"
"28129","     1686 12  2"
"28130","     1686 14  2"
"28131","     1686 19  2"
"28132","     1686 25  3"
"28133","     1686 25  4"
"28134","     1686 25  5"
"28135","     1686 25  6"
"28136","     1686 25 10"
"28137","     1686 27  2"
"28138","     1686 30  4"
"28139","     1686 32  1"
"28140","     1686 32  3"
"28141","     1686 35  2"
"28142","     1686 37  3"
"28143","     1686 40  2"
"28144","     1686 40  3"
"28145","     1686 40  5"
"28146","     1686 42  3"
"28147","     1686 45  1"
"28148","     1686 47  2"
"28149","     1686 50  2"
"28150","     1686 50  5"
"28151","     1686 52  1"
"28152","     1686 52  4"
"28153","     1686 52  7"
"28154","     1686 55  2"
"28155","     1686 57  1"
"28156","     1686 60  2"
"28157","     1686 63  2"
"28158","     1686 68  2"
"28159","     1686 70  2"
"28160","     1686 70  3"
"28161","     1686 75  3"
"28162","     1686 75  4"
"28163","     1686 75  5"
"28164","     1686 75  6"
"28165","     1686 78  2"
"28166","     1686 78  5"
"28167","     1686 80  3"
"28168","     1686 80  5"
"28169","     1687  1  2"
"28170","     1687  3  2"
"28171","     1687  3  3"
"28172","     1687  3  4"
"28173","     1687  3  5"
"28174","     1687  5  2"
"28175","     1687  7  2"
"28176","     1687  9  2"
"28177","     1687  9  3"
"28178","     1687 11  2"
"28179","     1687 15  1"
"28180","     1687 17  2"
"28181","     1687 20  2"
"28182","     1687 22  2"
"28183","     1687 26  1"
"28184","     1687 28  3"
"28185","     1687 32  2"
"28186","     1687 34  1"
"28187","     1687 36  2"
"28188","     1687 38  2"
"28189","     1687 40  2"
"28190","     1687 44  1"
"28191","     1687 44  2"
"28192","     1687 46  3"
"28193","     1687 48  2"
"28194","     1687 55  2"
"28195","     1687 57  2"
"28196","     1687 59  2"
"28197","     1687 61  2"
"28198","     1687 63  2"
"28199","     1687 63  3"
"28200","     1687 63  6"
"28201","     1687 65  2"
"28202","     1687 65  3"
"28203","     1688  3  2"
"28204","     1688  3  4"
"28205","     1688  5  1"
"28206","     1688  9  5"
"28207","     1688 14  1"
"28208","     1688 16  2"
"28209","     1688 16  3"
"28210","     1688 20  2"
"28211","     1688 20  5"
"28212","     1688 27  2"
"28213","     1688 27  3"
"28214","     1688 29  2"
"28215","     1688 29  4"
"28216","     1688 34  2"
"28217","     1688 34  3"
"28218","     1688 47  1"
"28219","     1688 49  5"
"28220","     1688 49  7"
"28221","     1688 54  2"
"28222","     1688 62  2"
"28223","     1688 65  1"
"28224","     1688 67  4"
"28225","     1688 69  2"
"28226","     1689  9  2"
"28227","     1689 12  2"
"28228","     1689 17  2"
"28229","     1689 29  2"
"28230","     1689 29  3"
"28231","     1689 46  2"
"28232","     1689 60  2"
"28233","     1689 82  2"
"28234","     1690  1  2"
"28235","     1690  4  2"
"28236","     1690  7  2"
"28237","     1690 10  3"
"28238","     1690 32  2"
"28239","     1690 38  2"
"28240","     1690 41  2"
"28241","     1690 46  2"
"28242","     1690 49  2"
"28243","     1690 55  2"
"28244","     1690 60  2"
"28245","     1690 72  2"
"28246","     1690 77  2"
"28247","     1690 80  3"
"28248","     1690 83  2"
"28249","     1690 86  3"
"28250","     1691  5  2"
"28251","     1691 15  3"
"28252","     1691 17  2"
"28253","     1691 20  4"
"28254","     1691 30  2"
"28255","     1691 34  1"
"28256","     1691 39  2"
"28257","     1691 47  3"
"28258","     1691 49  5"
"28259","     1691 59  2"
"28260","     1691 66  2"
"28261","     1692  9  2"
"28262","     1692 10  2"
"28263","     1692 13  1"
"28264","     1692 27  2"
"28265","     1692 28  5"
"28266","     1692 49  2"
"28267","     1692 49  5"
"28268","     1692 50  2"
"28269","     1692 51  2"
"28270","     1692 53  2"
"28271","     1692 54  2"
"28272","     1692 55  2"
"28273","     1692 56  4"
"28274","     1692 67  2"
"28275","     1692 68  3"
"28276","     1692 69  2"
"28277","     1692 70  2"
"28278","     1692 71  3"
"28279","     1692 71  4"
"28280","     1692 71  5"
"28281","     1692 71  8"
"28282","     1692 72  2"
"28283","     1693 17  2"
"28284","     1693 20  2"
"28285","     1693 20  3"
"28286","     1693 22  2"
"28287","     1693 23  2"
"28288","     1693 24  2"
"28289","     1693 24  3"
"28290","     1693 50  4"
"28291","     1693 51  2"
"28292","     1693 51  3"
"28293","     1693 52  2"
"28294","     1693 54  2"
"28295","     1693 56  2"
"28296","     1693 73  2"
"28297","     1693 73  3"
"28298","     1693 73  4"
"28299","     1693 75  2"
"28300","     1693 78  2"
"28301","     1693 78  3"
"28302","     1693107  2"
"28303","     1693110  2"
"28304","     1693115  2"
"28305","     1694  1  2"
"28306","     1694  5  2"
"28307","     1694  6  2"
"28308","     1694 17  1"
"28309","     1694 21  1"
"28310","     1694 22  2"
"28311","     1694 23  2"
"28312","     1694 24  2"
"28313","     1694 43  2"
"28314","     1694 48  2"
"28315","     1694 57  2"
"28316","     1694 59  2"
"28317","     1694 61  3"
"28318","     1695  4  3"
"28319","     1695  4  4"
"28320","     1695  8  2"
"28321","     1695 36  2"
"28322","     1695 36  6"
"28323","     1695 40  5"
"28324","     1695 44  1"
"28325","     1695 44  2"
"28326","     1695 49  2"
"28327","     1695 61  2"
"28328","     1695 81  2"
"28329","     1695 85  4"
"28330","     1695 89  4"
"28331","     1695 89  5"
"28332","     1695 97  1"
"28333","     1695101  2"
"28334","     1695110  2"
"28335","     1695114  4"
"28336","     1695114  5"
"28337","     1696899  2"
"28338","     1696910  2"
"28339","     1696910  3"
"28340","     1696912  2"
"28341","     1696912  3"
"28342","     1696912  4"
"28343","     1696912  6"
"28344","     1696918  2"
"28345","     1696923  2"
"28346","     1696923  3"
"28347","     1696923  6"
"28348","     1696926  1"
"28349","     1696928  1"
"28350","     1696936  1"
"28351","     1696936  2"
"28352","     1696936  3"
"28353","     1696942  1"
"28354","     1696945  1"
"28355","     1696945  6"
"28356","     1696950  4"
"28357","     1696953  2"
"28358","     1696958  2"
"28359","     1696961  2"
"28360","     1696966  2"
"28361","     1697  2  2"
"28362","     1697  2  3"
"28363","     1697  5  2"
"28364","     1697  5  4"
"28365","     1697  8  1"
"28366","     1697  8  4"
"28367","     1697  8  5"
"28368","     1697 11  2"
"28369","     1697 18  2"
"28370","     1697 18  6"
"28371","     1697 21  2"
"28372","     1697 24  4"
"28373","     1697 24  5"
"28374","     1697 27  2"
"28375","     1697 27  3"
"28376","     1697 33  3"
"28377","     1697 40  2"
"28378","     1697 43  4"
"28379","     1697 49  4"
"28380","     1697 55  2"
"28381","     1697 58  1"
"28382","     1697 58  3"
"28383","     1697 62  2"
"28384","     1697 62  5"
"28385","     1697 65  2"
"28386","     1697 68  1"
"28387","     1697 68  2"
"28388","     1697 71  3"
"28389","     1697 80  3"
"28390","     1697 87  2"
"28391","     1697 90  2"
"28392","     1697 90  3"
"28393","     1697 90  5"
"28394","     1698  3  2"
"28395","     1698  6  2"
"28396","     1698  9  2"
"28397","     1698  9  3"
"28398","     1698 12  2"
"28399","     1698 12  3"
"28400","     1698 12  4"
"28401","     1698 15  2"
"28402","     1698 18  2"
"28403","     1698 24  2"
"28404","     1698 30  2"
"28405","     1698 30  4"
"28406","     1698 30  9"
"28407","     1698 32  2"
"28408","     1698 35  2"
"28409","     1698 41  1"
"28410","     1698 41  3"
"28411","     1698 44  2"
"28412","     1698 44  3"
"28413","     1698 50  2"
"28414","     1698 53  2"
"28415","     1698 56  3"
"28416","     1698 59  6"
"28417","     1698 62  2"
"28418","     1698 68  2"
"28419","     1698 68  3"
"28420","     1698 73  1"
"28421","     1698 73  2"
"28422","     1698 73  3"
"28423","     1698 79  2"
"28424","     1698 82  2"
"28425","     1698 85  3"
"28426","     1699  5  2"
"28427","     1699  8  2"
"28428","     1699 14  2"
"28429","     1699 17  3"
"28430","     1699 23  2"
"28431","     1699 32  2"
"28432","     1699 35  2"
"28433","     1699 42  2"
"28434","     1699 42  3"
"28435","     1699 42  5"
"28436","     1699 45  2"
"28437","     1699 57  2"
"28438","     1699 60  2"
"28439","     1699 60  3"
"28440","     1699 63  6"
"28441","     1699 75  2"
"28442","     1699 78  4"
"28443","     1699 85  1"
"28444","     1699 85  4"
"28445","     1699 88  4"
"28446","     1700  2  2"
"28447","     1700  7  2"
"28448","     1700 11  2"
"28449","     1700 14  3"
"28450","     1700 16  2"
"28451","     1700 21  2"
"28452","     1700 21  3"
"28453","     1700 23  2"
"28454","     1700 23  3"
"28455","     1700 26  2"
"28456","     1700 30  2"
"28457","     1700 33  3"
"28458","     1700 35  2"
"28459","     1700 37  2"
"28460","     1700 37  4"
"28461","     1700 42  3"
"28462","     1700 42  4"
"28463","     1700 42  6"
"28464","     1700 47  2"
"28465","     1700 49  2"
"28466","     1700 52  2"
"28467","     1700 54  2"
"28468","     1700 54  3"
"28469","     1700 57  2"
"28470","     1700 59  2"
"28471","     1700 59  3"
"28472","     1700 61  3"
"28473","     1700 66  2"
"28474","     1701  1  2"
"28475","     1701  3  2"
"28476","     1701  8  3"
"28477","     1701 11  2"
"28478","     1701 11  3"
"28479","     1701 11  6"
"28480","     1701 14  2"
"28481","     1701 23  2"
"28482","     1701 25  2"
"28483","     1701 26  1"
"28484","     1701 26  3"
"28485","     1701 27  2"
"28486","     1701 29  4"
"28487","     1701 32  3"
"28488","     1701 32  4"
"28489","     1701 32  5"
"28490","     1701 33  2"
"28491","     1701 35  5"
"28492","     1701 36  2"
"28493","     1701 38  2"
"28494","     1702134  1"
"28495","     1702134  5"
"28496","     1702137  4"
"28497","     1702140  2"
"28498","     1702143  2"
"28499","     1702146  2"
"28500","     1702146  4"
"28501","     1702153  3"
"28502","     1702153  4"
"28503","     1702153  5"
"28504","     1702156  2"
"28505","     1702166  2"
"28506","     1702175  2"
"28507","     1702178  2"
"28508","     1702182  2"
"28509","     1702182  3"
"28510","     1702182  4"
"28511","     1702185  3"
"28512","     1702185  4"
"28513","     1702185  6"
"28514","     1702191  2"
"28515","     1702195  2"
"28516","     1702198  3"
"28517","     1702198  4"
"28518","     1702198  5"
"28519","     1702201  1"
"28520","     1702204  2"
"28521","     1702207  2"
"28522","     1702207  4"
"28523","     1702214  4"
"28524","     1702217  2"
"28525","     1702220  2"
"28526","     1702223  2"
"28527","     1703  2  2"
"28528","     1703  2  3"
"28529","     1703  2  5"
"28530","     1703  5  4"
"28531","     1703  8  2"
"28532","     1703 11  2"
"28533","     1703 20  1"
"28534","     1703 23  2"
"28535","     1703 32  4"
"28536","     1703 32  6"
"28537","     1703 35  2"
"28538","     1703 37  2"
"28539","     1703 40  2"
"28540","     1703 43  2"
"28541","     1703 46  3"
"28542","     1703 49  2"
"28543","     1703 49  5"
"28544","     1703 55  2"
"28545","     1703 58  2"
"28546","     1703 58  3"
"28547","     1703 58  4"
"28548","     1703 61  2"
"28549","     1703 70  2"
"28550","     1703 70  4"
"28551","     1703 73  2"
"28552","     1703 76  1"
"28553","     1703 79  2"
"28554","     1703 82  2"
"28555","     1703 85  3"
"28556","     1704  3  2"
"28557","     1704 10  1"
"28558","     1704 14  2"
"28559","     1704 17  2"
"28560","     1704 21  2"
"28561","     1704 27  1"
"28562","     1704 38  3"
"28563","     1704 45  2"
"28564","     1704 48  2"
"28565","     1704 52  2"
"28566","     1704 55  2"
"28567","     1704 76  3"
"28568","     1704 79  2"
"28569","     1704 79  4"
"28570","     1704 83  4"
"28571","     1704 90  3"
"28572","     1704 90  5"
"28573","     1704 93  5"
"28574","     1704 96  2"
"28575","     1704 96  5"
"28576","     1705  1  1"
"28577","     1705  6  2"
"28578","     1705  9  2"
"28579","     1705 14  2"
"28580","     1705 14  3"
"28581","     1705 22  2"
"28582","     1705 27  2"
"28583","     1705 35  2"
"28584","     1705 35  3"
"28585","     1705 35  4"
"28586","     1705 37  1"
"28587","     1705 37  2"
"28588","     1705 42  2"
"28589","     1705 53  2"
"28590","     1705 66  3"
"28591","     1705 73  2"
"28592","     1706  5  2"
"28593","     1706 15  2"
"28594","     1706 21  1"
"28595","     1706 21  2"
"28596","     1706 31  2"
"28597","     1706 47  2"
"28598","     1706 52  2"
"28599","     1706 63  4"
"28600","     1706 63  6"
"28601","     1706 79  2"
"28602","     1706 84  2"
"28603","     1706100  2"
"28604","     1706105  2"
"28605","     1706110  2"
"28606","     1706121  3"
"28607","     1706121  4"
"28608","     1706126  2"
"28609","     1706132  2"
"28610","     1706137  2"
"28611","     1706142  5"
"28612","     1706142  6"
"28613","     1706147  2"
"28614","     1706153  2"
"28615","     1707829  3"
"28616","     1707829  5"
"28617","     1707829  6"
"28618","     1707834  1"
"28619","     1707836  2"
"28620","     1707838  2"
"28621","     1707841  2"
"28622","     1707843  3"
"28623","     1707845  2"
"28624","     1707852  2"
"28625","     1707854  2"
"28626","     1707859  2"
"28627","     1707859  4"
"28628","     1707859  5"
"28629","     1707859  7"
"28630","     1707864  3"
"28631","     1707864  4"
"28632","     1707866  2"
"28633","     1707871  4"
"28634","     1707873  2"
"28635","     1707875  1"
"28636","     1707878  2"
"28637","     1707880  2"
"28638","     1707882  1"
"28639","     1707885  2"
"28640","     1707889  2"
"28641","     1707889  5"
"28642","     1707891  3"
"28643","     1708 31  2"
"28644","     1708335  3"
"28645","     1708337  4"
"28646","     1708343  2"
"28647","     1708346  2"
"28648","     1708348  2"
"28649","     1708350  2"
"28650","     1708354  2"
"28651","     1708356  3"
"28652","     1708360  3"
"28653","     1708362  2"
"28654","     1708364  2"
"28655","     1708366  4"
"28656","     1708368  2"
"28657","     1708370  2"
"28658","     1708373  2"
"28659","     1708377  5"
"28660","     1708379  2"
"28661","     1709  1  2"
"28662","     1709  5  2"
"28663","     1709 13  3"
"28664","     1709 18  3"
"28665","     1709 22  2"
"28666","     1709 26  1"
"28667","     1709 30  2"
"28668","     1709 34  2"
"28669","     1709 34  6"
"28670","     1709 34  7"
"28671","     1709 42  2"
"28672","     1709 46  2"
"28673","     1709 58  1"
"28674","     1709 58  4"
"28675","     1709 58  5"
"28676","     1709 62  2"
"28677","     1709 66  2"
"28678","     1709 66  3"
"28679","     1709 74  1"
"28680","     1709 83  4"
"28681","     1709 83  6"
"28682","     1709 83  7"
"28683","     1709 87  2"
"28684","     1709 87  4"
"28685","     1709 87  5"
"28686","     1709 87  6"
"28687","     1709 91  2"
"28688","     1709 91  3"
"28689","     1709 91  6"
"28690","     1709 95  4"
"28691","     1709115  2"
"28692","     1709115  4"
"28693","     1710  3  2"
"28694","     1710  6  2"
"28695","     1710  6  8"
"28696","     1710  6 11"
"28697","     1710 13  2"
"28698","     1710 17  2"
"28699","     1710 20  2"
"28700","     1710 27  3"
"28701","     1710 31  2"
"28702","     1710 31  3"
"28703","     1710 31  4"
"28704","     1710 38  1"
"28705","     1710 41  2"
"28706","     1710 41  3"
"28707","     1710 41  5"
"28708","     1710 49  2"
"28709","     1710 49  3"
"28710","     1710 56  2"
"28711","     1710 70  5"
"28712","     1710 73  3"
"28713","     1710 73  4"
"28714","     1710 80  2"
"28715","     1710 80  4"
"28716","     1710 84  2"
"28717","     1710 87  2"
"28718","     1710 98  2"
"28719","     1710101  2"
"28720","     1710101  5"
"28721","     1711  4  2"
"28722","     1711  7  4"
"28723","     1711 10  2"
"28724","     1711 13  4"
"28725","     1711 13  8"
"28726","     1711 13  9"
"28727","     1711 13 11"
"28728","     1711 22  2"
"28729","     1711 28  2"
"28730","     1711 30  2"
"28731","     1711 39  2"
"28732","     1711 42  2"
"28733","     1711 48  2"
"28734","     1711 51  2"
"28735","     1711 54  2"
"28736","     1711 60  4"
"28737","     1711 63  1"
"28738","     1711 63  2"
"28739","     1711 71  1"
"28740","     1711 77  2"
"28741","     1712  7  4"
"28742","     1712  7  6"
"28743","     1712  7  9"
"28744","     1712 23  2"
"28745","     1712 32  2"
"28746","     1712 39  2"
"28747","     1712 39  3"
"28748","     1712 55  5"
"28749","     1712 61  2"
"28750","     1712 74  4"
"28751","     1712 77  2"
"28752","     1713 20  2"
"28753","     1713 22  2"
"28754","     1713 24  2"
"28755","     1713 25  2"
"28756","     1713 25  9"
"28757","     1713 79  1"
"28758","     1713 79  3"
"28759","     1713 80  1"
"28760","     1713 81  2"
"28761","     1713122  2"
"28762","     1713123  2"
"28763","     1713128  2"
"28764","     1714  9  2"
"28765","     1714 11  2"
"28766","     1714 14  2"
"28767","     1714 15  2"
"28768","     1714 16  2"
"28769","     1714 33  2"
"28770","     1714 37  2"
"28771","     1714 40  2"
"28772","     1714 52  2"
"28773","     1714 56  2"
"28774","     1714 56  3"
"28775","     1714 56  5"
"28776","     1714 74  3"
"28777","     1714 75  2"
"28778","     1715  9  2"
"28779","     1715 11  2"
"28780","     1715 11  3"
"28781","     1715 11  5"
"28782","     1715 13  2"
"28783","     1715 14  3"
"28784","     1715 14  4"
"28785","     1715 14  7"
"28786","     1715 15  2"
"28787","     1715 16  1"
"28788","     1715 59  2"
"28789","     1715 60  2"
"28790","     1715 62  2"
"28791","     1715 63  1"
"28792","     1715108  2"
"28793","     1715109  2"
"28794","     1715109  3"
"28795","     1715110  2"
"28796","     1715111  2"
"28797","     1715154  2"
"28798","     1716 17  2"
"28799","     1716 17  4"
"28800","     1716 20  2"
"28801","     1716 22  2"
"28802","     1716 49  3"
"28803","     1716 51  2"
"28804","     1716 52  2"
"28805","     1716 52  4"
"28806","     1716 52  5"
"28807","     1716 53  2"
"28808","     1716 54  2"
"28809","     1716 55  2"
"28810","     1716 55  3"
"28811","     1716 56  2"
"28812","     1716 56  3"
"28813","     1716 81  2"
"28814","     1716 82  2"
"28815","     1716 83  6"
"28816","     1716 83  8"
"28817","     1716 84  2"
"28818","     1716 87  2"
"28819","     1716 88  2"
"28820","     1716113  2"
"28821","     1716114  2"
"28822","     1716114  4"
"28823","     1716115  2"
"28824","     1716117  3"
"28825","     1717 10  2"
"28826","     1717 10  3"
"28827","     1717 10  8"
"28828","     1717 12  2"
"28829","     1717 13  2"
"28830","     1717 15  2"
"28831","     1717 58  2"
"28832","     1717 59  2"
"28833","     1717 60  3"
"28834","     1717 62  2"
"28835","     1717 63  2"
"28836","     1717 63  8"
"28837","     1717 64  6"
"28838","     1717105  2"
"28839","     1717106  4"
"28840","     1717106  7"
"28841","     1717156  2"
"28842","     1717157  2"
"28843","     1718  9  2"
"28844","     1718 12  1"
"28845","     1718 13  2"
"28846","     1718 14  2"
"28847","     1718 16  2"
"28848","     1718 41  2"
"28849","     1718 42  2"
"28850","     1718 46  2"
"28851","     1718 47  2"
"28852","     1718 48  2"
"28853","     1718 65  2"
"28854","     1718 67  2"
"28855","     1718 69  5"
"28856","     1718 70  1"
"28857","     1718 71  2"
"28858","     1718 98  2"
"28859","     1719 25  2"
"28860","     1719 26  2"
"28861","     1719 27  2"
"28862","     1719 30  2"
"28863","     1719 89  2"
"28864","     1719 92  2"
"28865","     1719 93  2"
"28866","     1719 97  2"
"28867","     1719156  2"
"28868","     1719157  1"
"28869","     1719161  2"
"28870","     1719163  2"
"28871","     1719220  2"
"28872","     1719220  3"
"28873","     1719222  2"
"28874","     1720 22  2"
"28875","     1720 23  2"
"28876","     1720 41  2"
"28877","     1720 45  7"
"28878","     1720 46  2"
"28879","     1720 47  2"
"28880","     1720 75  2"
"28881","     1720 78  2"
"28882","     1720 78  3"
"28883","     1721  2  2"
"28884","     1721  7  2"
"28885","     1721 11  1"
"28886","     1721 11  3"
"28887","     1721 11  4"
"28888","     1721 16  2"
"28889","     1721 16  6"
"28890","     1721 21  2"
"28891","     1721 25  2"
"28892","     1721 35  2"
"28893","     1721 39  3"
"28894","     1721 39  6"
"28895","     1721 49  1"
"28896","     1721 53  2"
"28897","     1721 53  3"
"28898","     1721 53  4"
"28899","     1721 58  2"
"28900","     1721 63  2"
"28901","     1721 67  2"
"28902","     1721 72  2"
"28903","     1721 77  2"
"28904","     1721 77  4"
"28905","     1721 81  2"
"28906","     1722  2  2"
"28907","     1722  2  7"
"28908","     1722 17  2"
"28909","     1722 22  2"
"28910","     1722 27  1"
"28911","     1722 33  3"
"28912","     1722 33  4"
"28913","     1722 38  2"
"28914","     1722 43  5"
"28915","     1722 53  2"
"28916","     1722 58  3"
"28917","     1722 58  4"
"28918","     1722 63  2"
"28919","     1722 68  2"
"28920","     1722 74  2"
"28921","     1722 74  6"
"28922","     1722 79  2"
"28923","     1722 79  3"
"28924","     1722 84  3"
"28925","     1722 84  6"
"28926","     1722 94  2"
"28927","     1722 94  5"
"28928","     1722 99  2"
"28929","     1722 99  6"
"28930","     1722104  2"
"28931","     1722104  5"
"28932","     1722110  2"
"28933","     1722110  3"
"28934","     1722110  6"
"28935","     1722115  2"
"28936","     1723  7  2"
"28937","     1723 11  2"
"28938","     1723 15  2"
"28939","     1723 19  2"
"28940","     1723 23  1"
"28941","     1723 27  2"
"28942","     1723 31  2"
"28943","     1723 31  4"
"28944","     1723 34  1"
"28945","     1723 38  2"
"28946","     1723 46  1"
"28947","     1723 50  1"
"28948","     1723 57  2"
"28949","     1723 61  1"
"28950","     1723 65  2"
"28951","     1723 65  3"
"28952","     1723 65  5"
"28953","     1723 65  7"
"28954","     1723 69  2"
"28955","     1723 73  2"
"28956","     1723 77  2"
"28957","     1723 81  2"
"28958","     1723 81  3"
"28959","     1723 84  1"
"28960","     1723 88  1"
"28961","     1723 92  1"
"28962","     1723 96  2"
"28963","     1723100  2"
"28964","     1724  4  5"
"28965","     1724  9  5"
"28966","     1724 14  2"
"28967","     1724 14  3"
"28968","     1724 14  4"
"28969","     1724 24  3"
"28970","     1724 29  4"
"28971","     1724 43  3"
"28972","     1724 43  4"
"28973","     1724 53  3"
"28974","     1724 63  3"
"28975","     1724 93  2"
"28976","     1724 93  3"
"28977","     1724 93  5"
"28978","     1724 93  6"
"28979","     1725  3  2"
"28980","     1725  3  3"
"28981","     1725  3  5"
"28982","     1725  9  2"
"28983","     1725 14  2"
"28984","     1725 19  2"
"28985","     1725 19  4"
"28986","     1725 24  1"
"28987","     1725 24  2"
"28988","     1725 29  2"
"28989","     1725 34  2"
"28990","     1725 34  3"
"28991","     1725 39  2"
"28992","     1725 44  2"
"28993","     1725 49  2"
"28994","     1725 49  3"
"28995","     1725 59  2"
"28996","     1725 64  2"
"28997","     1725 69  2"
"28998","     1725 74  2"
"28999","     1725 79  2"
"29000","     1725 84  1"
"29001","     1726  2  1"
"29002","     1726 13  2"
"29003","     1726 18  2"
"29004","     1726 24  2"
"29005","     1726 34  3"
"29006","     1726 34  4"
"29007","     1726 39  2"
"29008","     1726 45  2"
"29009","     1726 50  3"
"29010","     1726 55  2"
"29011","     1726 61  2"
"29012","     1726 66  1"
"29013","     1726 71  4"
"29014","     1727  7  2"
"29015","     1727  7  5"
"29016","     1727 12  2"
"29017","     1727 17  3"
"29018","     1727 22  2"
"29019","     1727 27  2"
"29020","     1727 32  2"
"29021","     1727 37  2"
"29022","     1727 37  7"
"29023","     1727 47  2"
"29024","     1727 47  5"
"29025","     1727 52  4"
"29026","     1727 78  2"
"29027","     1727 78  5"
"29028","     1727 83  1"
"29029","     1727 83  2"
"29030","     1727 88  4"
"29031","     1727 93  1"
"29032","     1727 98  3"
"29033","     1728  2  3"
"29034","     1728 11  3"
"29035","     1728 25  2"
"29036","     1728 25  3"
"29037","     1728 34  4"
"29038","     1728 34  8"
"29039","     1728 43  4"
"29040","     1728 43  5"
"29041","     1728 43  8"
"29042","     1728 60  3"
"29043","     1728 60  4"
"29044","     1728 60  5"
"29045","     1728 69  4"
"29046","     1728 74  2"
"29047","     1728 78  3"
"29048","     1728 78  4"
"29049","     1728 92  3"
"29050","     1728 92  4"
"29051","     1729  6  1"
"29052","     1729  9  2"
"29053","     1729 13  2"
"29054","     1729 17  2"
"29055","     1729 21  2"
"29056","     1729 24  2"
"29057","     1729 24  3"
"29058","     1729 28  2"
"29059","     1729 28  3"
"29060","     1729 28  4"
"29061","     1729 32  2"
"29062","     1729 36  2"
"29063","     1729 39  2"
"29064","     1729 43  2"
"29065","     1729 47  2"
"29066","     1729 58  2"
"29067","     1729 62  2"
"29068","     1729 66  2"
"29069","     1729 70  1"
"29070","     1729 70  4"
"29071","     1729 73  2"
"29072","     1729 77  2"
"29073","     1729 81  5"
"29074","     1729 88  2"
"29075","     1729 88  3"
"29076","     1729 88  4"
"29077","     1729 88  5"
"29078","     1729 88  6"
"29079","     1729 92  2"
"29080","     1729 92  3"
"29081","     1730  2  2"
"29082","     1730  8  2"
"29083","     1730 14  1"
"29084","     1730 14  4"
"29085","     1730 20  2"
"29086","     1730 27  2"
"29087","     1730 33  2"
"29088","     1730 39  2"
"29089","     1730 45  2"
"29090","     1730 51  2"
"29091","     1730 64  2"
"29092","     1730 70  3"
"29093","     1730 70  4"
"29094","     1730 70  5"
"29095","     1730 70  6"
"29096","     1730 70  7"
"29097","     1730 76  2"
"29098","     1730 88  1"
"29099","     1730 95  2"
"29100","     1730101  2"
"29101","     1730101  3"
"29102","     1730113  2"
"29103","     1730113  5"
"29104","     1730113  7"
"29105","     1730119  2"
"29106","     1730138  2"
"29107","     1730144  2"
"29108","     1730150  2"
"29109","     1730157  2"
"29110","     1731  3  4"
"29111","     1731  7  2"
"29112","     1731 12  2"
"29113","     1731 12  4"
"29114","     1731 16  1"
"29115","     1731 20  4"
"29116","     1731 24  2"
"29117","     1731 28  2"
"29118","     1731 32  5"
"29119","     1731 36  2"
"29120","     1731 40  2"
"29121","     1731 48  5"
"29122","     1731 48  6"
"29123","     1731 52  2"
"29124","     1731 52  3"
"29125","     1731 56  2"
"29126","     1731 56  3"
"29127","     1731 65  3"
"29128","     1731 69  2"
"29129","     1731 73  2"
"29130","     1731 73  3"
"29131","     1731 77  3"
"29132","     1731 81  2"
"29133","     1731 81  3"
"29134","     1731 85  1"
"29135","     1731 85  5"
"29136","     1731 89  2"
"29137","     1731 93  2"
"29138","     1731 97  2"
"29139","     1731 97  4"
"29140","     1732  1  3"
"29141","     1732  1  5"
"29142","     1732  1  6"
"29143","     1732  5  2"
"29144","     1732  9  2"
"29145","     1732  9  3"
"29146","     1732 13  2"
"29147","     1732 13  3"
"29148","     1732 17  2"
"29149","     1732 25  2"
"29150","     1732 29  2"
"29151","     1732 29  3"
"29152","     1732 38  2"
"29153","     1732 42  2"
"29154","     1732 42  3"
"29155","     1732 58  2"
"29156","     1732 70  2"
"29157","     1732 74  3"
"29158","     1732 78  2"
"29159","     1732 82  2"
"29160","     1732 91  2"
"29161","     1732 91  4"
"29162","     1732 95  4"
"29163","     1733 13  2"
"29164","     1733 17  2"
"29165","     1733 21  1"
"29166","     1733 21  3"
"29167","     1733 25  2"
"29168","     1733 33  2"
"29169","     1733 33  4"
"29170","     1733 37  2"
"29171","     1733 41  2"
"29172","     1733 45  2"
"29173","     1733 49  7"
"29174","     1733 53  3"
"29175","     1733 53  4"
"29176","     1733 53  5"
"29177","     1733 53  6"
"29178","     1733 57  4"
"29179","     1733 61  2"
"29180","     1733 65  2"
"29181","     1733 77  2"
"29182","     1733 81  2"
"29183","     1733 85  2"
"29184","     1734  1  5"
"29185","     1734 19  3"
"29186","     1734 23  3"
"29187","     1734 27  2"
"29188","     1734 38  2"
"29189","     1734 42  5"
"29190","     1734 49  2"
"29191","     1734 49  3"
"29192","     1734 49  4"
"29193","     1734 56  2"
"29194","     1734 56  3"
"29195","     1734 68  3"
"29196","     1735  1  2"
"29197","     1735  4  3"
"29198","     1735  4  4"
"29199","     1735  8  1"
"29200","     1735 12  2"
"29201","     1735 12  6"
"29202","     1735 20  1"
"29203","     1735 24  2"
"29204","     1735 28  2"
"29205","     1735 32  2"
"29206","     1735 32  4"
"29207","     1735 39  3"
"29208","     1735 43  2"
"29209","     1735 47  2"
"29210","     1735 47  4"
"29211","     1735 51  2"
"29212","     1735 55  2"
"29213","     1735 59  1"
"29214","     1735 59  3"
"29215","     1735 63  2"
"29216","     1735 67  2"
"29217","     1735 71  2"
"29218","     1735 71  3"
"29219","     1735 71  8"
"29220","     1736  7  1"
"29221","     1736 12  2"
"29222","     1736 16  2"
"29223","     1736 20  2"
"29224","     1736 24  2"
"29225","     1736 28  2"
"29226","     1736 32  1"
"29227","     1736 36  2"
"29228","     1736 40  1"
"29229","     1736 44  1"
"29230","     1736 48  2"
"29231","     1736 56  2"
"29232","     1736 69  2"
"29233","     1736 73  1"
"29234","     1736 77  2"
"29235","     1736 85  3"
"29236","     1736 89  2"
"29237","     1736 97  2"
"29238","     1737  5  2"
"29239","     1737  5  3"
"29240","     1737  5  6"
"29241","     1737  5  8"
"29242","     1737 10  2"
"29243","     1737 10  3"
"29244","     1737 20  2"
"29245","     1737 24  2"
"29246","     1737 34  2"
"29247","     1737 39  2"
"29248","     1737 39  3"
"29249","     1737 44  2"
"29250","     1737 44  3"
"29251","     1737 54  2"
"29252","     1737 54  3"
"29253","     1737 58  2"
"29254","     1737 68  2"
"29255","     1737 73  2"
"29256","     1737 83  2"
"29257","     1737 88  5"
"29258","     1738  9  2"
"29259","     1738 10  2"
"29260","     1738 11  2"
"29261","     1738 11  3"
"29262","     1738 15  6"
"29263","     1738 49  2"
"29264","     1738 49  9"
"29265","     1738 50  2"
"29266","     1738 51  1"
"29267","     1738 51  3"
"29268","     1738 53  2"
"29269","     1738 55  2"
"29270","     1738 81  2"
"29271","     1738 88  2"
"29272","     1738121  2"
"29273","     1738121  5"
"29274","     1738122  3"
"29275","     1738122  6"
"29276","     1738124  3"
"29277","     1738124  4"
"29278","     1738124  5"
"29279","     1738124  9"
"29280","     1738126  2"
"29281","     1738157  2"
"29282","     1739  2  1"
"29283","     1739  3  2"
"29284","     1739  4  2"
"29285","     1739  4  3"
"29286","     1739  4  4"
"29287","     1739  6  2"
"29288","     1739  7  2"
"29289","     1739  8  2"
"29290","     1739 58  1"
"29291","     1739 58  2"
"29292","     1739 59  2"
"29293","     1739 60  2"
"29294","     1739 60  5"
"29295","     1739 61  2"
"29296","     1739 62  2"
"29297","     1739 62  4"
"29298","     1739 63  2"
"29299","     1739115  2"
"29300","     1739117  2"
"29301","     1739119  3"
"29302","     1739169  2"
"29303","     1739170  2"
"29304","     1739171  3"
"29305","     1739171  4"
"29306","     1739171  8"
"29307","     1739172  3"
"29308","     1739174  2"
"29309","     1739175  2"
"29310","     1739227  2"
"29311","     1739227  4"
"29312","     1739230  2"
"29313","     1739232  2"
"29314","     1740 41  3"
"29315","     1740 43  2"
"29316","     1740 45  6"
"29317","     1740 46  2"
"29318","     1740 48  2"
"29319","     1740 48  3"
"29320","     1740 89  1"
"29321","     1740 92  3"
"29322","     1740 93  2"
"29323","     1740 94  2"
"29324","     1740 96  5"
"29325","     1740146  2"
"29326","     1740150  2"
"29327","     1740194  2"
"29328","     1740194  4"
"29329","     1740196  2"
"29330","     1740197  4"
"29331","     1740200  2"
"29332","     1740249  3"
"29333","     1740250  4"
"29334","     1740251  2"
"29335","     1740251  3"
"29336","     1740253  2"
"29337","     1740254  2"
"29338","     1740255  2"
"29339","     1741  9  2"
"29340","     1741 11  2"
"29341","     1741 12  2"
"29342","     1741 13  3"
"29343","     1741 13  8"
"29344","     1741 14  3"
"29345","     1741 15  2"
"29346","     1741 34  1"
"29347","     1741 34  2"
"29348","     1741 40  6"
"29349","     1741 71  2"
"29350","     1742  2  2"
"29351","     1742 16  1"
"29352","     1742 21  1"
"29353","     1742 21  2"
"29354","     1742 24  1"
"29355","     1742 27  2"
"29356","     1742 35  2"
"29357","     1742 38  2"
"29358","     1742 41  2"
"29359","     1742 44  3"
"29360","     1742 46  2"
"29361","     1742 49  3"
"29362","     1742 49  4"
"29363","     1742 55  2"
"29364","     1742 60  1"
"29365","     1742 60  3"
"29366","     1742 60  6"
"29367","     1742 63  2"
"29368","     1742 66  2"
"29369","     1742 66  6"
"29370","     1743  1  1"
"29371","     1743  6  2"
"29372","     1743  9  2"
"29373","     1743 14  1"
"29374","     1743 22  2"
"29375","     1743 31  1"
"29376","     1743 33  2"
"29377","     1743 33  5"
"29378","     1743 36  2"
"29379","     1743 39  2"
"29380","     1743 39  3"
"29381","     1743 41  2"
"29382","     1743 47  1"
"29383","     1743 49  1"
"29384","     1743 49  2"
"29385","     1743 57  2"
"29386","     1743 60  2"
"29387","     1743 65  2"
"29388","     1743 65  3"
"29389","     1743 68  2"
"29390","     1743 68  3"
"29391","     1743 71  4"
"29392","     1743 76  2"
"29393","     1743 79  3"
"29394","     1743 81  3"
"29395","     1743 84  2"
"29396","     1743 84  5"
"29397","     1743 87  2"
"29398","     1743 92  2"
"29399","     1743 97  1"
"29400","     1743100  1"
"29401","     1744 10  2"
"29402","     1744 13  2"
"29403","     1744 16  2"
"29404","     1744 19  2"
"29405","     1744 22  2"
"29406","     1744 30  2"
"29407","     1744 33  2"
"29408","     1744 36  2"
"29409","     1744 38  2"
"29410","     1744 41  2"
"29411","     1744 44  2"
"29412","     1744 47  2"
"29413","     1744 52  2"
"29414","     1744 55  2"
"29415","     1744 61  2"
"29416","     1744 64  2"
"29417","     1744 72  2"
"29418","     1744 75  2"
"29419","     1744 78  2"
"29420","     1744 81  2"
"29421","     1744 86  2"
"29422","     1745 10  2"
"29423","     1745 14  4"
"29424","     1745 18  2"
"29425","     1745 21  2"
"29426","     1745 23  2"
"29427","     1745 25  2"
"29428","     1745 25  3"
"29429","     1745 29  2"
"29430","     1745 31  2"
"29431","     1745 34  2"
"29432","     1745 36  2"
"29433","     1745 38  2"
"29434","     1745 40  2"
"29435","     1745 42  2"
"29436","     1745 44  2"
"29437","     1745 47  2"
"29438","     1745 53  2"
"29439","     1745 60  2"
"29440","     1745 60  3"
"29441","     1746  9  2"
"29442","     1746  9  3"
"29443","     1746  9  4"
"29444","     1746 11  2"
"29445","     1746 13  2"
"29446","     1746 15  2"
"29447","     1746 34  2"
"29448","     1746 34  5"
"29449","     1746 38  2"
"29450","     1746 39  3"
"29451","     1746 39  4"
"29452","     1746 39  5"
"29453","     1746 57  2"
"29454","     1746 58  2"
"29455","     1746 59  2"
"29456","     1746 59  3"
"29457","     1746 60  1"
"29458","     1746 62  2"
"29459","     1746 64  2"
"29460","     1746 81  2"
"29461","     1746 85  2"
"29462","     1746 87  2"
"29463","     1746 88  2"
"29464","     1746105  2"
"29465","     1746105  3"
"29466","     1746107  2"
"29467","     1746109  2"
"29468","     1746110  2"
"29469","     1746111  2"
"29470","     1746111  3"
"29471","     1747  1  1"
"29472","     1747  1  5"
"29473","     1747  3  3"
"29474","     1747  5  2"
"29475","     1747  8  2"
"29476","     1747  8  4"
"29477","     1747 18  2"
"29478","     1747 19  2"
"29479","     1747 20  1"
"29480","     1747 21  2"
"29481","     1747 34  3"
"29482","     1747 34  4"
"29483","     1747 35  2"
"29484","     1747 37  2"
"29485","     1747 38  1"
"29486","     1748  9  2"
"29487","     1748 10  2"
"29488","     1748 11  2"
"29489","     1748 13  1"
"29490","     1748 15  2"
"29491","     1748 15  7"
"29492","     1748 16  2"
"29493","     1748 41  2"
"29494","     1748 42  2"
"29495","     1748 45  2"
"29496","     1748 46  1"
"29497","     1748 73  2"
"29498","     1748 75  2"
"29499","     1748 76  2"
"29500","     1748 77  2"
"29501","     1748 78  3"
"29502","     1748 80  2"
"29503","     1748105  2"
"29504","     1748106  2"
"29505","     1748107  2"
"29506","     1748109  2"
"29507","     1748111  2"
"29508","     1748112  2"
"29509","     1748137  2"
"29510","     1748140  2"
"29511","     1749 10  2"
"29512","     1749 12  4"
"29513","     1749 13  2"
"29514","     1749 14  2"
"29515","     1749 57  2"
"29516","     1749 61  2"
"29517","     1749 63  6"
"29518","     1749108  4"
"29519","     1749109  2"
"29520","     1749153  3"
"29521","     1749154  2"
"29522","     1749155  2"
"29523","     1749157  3"
"29524","     1749159  2"
"29525","     1749201  2"
"29526","     1749203  2"
"29527","     1749203  4"
"29528","     1749204  2"
"29529","     1749205  2"
"29530","     1749206  2"
"29531","     1749208  2"
"29532","     1749208  5"
"29533","     1750  8  2"
"29534","     1750 12  2"
"29535","     1750 20  2"
"29536","     1750 28  2"
"29537","     1750 32  2"
"29538","     1750 36  2"
"29539","     1750 40  1"
"29540","     1750 40  3"
"29541","     1750 40  5"
"29542","     1750 44  1"
"29543","     1750 44  3"
"29544","     1750 48  1"
"29545","     1750 48  2"
"29546","     1750 52  2"
"29547","     1750 52  3"
"29548","     1750 56  1"
"29549","     1750 60  2"
"29550","     1750 64  2"
"29551","     1750 64  4"
"29552","     1750 64  7"
"29553","     1750 68  2"
"29554","     1750 68  3"
"29555","     1750 76  3"
"29556","     1750 76  7"
"29557","     1750 80  2"
"29558","     1750 84  2"
"29559","     1750 84  6"
"29560","     1750 92  3"
"29561","     1750 92  5"
"29562","     1750108  2"
"29563","     1750108  3"
"29564","     1750112  1"
"29565","     1750116  2"
"29566","     1750120  1"
"29567","     1750120  6"
"29568","     1750124  2"
"29569","     1750124  3"
"29570","     1751  2  4"
"29571","     1751  4  4"
"29572","     1751  4  5"
"29573","     1751  4  6"
"29574","     1751  7  2"
"29575","     1751 10  2"
"29576","     1751 10  4"
"29577","     1751 18  2"
"29578","     1751 18  3"
"29579","     1751 21  2"
"29580","     1751 24  2"
"29581","     1751 24  4"
"29582","     1751 27  2"
"29583","     1751 27  3"
"29584","     1751 30  2"
"29585","     1751 35  1"
"29586","     1751 38  1"
"29587","     1751 38  6"
"29588","     1751 44  2"
"29589","     1751 44  4"
"29590","     1751 46  2"
"29591","     1751 49  2"
"29592","     1751 49  3"
"29593","     1751 58  1"
"29594","     1751 69  5"
"29595","     1751 72  2"
"29596","     1751 75  2"
"29597","     1751 77  2"
"29598","     1751 80  2"
"29599","     1751 80  3"
"29600","     1751 86  1"
"29601","     1751 86  2"
"29602","     1752 13  2"
"29603","     1752 16  1"
"29604","     1752 22  1"
"29605","     1752 25  2"
"29606","     1752 25  4"
"29607","     1752 28  1"
"29608","     1752 45  4"
"29609","     1752 54  1"
"29610","     1752 54  2"
"29611","     1752 60  2"
"29612","     1752 63  2"
"29613","     1752 63  4"
"29614","     1752 66  4"
"29615","     1752 69  2"
"29616","     1752 71  2"
"29617","     1752 74  3"
"29618","     1752 77  3"
"29619","     1752 80  2"
"29620","     1752 83  1"
"29621","     1752 89  3"
"29622","     1753  1  2"
"29623","     1753  4  3"
"29624","     1753  4  4"
"29625","     1753  7  2"
"29626","     1753 10  2"
"29627","     1753 13  2"
"29628","     1753 22  2"
"29629","     1753 22  4"
"29630","     1753 25  2"
"29631","     1753 28  2"
"29632","     1753 31  2"
"29633","     1753 37  2"
"29634","     1753 37  3"
"29635","     1753 40  2"
"29636","     1753 40  3"
"29637","     1753 43  2"
"29638","     1753 46  2"
"29639","     1753 46  3"
"29640","     1753 46  4"
"29641","     1753 52  2"
"29642","     1753 52  3"
"29643","     1753 52  4"
"29644","     1753 55  2"
"29645","     1753 58  1"
"29646","     1753 64  2"
"29647","     1753 70  3"
"29648","     1753 73  2"
"29649","     1753 76  2"
"29650","     1753 79  1"
"29651","     1753 82  2"
"29652","     1753 85  2"
"29653","     1753 88  2"
"29654","     1753 88  3"
"29655","     1753 91  1"
"29656","     1753 91  2"
"29657","     1753 91  5"
"29658","     1754  4  2"
"29659","     1754  8  4"
"29660","     1754 12  2"
"29661","     1754 20  2"
"29662","     1754 20  3"
"29663","     1754 24  2"
"29664","     1754 27  2"
"29665","     1754 31  2"
"29666","     1754 39  1"
"29667","     1754 43  3"
"29668","     1754 47  2"
"29669","     1754 55  2"
"29670","     1754 58  2"
"29671","     1754 58  4"
"29672","     1754 74  2"
"29673","     1754 74  4"
"29674","     1754 78  1"
"29675","     1754 82  2"
"29676","     1754 82  4"
"29677","     1754 82  6"
"29678","     1754 89  2"
"29679","     1754 93  2"
"29680","     1754101  1"
"29681","     1754105  2"
"29682","     1754109  2"
"29683","     1754109  5"
"29684","     1754113  2"
"29685","     1754117  2"
"29686","     1754117  6"
"29687","     1755  2  2"
"29688","     1755  5  2"
"29689","     1755  8  2"
"29690","     1755 12  2"
"29691","     1755 15  2"
"29692","     1755 18  2"
"29693","     1755 22  2"
"29694","     1755 22  3"
"29695","     1755 28  2"
"29696","     1755 31  3"
"29697","     1755 38  2"
"29698","     1755 38  6"
"29699","     1755 41  2"
"29700","     1755 45  5"
"29701","     1755 51  2"
"29702","     1755 51  3"
"29703","     1755 58  2"
"29704","     1755 58  3"
"29705","     1755 58  4"
"29706","     1755 61  2"
"29707","     1755 65  2"
"29708","     1755 71  2"
"29709","     1755 78  2"
"29710","     1755 81  2"
"29711","     1755 88  2"
"29712","     1755 91  2"
"29713","     1755 91  3"
"29714","     1755 98  8"
"29715","     1755101  2"
"29716","     1756 14  2"
"29717","     1756 26  1"
"29718","     1756 34  2"
"29719","     1756 34  5"
"29720","     1756 38  2"
"29721","     1756 51  2"
"29722","     1756 51  3"
"29723","     1756 55  5"
"29724","     1756 59  2"
"29725","     1756 63  4"
"29726","     1756 71  2"
"29727","     1756 79  3"
"29728","     1756 79  5"
"29729","     1756 91  2"
"29730","     1756 95  2"
"29731","     1756 99  2"
"29732","     1756103  2"
"29733","     1756103  5"
"29734","     1756107  2"
"29735","     1756116  2"
"29736","     1756120  2"
"29737","     1756124  2"
"29738","     1756124  4"
"29739","     1757  1  2"
"29740","     1757  4  2"
"29741","     1757 14  2"
"29742","     1757 18  2"
"29743","     1757 21  2"
"29744","     1757 21  4"
"29745","     1757 25  2"
"29746","     1757 25  3"
"29747","     1757 31  2"
"29748","     1757 35  2"
"29749","     1757 45  4"
"29750","     1757 45  5"
"29751","     1757 48  2"
"29752","     1757 55  2"
"29753","     1757 62  2"
"29754","     1757 66  1"
"29755","     1757 69  2"
"29756","     1757 83  2"
"29757","     1757 96  2"
"29758","     1757103  2"
"29759","     1757103  6"
"29760","     1758  4  2"
"29761","     1758  8  2"
"29762","     1758 31  2"
"29763","     1758 34  2"
"29764","     1758 34  5"
"29765","     1758 42  2"
"29766","     1758 49  2"
"29767","     1758 57  2"
"29768","     1758 61  2"
"29769","     1758 64  2"
"29770","     1758 68  2"
"29771","     1758 72  2"
"29772","     1758 79  2"
"29773","     1758 83  4"
"29774","     1758 87  2"
"29775","     1758 90  5"
"29776","     1758 90  8"
"29777","     1758 94  2"
"29778","     1758102  2"
"29779","     1758105  2"
"29780","     1758109  4"
"29781","     1758113  2"
"29782","     1759  9  2"
"29783","     1759 17  2"
"29784","     1759 20  3"
"29785","     1759 23  1"
"29786","     1759 26  2"
"29787","     1759 29  2"
"29788","     1759 40  2"
"29789","     1759 43  4"
"29790","     1759 49  2"
"29791","     1759 52  2"
"29792","     1759 58  3"
"29793","     1759 58  4"
"29794","     1759 63  2"
"29795","     1759 66  2"
"29796","     1759 69  2"
"29797","     1759 69  4"
"29798","     1759 72  2"
"29799","     1759 75  2"
"29800","     1759 75  4"
"29801","     1759 78  2"
"29802","     1759 89  2"
"29803","     1760  2  2"
"29804","     1760  6  1"
"29805","     1760 14  2"
"29806","     1760 22  2"
"29807","     1760 25  2"
"29808","     1760 29  2"
"29809","     1760 33  2"
"29810","     1760 33  5"
"29811","     1760 33  7"
"29812","     1760 49  2"
"29813","     1760 53  2"
"29814","     1760 56  7"
"29815","     1760 56  8"
"29816","     1760 60  2"
"29817","     1760 68  2"
"29818","     1760 72  2"
"29819","     1760 72  3"
"29820","     1760 80  2"
"29821","     1760 80  5"
"29822","     1760 80  7"
"29823","     1760 84  2"
"29824","     1760 87  2"
"29825","     1760 91  2"
"29826","     1760 91  6"
"29827","     1760 95  2"
"29828","     1760107  2"
"29829","     1760107  4"
"29830","     1760107  8"
"29831","     1760111  4"
"29832","     1760114  4"
"29833","     1760118  2"
"29834","     1761  8  2"
"29835","     1761 11  4"
"29836","     1761 19  2"
"29837","     1761 22  2"
"29838","     1761 22  3"
"29839","     1761 26  2"
"29840","     1761 26  4"
"29841","     1761 45  2"
"29842","     1761 52  2"
"29843","     1761 56  2"
"29844","     1761 59  1"
"29845","     1761 63  2"
"29846","     1761 67  2"
"29847","     1761 74  2"
"29848","     1761 78  2"
"29849","     1761 78  5"
"29850","     1761 78  6"
"29851","     1761 85  2"
"29852","     1761 85  3"
"29853","     1761 92  2"
"29854","     1761 96  2"
"29855","     1761100  2"
"29856","     1761103  2"
"29857","     1761114  2"
"29858","     1762  1  2"
"29859","     1762  5  2"
"29860","     1762  8  2"
"29861","     1762 12  2"
"29862","     1762 15  2"
"29863","     1762 22  3"
"29864","     1762 25  3"
"29865","     1762 25  4"
"29866","     1762 25  6"
"29867","     1762 25  8"
"29868","     1762 29  4"
"29869","     1762 29  7"
"29870","     1762 32  2"
"29871","     1762 43  2"
"29872","     1762 46  2"
"29873","     1762 46  4"
"29874","     1762 46  5"
"29875","     1762 46  6"
"29876","     1762 50  2"
"29877","     1762 50  6"
"29878","     1762 57  2"
"29879","     1762 60  2"
"29880","     1762 63  2"
"29881","     1762 70  4"
"29882","     1762 74  2"
"29883","     1762 74  3"
"29884","     1762 84  3"
"29885","     1762 88  2"
"29886","     1762 91  1"
"29887","     1762 91  5"
"29888","     1762 95  3"
"29889","     1762 95  4"
"29890","     1762 98  2"
"29891","     1762101  5"
"29892","     1763  3  2"
"29893","     1763  3  3"
"29894","     1763 10  2"
"29895","     1763 14  2"
"29896","     1763 14  3"
"29897","     1763 18  3"
"29898","     1763 22  2"
"29899","     1763 26  3"
"29900","     1763 29  1"
"29901","     1763 44  2"
"29902","     1763 48  2"
"29903","     1763 52  5"
"29904","     1763 56  2"
"29905","     1763 56  3"
"29906","     1763 60  4"
"29907","     1763 63  2"
"29908","     1763 67  2"
"29909","     1763 71  2"
"29910","     1763 71  3"
"29911","     1763 82  2"
"29912","     1763 86  2"
"29913","     1763 90  2"
"29914","     1763 90  7"
"29915","     1763105  2"
"29916","     1763109  2"
"29917","     1763112  2"
"29918","     1763112  3"
"29919","     1763116  2"
"29920","     1764  9  2"
"29921","     1764 10  6"
"29922","     1764 11  2"
"29923","     1764 11  3"
"29924","     1764 14  2"
"29925","     1764 65  2"
"29926","     1764 65  3"
"29927","     1764 65  5"
"29928","     1764 68  2"
"29929","     1764 68  3"
"29930","     1764 71  5"
"29931","     1764 71  9"
"29932","     1764 72  2"
"29933","     1764121  2"
"29934","     1764122  2"
"29935","     1764125  2"
"29936","     1764127  2"
"29937","     1764128  2"
"29938","     1764168  2"
"29939","     1764169  2"
"29940","     1764171  2"
"29941","     1764173  1"
"29942","     1764174  2"
"29943","     1764175  2"
"29944","     1765 27  2"
"29945","     1765 93  2"
"29946","     1765 94  2"
"29947","     1765 95  2"
"29948","     1765145  2"
"29949","     1765146  4"
"29950","     1765147  3"
"29951","     1765148  2"
"29952","     1765149  2"
"29953","     1765150  2"
"29954","     1765150  5"
"29955","     1765151  2"
"29956","     1765152  2"
"29957","     1765152  7"
"29958","     1765209  2"
"29959","     1765211  2"
"29960","     1765211  4"
"29961","     1765213  2"
"29962","     1765216  4"
"29963","     1765217  3"
"29964","     1766 33  2"
"29965","     1766 34  2"
"29966","     1766 35  2"
"29967","     1766 36  2"
"29968","     1766 39  2"
"29969","     1766 40  2"
"29970","     1766 73  2"
"29971","     1766 74  2"
"29972","     1766 75  2"
"29973","     1766 77  2"
"29974","     1766 78  2"
"29975","     1766 80  2"
"29976","     1766121  2"
"29977","     1766122  2"
"29978","     1766123  2"
"29979","     1766123  3"
"29980","     1766124  3"
"29981","     1766126  2"
"29982","     1766127  2"
"29983","     1766128  2"
"29984","     1766162  2"
"29985","     1766164  2"
"29986","     1766165  1"
"29987","     1766165  2"
"29988","     1766165  3"
"29989","     1766166  2"
"29990","     1766166  5"
"29991","     1766167  2"
"29992","     1766167  4"
"29993","     1766168  2"
"29994","     1766168  4"
"29995","     1767 17  2"
"29996","     1767 18  2"
"29997","     1767 19  1"
"29998","     1767 20  2"
"29999","     1767 21  2"
"30000","     1767 21  4"
"30001","     1767 22  2"
"30002","     1767 23  2"
"30003","     1767 24  2"
"30004","     1767 49  2"
"30005","     1767 50  2"
"30006","     1767 51  2"
"30007","     1767 52  4"
"30008","     1767 53  6"
"30009","     1767 54  2"
"30010","     1767 55  2"
"30011","     1767 56  2"
"30012","     1767 92  2"
"30013","     1767 95  2"
"30014","     1767122  2"
"30015","     1767124  4"
"30016","     1767126  2"
"30017","     1767128  2"
"30018","     1767129  2"
"30019","     1768  1  2"
"30020","     1768  3  2"
"30021","     1768  5  2"
"30022","     1768  6  1"
"30023","     1768  8  1"
"30024","     1768 25  2"
"30025","     1768 26  2"
"30026","     1768 27  2"
"30027","     1768 28  2"
"30028","     1768 29  2"
"30029","     1768 29  3"
"30030","     1768 29  5"
"30031","     1768 31  2"
"30032","     1768 32  2"
"30033","     1768 41  2"
"30034","     1768 41  3"
"30035","     1768 42  2"
"30036","     1768 43  4"
"30037","     1768 44  2"
"30038","     1768 45  4"
"30039","     1768 47  2"
"30040","     1768 65  2"
"30041","     1768 67  2"
"30042","     1768 68  2"
"30043","     1768 69  3"
"30044","     1768 70  2"
"30045","     1769 23  2"
"30046","     1769 41  2"
"30047","     1769 42  2"
"30048","     1769 43  4"
"30049","     1769 44  2"
"30050","     1769 46  2"
"30051","     1769 47  3"
"30052","     1769 48  2"
"30053","     1769 73  4"
"30054","     1769 74  2"
"30055","     1769 75  2"
"30056","     1769 76  2"
"30057","     1769 77  2"
"30058","     1769 80  2"
"30059","     1769106  2"
"30060","     1769108  2"
"30061","     1769110  2"
"30062","     1769111  2"
"30063","     1769112  2"
"30064","     1769113  2"
"30065","     1769114  4"
"30066","     1770  8  3"
"30067","     1770  8  6"
"30068","     1770 12  5"
"30069","     1770 16  3"
"30070","     1770 20  2"
"30071","     1770 23  4"
"30072","     1770 35  1"
"30073","     1770 43  2"
"30074","     1770 47  2"
"30075","     1770 51  2"
"30076","     1770 55  2"
"30077","     1770 59  3"
"30078","     1770 59  4"
"30079","     1770 71  2"
"30080","     1770 75  4"
"30081","     1770 79  2"
"30082","     1770 87  2"
"30083","     1771  1  6"
"30084","     1771 32  1"
"30085","     1771 32  2"
"30086","     1771 57  3"
"30087","     1771 75  1"
"30088","     1771 75  2"
"30089","     1771 81  4"
"30090","     1771 81  5"
"30091","     1771 87  2"
"30092","     1771100  2"
"30093","     1771106  1"
"30094","     1771112  1"
"30095","     1771118  2"
"30096","     1771124  2"
"30097","     1771124  3"
"30098","     1771124  4"
"30099","     1771130  2"
"30100","     1772  6  2"
"30101","     1772 11  1"
"30102","     1772 11  4"
"30103","     1772 11  5"
"30104","     1772 15  1"
"30105","     1772 28  2"
"30106","     1772 37  2"
"30107","     1772 41  2"
"30108","     1772 41  3"
"30109","     1772 45  2"
"30110","     1772 50  1"
"30111","     1772 54  1"
"30112","     1772 54  5"
"30113","     1772 58  1"
"30114","     1772 62  2"
"30115","     1772 71  4"
"30116","     1772 71  5"
"30117","     1772 75  1"
"30118","     1772 80  2"
"30119","     1772 84  2"
"30120","     1772 88  2"
"30121","     1772 93  2"
"30122","     1772 93  3"
"30123","     1773  3  1"
"30124","     1773  7  2"
"30125","     1773  7  3"
"30126","     1773  7  4"
"30127","     1773 12  2"
"30128","     1773 12  3"
"30129","     1773 21  2"
"30130","     1773 26  2"
"30131","     1773 35  1"
"30132","     1773 35  4"
"30133","     1773 35  6"
"30134","     1773 39  2"
"30135","     1773 39  5"
"30136","     1773 44  2"
"30137","     1773 48  2"
"30138","     1773 53  2"
"30139","     1773 57  2"
"30140","     1773 62  2"
"30141","     1773 71  6"
"30142","     1773 80  2"
"30143","     1773 85  2"
"30144","     1773 85  3"
"30145","     1773 89  2"
"30146","     1773 89  3"
"30147","     1773 89  4"
"30148","     1773 94  2"
"30149","     1773 94  4"
"30150","     1773 98  2"
"30151","     1774  2  1"
"30152","     1774 11  2"
"30153","     1774 15  1"
"30154","     1774 20  1"
"30155","     1774 20  2"
"30156","     1774 24  2"
"30157","     1774 33  2"
"30158","     1774 33  4"
"30159","     1774 33  5"
"30160","     1774 33  7"
"30161","     1774 37  6"
"30162","     1774 42  2"
"30163","     1774 46  2"
"30164","     1774 46  3"
"30165","     1774 46  5"
"30166","     1774 55  2"
"30167","     1774 59  2"
"30168","     1774 64  2"
"30169","     1774 68  1"
"30170","     1774 77  3"
"30171","     1774 82  2"
"30172","     1774 82  3"
"30173","     1774 86  1"
"30174","     1774 86  2"
"30175","     1774 90  3"
"30176","     1774 90  5"
"30177","     1774 90  6"
"30178","     1775 14  1"
"30179","     1775 17  2"
"30180","     1775 20  2"
"30181","     1775 20  6"
"30182","     1775 23  2"
"30183","     1775 26  2"
"30184","     1775 29  2"
"30185","     1775 35  2"
"30186","     1775 38  2"
"30187","     1775 41  2"
"30188","     1775 45  2"
"30189","     1775 45  3"
"30190","     1775 63  2"
"30191","     1775 66  2"
"30192","     1776  3  1"
"30193","     1776  7  2"
"30194","     1776 11  3"
"30195","     1776 15  1"
"30196","     1776 18  1"
"30197","     1776 22  2"
"30198","     1776 33  2"
"30199","     1776 41  2"
"30200","     1776 44  1"
"30201","     1776 44  2"
"30202","     1776 44  4"
"30203","     1776 56  2"
"30204","     1776 63  3"
"30205","     1776 67  2"
"30206","     1776 74  4"
"30207","     1776 78  2"
"30208","     1777 10  2"
"30209","     1777 15  4"
"30210","     1777 19  6"
"30211","     1777 23  2"
"30212","     1777 23  4"
"30213","     1777 28  2"
"30214","     1777 32  2"
"30215","     1777 36  3"
"30216","     1777 53  3"
"30217","     1777 53  4"
"30218","     1777 57  2"
"30219","     1777 57  3"
"30220","     1777 57  4"
"30221","     1777 57  5"
"30222","     1777 66  3"
"30223","     1777 70  1"
"30224","     1777 70  2"
"30225","     1777 75  2"
"30226","     1777 79  2"
"30227","     1777 79  3"
"30228","     1777 87  2"
"30229","     1777 87  4"
"30230","     1777 92  2"
"30231","     1778  8  2"
"30232","     1778 22  2"
"30233","     1778 32  1"
"30234","     1778 32  2"
"30235","     1778 43  2"
"30236","     1778 46  1"
"30237","     1778 46  3"
"30238","     1778 56  2"
"30239","     1778 63  2"
"30240","     1778 74  3"
"30241","     1778 74  4"
"30242","     1779  2  2"
"30243","     1779  2  3"
"30244","     1779  5  3"
"30245","     1779  9  2"
"30246","     1779  9  3"
"30247","     1779  9  4"
"30248","     1779  9  7"
"30249","     1779 13  1"
"30250","     1779 13  3"
"30251","     1779 13  6"
"30252","     1779 16  3"
"30253","     1779 16  4"
"30254","     1779 20  3"
"30255","     1779 24  2"
"30256","     1779 27  1"
"30257","     1779 31  2"
"30258","     1779 42  2"
"30259","     1779 42  3"
"30260","     1779 46  2"
"30261","     1779 46  3"
"30262","     1779 53  2"
"30263","     1779 53  6"
"30264","     1779 53  8"
"30265","     1779 57  2"
"30266","     1779 61  3"
"30267","     1779 68  2"
"30268","     1779 68  3"
"30269","     1779 68  4"
"30270","     1780  4  2"
"30271","     1780  4  4"
"30272","     1780  8  2"
"30273","     1780  8  3"
"30274","     1780 13  1"
"30275","     1780 13  5"
"30276","     1780 26  2"
"30277","     1780 26  4"
"30278","     1780 31  2"
"30279","     1780 31  3"
"30280","     1780 31  6"
"30281","     1780 35  1"
"30282","     1780 35  2"
"30283","     1780 35  3"
"30284","     1780 35  4"
"30285","     1780 44  3"
"30286","     1780 44  5"
"30287","     1780 48  2"
"30288","     1780 48  6"
"30289","     1780 57  1"
"30290","     1780 61  4"
"30291","     1780 70  1"
"30292","     1780 75  2"
"30293","     1780 79  2"
"30294","     1780 83  1"
"30295","     1780 88  2"
"30296","     1780 92  2"
"30297","     1780 97  1"
"30298","     1781 15  2"
"30299","     1781 19  2"
"30300","     1781 19  3"
"30301","     1781 23  1"
"30302","     1781 23  4"
"30303","     1781 27  2"
"30304","     1781 27  3"
"30305","     1781 32  1"
"30306","     1781 32  4"
"30307","     1781 40  2"
"30308","     1781 40  3"
"30309","     1781 52  2"
"30310","     1781 52  4"
"30311","     1781 56  2"
"30312","     1781 56  4"
"30313","     1781 61  3"
"30314","     1781 65  1"
"30315","     1781 65  2"
"30316","     1781 73  2"
"30317","     1781 73  3"
"30318","     1781 81  2"
"30319","     1781 81  3"
"30320","     1781 85  2"
"30321","     1781 85  3"
"30322","     1781 89  4"
"30323","     1782  3  2"
"30324","     1782  7  2"
"30325","     1782  7  3"
"30326","     1782 11  3"
"30327","     1782 15  2"
"30328","     1782 15  4"
"30329","     1782 19  1"
"30330","     1782 19  2"
"30331","     1782 23  4"
"30332","     1782 23  5"
"30333","     1782 27  3"
"30334","     1782 31  2"
"30335","     1782 36  2"
"30336","     1782 36  3"
"30337","     1782 36  8"
"30338","     1782 36  9"
"30339","     1782 40  2"
"30340","     1782 44  3"
"30341","     1782 48  2"
"30342","     1782 52  2"
"30343","     1782 56  1"
"30344","     1782 68  2"
"30345","     1782 68  4"
"30346","     1782 68  6"
"30347","     1782 72  3"
"30348","     1782 76  3"
"30349","     1782 81  1"
"30350","     1782 81  2"
"30351","     1782 81  3"
"30352","     1782 85  4"
"30353","     1783  6  1"
"30354","     1783  6  2"
"30355","     1783 10  2"
"30356","     1783 14  2"
"30357","     1783 27  2"
"30358","     1783 35  2"
"30359","     1783 39  2"
"30360","     1783 44  2"
"30361","     1783 48  2"
"30362","     1783 52  2"
"30363","     1783 52  4"
"30364","     1783 56  2"
"30365","     1783 60  2"
"30366","     1783 60  5"
"30367","     1783 65  2"
"30368","     1783 69  3"
"30369","     1783 82  1"
"30370","     1783 90  2"
"30371","     1784  3  1"
"30372","     1784  7  2"
"30373","     1784  7  3"
"30374","     1784 11  2"
"30375","     1784 18  2"
"30376","     1784 25  2"
"30377","     1784 33  2"
"30378","     1784 36  2"
"30379","     1784 36  3"
"30380","     1784 43  2"
"30381","     1784 47  2"
"30382","     1784 51  2"
"30383","     1784 58  1"
"30384","     1784 62  2"
"30385","     1784 62  3"
"30386","     1784 62  4"
"30387","     1784 69  1"
"30388","     1784 73  2"
"30389","     1784 80  1"
"30390","     1785  3  3"
"30391","     1785  3  4"
"30392","     1785  8  2"
"30393","     1785 12  3"
"30394","     1785 21  2"
"30395","     1785 25  2"
"30396","     1785 30  2"
"30397","     1785 52  2"
"30398","     1785 61  2"
"30399","     1785 65  2"
"30400","     1785 65  3"
"30401","     1785 69  1"
"30402","     1785 69  3"
"30403","     1785 74  1"
"30404","     1785 83  1"
"30405","     1785 87  2"
"30406","     1785 91  2"
"30407","     1785 96  2"
"30408","     1786  3  1"
"30409","     1786  6  1"
"30410","     1786  9  2"
"30411","     1786 12  1"
"30412","     1786 12  2"
"30413","     1786 21  2"
"30414","     1786 28  1"
"30415","     1786 31  4"
"30416","     1786 34  1"
"30417","     1786 37  2"
"30418","     1786 40  2"
"30419","     1786 50  2"
"30420","     1786 50  3"
"30421","     1786 53  2"
"30422","     1786 69  2"
"30423","     1787  1  2"
"30424","     1787  8  2"
"30425","     1787 11  1"
"30426","     1787 14  2"
"30427","     1787 17  2"
"30428","     1787 33  2"
"30429","     1787 36  2"
"30430","     1787 39  1"
"30431","     1787 42  1"
"30432","     1787 45  1"
"30433","     1787 48  2"
"30434","     1787 51  2"
"30435","     1787 51  3"
"30436","     1787 55  2"
"30437","     1787 58  2"
"30438","     1787 64  2"
"30439","     1787 67  1"
"30440","     1787 67  4"
"30441","     1788  5  2"
"30442","     1788 13  1"
"30443","     1788 16  1"
"30444","     1788 27  1"
"30445","     1788 29  2"
"30446","     1788 35  2"
"30447","     1788 35  4"
"30448","     1788 40  2"
"30449","     1788 43  2"
"30450","     1788 54  1"
"30451","     1788 56  2"
"30452","     1789  7  3"
"30453","     1789 11  2"
"30454","     1789 15  1"
"30455","     1789 23  3"
"30456","     1789 26  2"
"30457","     1789 50  1"
"30458","     1789 50  5"
"30459","     1789 53  2"
"30460","     1789 61  2"
"30461","     1789 61  3"
"30462","     1789 65  2"
"30463","     1789 69  2"
"30464","     1789 84  1"
"30465","     1789 84  2"
"30466","     1789 84  4"
"30467","     1790  8  2"
"30468","     1790  8  3"
"30469","     1790 12  2"
"30470","     1790 16  1"
"30471","     1790 18  2"
"30472","     1790 23  4"
"30473","     1790 29  2"
"30474","     1790 29  6"
"30475","     1790 31  1"
"30476","     1790 35  2"
"30477","     1790 35  3"
"30478","     1790 35  4"
"30479","     1790 35  5"
"30480","     1790 37  2"
"30481","     1790 41  2"
"30482","     1790 44  2"
"30483","     1791  2  2"
"30484","     1791  5  2"
"30485","     1791  8  2"
"30486","     1791  8  6"
"30487","     1791 11  2"
"30488","     1791 14  1"
"30489","     1791 20  2"
"30490","     1791 23  1"
"30491","     1791 26  2"
"30492","     1791 26  3"
"30493","     1791 30  1"
"30494","     1791 33  2"
"30495","     1791 36  2"
"30496","     1791 36  3"
"30497","     1791 39  2"
"30498","     1791 42  2"
"30499","     1791 45  2"
"30500","     1791 51  2"
"30501","     1791 57  2"
"30502","     1791 64  1"
"30503","     1792 44  2"
"30504","     1792 45  2"
"30505","     1792 45  3"
"30506","     1792 48  2"
"30507","     1792115  2"
"30508","     1792115  3"
"30509","     1792116  2"
"30510","     1792116  3"
"30511","     1792119  4"
"30512","     1792120  2"
"30513","     1792177  2"
"30514","     1792177  3"
"30515","     1792182  2"
"30516","     1792182  3"
"30517","     1793 49  2"
"30518","     1793 50  2"
"30519","     1793 51  2"
"30520","     1793 56  2"
"30521","     1793139  4"
"30522","     1793140  6"
"30523","     1793141  3"
"30524","     1793142  2"
"30525","     1793144  2"
"30526","     1793233  3"
"30527","     1793236  3"
"30528","     1793238  2"
"30529","     1793238  3"
"30530","     1793238  4"
"30531","     1794 18  2"
"30532","     1794 19  2"
"30533","     1794 22  1"
"30534","     1794 23  2"
"30535","     1794 23  4"
"30536","     1794 73  2"
"30537","     1794 74  2"
"30538","     1794 74  6"
"30539","     1794 76  2"
"30540","     1794 77  3"
"30541","     1794 78  2"
"30542","     1794 79  2"
"30543","     1794 80  2"
"30544","     1794 80  3"
"30545","     1794122  2"
"30546","     1794123  2"
"30547","     1794124  2"
"30548","     1794125  2"
"30549","     1794125  4"
"30550","     1794126  2"
"30551","     1795 18  2"
"30552","     1795 21  4"
"30553","     1795 21  5"
"30554","     1795 22  2"
"30555","     1795 23  3"
"30556","     1795 58  4"
"30557","     1795 61  3"
"30558","     1795 62  2"
"30559","     1795 63  2"
"30560","     1795 91  3"
"30561","     1795 92  2"
"30562","     1795 94  2"
"30563","     1795 95  1"
"30564","     1796  1  2"
"30565","     1796  4  2"
"30566","     1796  7  2"
"30567","     1796 10  2"
"30568","     1796 12  2"
"30569","     1796 12  3"
"30570","     1796 15  2"
"30571","     1796 18  2"
"30572","     1796 24  2"
"30573","     1796 30  3"
"30574","     1796 35  3"
"30575","     1796 35  5"
"30576","     1796 41  2"
"30577","     1796 41  5"
"30578","     1796 44  2"
"30579","     1796 47  3"
"30580","     1796 47  4"
"30581","     1796 50  4"
"30582","     1796 50  6"
"30583","     1796 53  2"
"30584","     1796 53  6"
"30585","     1796 56  2"
"30586","     1796 58  5"
"30587","     1796 61  3"
"30588","     1796 61  5"
"30589","     1796 64  5"
"30590","     1797  2  1"
"30591","     1797  2  2"
"30592","     1797  9  2"
"30593","     1797 16  2"
"30594","     1797 22  2"
"30595","     1797 29  2"
"30596","     1797 49  2"
"30597","     1797 63  2"
"30598","     1797 69  2"
"30599","     1797 76  2"
"30600","     1797 89  2"
"30601","     1797103  4"
"30602","     1797103  5"
"30603","     1797116  1"
"30604","     1797143  6"
"30605","     1798  2  2"
"30606","     1798  2  3"
"30607","     1798 13  2"
"30608","     1798 18  2"
"30609","     1798 27  2"
"30610","     1798 32  1"
"30611","     1798 38  2"
"30612","     1798 38  6"
"30613","     1798 38  7"
"30614","     1798 41  2"
"30615","     1798 44  2"
"30616","     1798 44  4"
"30617","     1798 49  1"
"30618","     1798 55  1"
"30619","     1798 63  1"
"30620","     1798 63  5"
"30621","     1798 63  8"
"30622","     1799  1  3"
"30623","     1799 16  4"
"30624","     1799 16  6"
"30625","     1799 16  7"
"30626","     1799 26  2"
"30627","     1799 30  2"
"30628","     1799 35  2"
"30629","     1799 35  3"
"30630","     1799 35  4"
"30631","     1799 40  2"
"30632","     1799 40  4"
"30633","     1799 40  8"
"30634","     1799 45  5"
"30635","     1799 55  2"
"30636","     1799 55  3"
"30637","     1799 59  2"
"30638","     1799 69  2"
"30639","     1799 69  4"
"30640","     1799 79  2"
"30641","     1799 84  3"
"30642","     1799 84  6"
"30643","     1799 84  8"
"30644","     1799 88  2"
"30645","     1799 88  5"
"30646","     1799 93  2"
"30647","     1799 93  4"
"30648","     1799 98  2"
"30649","     1799108  4"
"30650","     1800  4  2"
"30651","     1800  9  2"
"30652","     1800  9  3"
"30653","     1800 18  2"
"30654","     1800 23  2"
"30655","     1800 27  2"
"30656","     1800 37  2"
"30657","     1800 46  2"
"30658","     1800 51  2"
"30659","     1800 55  2"
"30660","     1800 65  4"
"30661","     1800 65  6"
"30662","     1800 69  2"
"30663","     1800 74  2"
"30664","     1800 74  3"
"30665","     1800 79  2"
"30666","     1800 83  7"
"30667","     1800 88  2"
"30668","     1800 93  3"
"30669","     1800 97  2"
"30670","     1800102  4"
"30671","     1800107  3"
"30672","     1800111  4"
"30673","     1801  8  2"
"30674","     1801 12  2"
"30675","     1801 16  1"
"30676","     1801 16  2"
"30677","     1801 16  3"
"30678","     1801 25  2"
"30679","     1801 33  2"
"30680","     1801 33  3"
"30681","     1801 33  5"
"30682","     1801 37  2"
"30683","     1801 42  2"
"30684","     1801 42  3"
"30685","     1801 42  4"
"30686","     1801 42  7"
"30687","     1801 42  8"
"30688","     1801 46  3"
"30689","     1801 59  2"
"30690","     1801 63  2"
"30691","     1801 63  7"
"30692","     1801 63  9"
"30693","     1801 76  2"
"30694","     1801 76  3"
"30695","     1801 76  4"
"30696","     1801 76  6"
"30697","     1801 80  2"
"30698","     1801 84  2"
"30699","     1801 88  1"
"30700","     1801 93  2"
"30701","     1802  5  2"
"30702","     1802  5  6"
"30703","     1802 10  3"
"30704","     1802 38  1"
"30705","     1802 44  2"
"30706","     1802 50  2"
"30707","     1802 61  2"
"30708","     1802 67  2"
"30709","     1802 72  2"
"30710","     1802 89  2"
"30711","     1802100  2"
"30712","     1802106  3"
"30713","     1802106  4"
"30714","     1802128  1"
"30715","     1802128  2"
"30716","     1802134  2"
"30717","     1803  2  2"
"30718","     1803  6  4"
"30719","     1803  6  5"
"30720","     1803  6  6"
"30721","     1803  6  7"
"30722","     1803  6  8"
"30723","     1803 15  2"
"30724","     1803 23  1"
"30725","     1803 27  2"
"30726","     1803 32  2"
"30727","     1803 36  2"
"30728","     1803 44  3"
"30729","     1803 49  4"
"30730","     1803 49  7"
"30731","     1803 61  2"
"30732","     1803 66  1"
"30733","     1803 74  1"
"30734","     1803 78  2"
"30735","     1803 83  2"
"30736","     1803 87  3"
"30737","     1803 87  4"
"30738","     1803 91  4"
"30739","     1803100  3"
"30740","     1804  2  2"
"30741","     1804  6  2"
"30742","     1804  6  5"
"30743","     1804  9  2"
"30744","     1804  9  5"
"30745","     1804  9  6"
"30746","     1804 13  2"
"30747","     1804 20  2"
"30748","     1804 24  2"
"30749","     1804 28  2"
"30750","     1804 28  3"
"30751","     1804 42  2"
"30752","     1804 46  2"
"30753","     1804 53  3"
"30754","     1804 57  5"
"30755","     1804 60  2"
"30756","     1804 60  7"
"30757","     1804 64  2"
"30758","     1804 64  3"
"30759","     1804 71  1"
"30760","     1804 75  2"
"30761","     1804 78  1"
"30762","     1804 82  2"
"30763","     1805  7  2"
"30764","     1805  7  3"
"30765","     1805 11  2"
"30766","     1805 15  2"
"30767","     1805 24  2"
"30768","     1805 28  2"
"30769","     1805 32  2"
"30770","     1805 32  3"
"30771","     1805 32  4"
"30772","     1805 36  2"
"30773","     1805 45  5"
"30774","     1805 49  2"
"30775","     1805 53  2"
"30776","     1805 57  2"
"30777","     1805 57  4"
"30778","     1805 57  5"
"30779","     1805 61  2"
"30780","     1805 70  1"
"30781","     1805 70  2"
"30782","     1805 70  3"
"30783","     1805 74  2"
"30784","     1805 74  4"
"30785","     1805 78  1"
"30786","     1805 78  2"
"30787","     1805 82  3"
"30788","     1805 87  2"
"30789","     1805 91  2"
"30790","     1805 95  2"
"30791","     1805 99  2"
"30792","     1805 99  3"
"30793","     1805 99  6"
"30794","     1806  8  2"
"30795","     1806 12  2"
"30796","     1806 16  2"
"30797","     1806 20  2"
"30798","     1806 24  2"
"30799","     1806 28  2"
"30800","     1806 32  2"
"30801","     1806 36  2"
"30802","     1806 44  2"
"30803","     1806 44  3"
"30804","     1806 48  1"
"30805","     1806 48  3"
"30806","     1806 52  2"
"30807","     1806 52  3"
"30808","     1806 52  4"
"30809","     1806 52  6"
"30810","     1806 56  1"
"30811","     1806 56  3"
"30812","     1806 68  2"
"30813","     1806 68  3"
"30814","     1806 75  2"
"30815","     1806 75  5"
"30816","     1806 79  1"
"30817","     1806 83  2"
"30818","     1806 87  2"
"30819","     1806 91  2"
"30820","     1806 95  2"
"30821","     1807  1  2"
"30822","     1807  1  6"
"30823","     1807  5  2"
"30824","     1807 10  4"
"30825","     1807 14  2"
"30826","     1807 24  2"
"30827","     1807 28  2"
"30828","     1807 33  2"
"30829","     1807 33  3"
"30830","     1807 37  2"
"30831","     1807 47  1"
"30832","     1807 51  2"
"30833","     1807 56  2"
"30834","     1807 56  3"
"30835","     1807 65  2"
"30836","     1807 74  1"
"30837","     1807 83  2"
"30838","     1807 83  7"
"30839","     1807 97  3"
"30840","     1807102  2"
"30841","     1807106  2"
"30842","     1808  2  2"
"30843","     1808  7  2"
"30844","     1808 11  1"
"30845","     1808 23  2"
"30846","     1808 27  2"
"30847","     1808 32  2"
"30848","     1808 32  5"
"30849","     1808 36  2"
"30850","     1808 40  6"
"30851","     1808 44  2"
"30852","     1808 44  4"
"30853","     1808 44  5"
"30854","     1808 61  1"
"30855","     1808 61  2"
"30856","     1808 69  1"
"30857","     1808 77  2"
"30858","     1808 82  2"
"30859","     1808 86  3"
"30860","     1808 86  4"
"30861","     1808 86  5"
"30862","     1808 86  6"
"30863","     1808 90  2"
"30864","     1808 98  2"
"30865","     1809  4  2"
"30866","     1809 13  2"
"30867","     1809 13  3"
"30868","     1809 21  3"
"30869","     1809 21  8"
"30870","     1809 30  2"
"30871","     1809 34  4"
"30872","     1809 34  5"
"30873","     1809 42  3"
"30874","     1809 42  4"
"30875","     1809 47  2"
"30876","     1809 47  3"
"30877","     1809 47  4"
"30878","     1809 51  2"
"30879","     1809 55  2"
"30880","     1809 64  2"
"30881","     1809 68  4"
"30882","     1809 72  2"
"30883","     1809 76  3"
"30884","     1809 81  2"
"30885","     1809 85  2"
"30886","     1809 89  2"
"30887","     1809 89  4"
"30888","     1809 93  1"
"30889","     1809 93  3"
"30890","     1809 93  4"
"30891","     1809 98  2"
"30892","     1809 98  3"
"30893","     1809102  2"
"30894","     1810  4  2"
"30895","     1810  8  2"
"30896","     1810  8  3"
"30897","     1810  8  4"
"30898","     1810 12  2"
"30899","     1810 17  2"
"30900","     1810 21  2"
"30901","     1810 25  2"
"30902","     1810 25  3"
"30903","     1810 29  2"
"30904","     1810 29  3"
"30905","     1810 34  2"
"30906","     1810 38  3"
"30907","     1810 38  6"
"30908","     1810 42  2"
"30909","     1810 46  2"
"30910","     1810 51  1"
"30911","     1810 51  2"
"30912","     1810 51  3"
"30913","     1810 55  2"
"30914","     1810 55  4"
"30915","     1810 55  6"
"30916","     1810 63  1"
"30917","     1810 63  2"
"30918","     1810 72  1"
"30919","     1810 72  4"
"30920","     1810 80  6"
"30921","     1810 85  2"
"30922","     1810 85  3"
"30923","     1810 97  2"
"30924","     1810102  2"
"30925","     1811  2  2"
"30926","     1811  6  2"
"30927","     1811  6  3"
"30928","     1811 10  3"
"30929","     1811 10  4"
"30930","     1811 10  7"
"30931","     1811 13  2"
"30932","     1811 13  3"
"30933","     1811 13  4"
"30934","     1811 13  7"
"30935","     1811 17  1"
"30936","     1811 17  3"
"30937","     1811 29  2"
"30938","     1811 29  6"
"30939","     1811 37  2"
"30940","     1811 37  5"
"30941","     1811 44  2"
"30942","     1811 44  4"
"30943","     1811 48  2"
"30944","     1811 52  2"
"30945","     1811 56  2"
"30946","     1811 64  4"
"30947","     1811 68  4"
"30948","     1811 68  5"
"30949","     1811 72  2"
"30950","     1811 75  2"
"30951","     1811 83  2"
"30952","     1811 87  2"
"30953","     1811 91  2"
"30954","     1812  6  2"
"30955","     1812 10  2"
"30956","     1812 22  2"
"30957","     1812 26  1"
"30958","     1812 29  2"
"30959","     1812 33  2"
"30960","     1812 37  2"
"30961","     1812 45  2"
"30962","     1812 52  2"
"30963","     1812 58  2"
"30964","     1812 62  2"
"30965","     1812 66  2"
"30966","     1812 66  3"
"30967","     1812 74  3"
"30968","     1812 74  4"
"30969","     1812 74  7"
"30970","     1812 77  2"
"30971","     1812 77  3"
"30972","     1812 77  4"
"30973","     1812 81  2"
"30974","     1812 85  1"
"30975","     1812 85  2"
"30976","     1812 89  1"
"30977","     1813  2  3"
"30978","     1813 10  2"
"30979","     1813 17  2"
"30980","     1813 21  4"
"30981","     1813 29  1"
"30982","     1813 29  2"
"30983","     1813 40  2"
"30984","     1813 44  2"
"30985","     1813 44  3"
"30986","     1813 51  2"
"30987","     1813 55  2"
"30988","     1813 59  2"
"30989","     1813 63  2"
"30990","     1813 74  2"
"30991","     1813 74  3"
"30992","     1813 78  4"
"30993","     1813 78  6"
"30994","     1813 82  2"
"30995","     1813 85  2"
"30996","     1813 89  1"
"30997","     1814  4  1"
"30998","     1814  4  2"
"30999","     1814  4  3"
"31000","     1814  8  2"
"31001","     1814 17  2"
"31002","     1814 17  3"
"31003","     1814 21  2"
"31004","     1814 25  2"
"31005","     1814 25  3"
"31006","     1814 38  2"
"31007","     1814 38  3"
"31008","     1814 54  3"
"31009","     1814 58  2"
"31010","     1814 63  4"
"31011","     1814 67  2"
"31012","     1814 71  2"
"31013","     1814 71  3"
"31014","     1814 71  6"
"31015","     1814 75  7"
"31016","     1814 79  3"
"31017","     1814 83  4"
"31018","     1814 92  1"
"31019","     1814 96  2"
"31020","     1814100  2"
"31021","     1815  4  2"
"31022","     1815  7  2"
"31023","     1815 10  2"
"31024","     1815 13  2"
"31025","     1815 17  2"
"31026","     1815 23  2"
"31027","     1815 33  2"
"31028","     1815 40  2"
"31029","     1815 43  2"
"31030","     1815 43  3"
"31031","     1815 50  2"
"31032","     1815 50  4"
"31033","     1815 53  1"
"31034","     1815 56  2"
"31035","     1815 56  4"
"31036","     1815 60  2"
"31037","     1815 66  2"
"31038","     1815 66  3"
"31039","     1815 69  2"
"31040","     1815 69  6"
"31041","     1815 73  2"
"31042","     1815 76  1"
"31043","     1816  6  2"
"31044","     1816 10  2"
"31045","     1816 10  3"
"31046","     1816 10  4"
"31047","     1816 18  2"
"31048","     1816 22  2"
"31049","     1816 22  4"
"31050","     1816 26  1"
"31051","     1816 33  2"
"31052","     1816 33  3"
"31053","     1816 41  2"
"31054","     1816 45  4"
"31055","     1816 57  2"
"31056","     1816 61  2"
"31057","     1816 65  2"
"31058","     1816 65  4"
"31059","     1816 73  2"
"31060","     1816 76  2"
"31061","     1816 80  1"
"31062","     1816 80  2"
"31063","     1816 84  2"
"31064","     1816 84  4"
"31065","     1816 84  5"
"31066","     1816 88  1"
"31067","     1816 92  2"
"31068","     1817  2  2"
"31069","     1817  6  2"
"31070","     1817 10  2"
"31071","     1817 14  2"
"31072","     1817 29  2"
"31073","     1817 37  2"
"31074","     1817 41  2"
"31075","     1817 49  4"
"31076","     1817 49  7"
"31077","     1817 53  2"
"31078","     1817 53  3"
"31079","     1817 57  2"
"31080","     1817 57  5"
"31081","     1817 61  2"
"31082","     1817 65  3"
"31083","     1817 81  2"
"31084","     1817 89  4"
"31085","     1818  5  3"
"31086","     1818  9  2"
"31087","     1818  9  4"
"31088","     1818 36  2"
"31089","     1818 36  3"
"31090","     1818 41  1"
"31091","     1818 41  3"
"31092","     1818 45  2"
"31093","     1818 50  2"
"31094","     1818 54  2"
"31095","     1818 58  2"
"31096","     1818 72  2"
"31097","     1818 76  2"
"31098","     1818 81  2"
"31099","     1818 90  2"
"31100","     1818 94  1"
"31101","     1818103  2"
"31102","     1818103  4"
"31103","     1818103  5"
"31104","     1818107  2"
"31105","     1819  3  4"
"31106","     1819  6  2"
"31107","     1819 10  2"
"31108","     1819 10  3"
"31109","     1819 10  5"
"31110","     1819 14  2"
"31111","     1819 14  4"
"31112","     1819 18  2"
"31113","     1819 18  3"
"31114","     1819 21  2"
"31115","     1819 29  2"
"31116","     1819 36  2"
"31117","     1819 40  3"
"31118","     1819 44  2"
"31119","     1819 48  2"
"31120","     1819 48  3"
"31121","     1819 51  2"
"31122","     1819 51  3"
"31123","     1819 59  2"
"31124","     1819 63  2"
"31125","     1819 66  2"
"31126","     1819 70  3"
"31127","     1819 70  4"
"31128","     1819 78  3"
"31129","     1819 78  5"
"31130","     1819 85  1"
"31131","     1819 89  2"
"31132","     1820  3  5"
"31133","     1820  3  6"
"31134","     1820  3  9"
"31135","     1820  7  2"
"31136","     1820 10  5"
"31137","     1820 14  2"
"31138","     1820 14  5"
"31139","     1820 17  2"
"31140","     1820 17  3"
"31141","     1820 21  2"
"31142","     1820 28  2"
"31143","     1820 31  2"
"31144","     1820 38  2"
"31145","     1820 41  2"
"31146","     1820 45  2"
"31147","     1820 45  4"
"31148","     1820 52  2"
"31149","     1820 52  5"
"31150","     1820 66  2"
"31151","     1820 66  3"
"31152","     1820 66  4"
"31153","     1820 69  1"
"31154","     1820 73  3"
"31155","     1820 73  6"
"31156","     1820 76  2"
"31157","     1820 76  8"
"31158","     1820 79  2"
"31159","     1820 79  3"
"31160","     1821  3  3"
"31161","     1821  8  2"
"31162","     1821 18  2"
"31163","     1821 23  3"
"31164","     1821 28  5"
"31165","     1821 44  2"
"31166","     1821 59  2"
"31167","     1821 64  1"
"31168","     1821 69  2"
"31169","     1821 69  3"
"31170","     1821 80  2"
"31171","     1821 80  5"
"31172","     1821115  2"
"31173","     1822  9  6"
"31174","     1822 13  2"
"31175","     1822 17  2"
"31176","     1822 21  2"
"31177","     1822 25  2"
"31178","     1822 29  1"
"31179","     1822 33  2"
"31180","     1822 37  2"
"31181","     1822 45  2"
"31182","     1822 53  2"
"31183","     1822 62  2"
"31184","     1822 62  3"
"31185","     1822 66  4"
"31186","     1822 74  2"
"31187","     1822 78  4"
"31188","     1822 82  2"
"31189","     1822 86  2"
"31190","     1822 94  3"
"31191","     1823  3  5"
"31192","     1823  6  4"
"31193","     1823 10  2"
"31194","     1823 13  3"
"31195","     1823 13  5"
"31196","     1823 17  2"
"31197","     1823 20  4"
"31198","     1823 20  5"
"31199","     1823 24  5"
"31200","     1823 24  6"
"31201","     1823 31  2"
"31202","     1823 31  3"
"31203","     1823 41  2"
"31204","     1823 45  2"
"31205","     1823 52  2"
"31206","     1823 52  3"
"31207","     1823 55  2"
"31208","     1823 62  2"
"31209","     1823 66  2"
"31210","     1823 69  3"
"31211","     1823 69  5"
"31212","     1823 73  3"
"31213","     1823 76  4"
"31214","     1823 80  2"
"31215","     1823 83  2"
"31216","     1823 83  4"
"31217","     1824  4  1"
"31218","     1824  8  2"
"31219","     1824  8  4"
"31220","     1824 12  1"
"31221","     1824 16  2"
"31222","     1824 20  2"
"31223","     1824 24  2"
"31224","     1824 28  2"
"31225","     1824 32  2"
"31226","     1824 40  2"
"31227","     1824 44  4"
"31228","     1824 48  4"
"31229","     1824 52  2"
"31230","     1824 56  2"
"31231","     1824 60  2"
"31232","     1824 60  3"
"31233","     1824 64  1"
"31234","     1824 72  2"
"31235","     1824 76  2"
"31236","     1824 76  3"
"31237","     1824 76  4"
"31238","     1824 80  3"
"31239","     1824 88  2"
"31240","     1824 91  1"
"31241","     1824 91  2"
"31242","     1824 95  2"
"31243","     1825  4  2"
"31244","     1825 15  4"
"31245","     1825 19  2"
"31246","     1825 22  2"
"31247","     1825 22  3"
"31248","     1825 22  5"
"31249","     1825 26  2"
"31250","     1825 30  1"
"31251","     1825 30  3"
"31252","     1825 33  2"
"31253","     1825 37  1"
"31254","     1825 37  4"
"31255","     1825 41  2"
"31256","     1825 44  2"
"31257","     1825 44  4"
"31258","     1825 44  6"
"31259","     1825 48  2"
"31260","     1825 52  2"
"31261","     1825 55  2"
"31262","     1825 66  2"
"31263","     1825 70  2"
"31264","     1825 70  3"
"31265","     1825 74  2"
"31266","     1825 81  4"
"31267","     1825 88  2"
"31268","     1826 13  2"
"31269","     1826 27  1"
"31270","     1826 27  2"
"31271","     1826 31  2"
"31272","     1826 36  2"
"31273","     1826 40  2"
"31274","     1826 44  4"
"31275","     1826 49  2"
"31276","     1826 49  3"
"31277","     1826 62  2"
"31278","     1826 80  3"
"31279","     1826 84  2"
"31280","     1826 89  2"
"31281","     1826 97  2"
"31282","     1827  9  2"
"31283","     1827  9  3"
"31284","     1827 10  3"
"31285","     1827 12  2"
"31286","     1827 14  2"
"31287","     1827 73  2"
"31288","     1827 74  2"
"31289","     1827 75  2"
"31290","     1827 77  5"
"31291","     1827 80  2"
"31292","     1827128  2"
"31293","     1827129  2"
"31294","     1827131  3"
"31295","     1827131  4"
"31296","     1827132  2"
"31297","     1827133  2"
"31298","     1828  3  1"
"31299","     1828  3  2"
"31300","     1828  7  2"
"31301","     1828 16  4"
"31302","     1828 20  5"
"31303","     1828 32  4"
"31304","     1828 32  6"
"31305","     1828 32  9"
"31306","     1828 32 11"
"31307","     1828 36  2"
"31308","     1828 36  3"
"31309","     1828 36  6"
"31310","     1828 40  2"
"31311","     1828 40  4"
"31312","     1828 48  2"
"31313","     1828 48  3"
"31314","     1828 56  1"
"31315","     1828 56  3"
"31316","     1828 60  3"
"31317","     1828 60  4"
"31318","     1828 69  1"
"31319","     1828 69  3"
"31320","     1828 73  2"
"31321","     1828 73  3"
"31322","     1828 73  7"
"31323","     1828 77  2"
"31324","     1828 81  2"
"31325","     1828 81  4"
"31326","     1828 85  3"
"31327","     1828 93  2"
"31328","     1828 97  2"
"31329","     1828 97  4"
"31330","     1828105  3"
"31331","     1829  8  2"
"31332","     1829 15  2"
"31333","     1829 19  2"
"31334","     1829 23  2"
"31335","     1829 27  4"
"31336","     1829 31  1"
"31337","     1829 42  3"
"31338","     1829 42  5"
"31339","     1829 46  2"
"31340","     1829 50  2"
"31341","     1829 53  2"
"31342","     1829 57  2"
"31343","     1829 65  2"
"31344","     1829 69  2"
"31345","     1829 76  1"
"31346","     1829 84  2"
"31347","     1829 88  2"
"31348","     1829 92  1"
"31349","     1829 92  5"
"31350","     1829 95  2"
"31351","     1829 99  2"
"31352","     1830  3  2"
"31353","     1830  8  2"
"31354","     1830 16  2"
"31355","     1830 20  2"
"31356","     1830 20  5"
"31357","     1830 20  7"
"31358","     1830 20 11"
"31359","     1830 25  2"
"31360","     1830 29  2"
"31361","     1830 33  1"
"31362","     1830 38  4"
"31363","     1830 38  5"
"31364","     1830 42  2"
"31365","     1830 46  2"
"31366","     1830 55  2"
"31367","     1830 59  2"
"31368","     1830 63  2"
"31369","     1830 67  2"
"31370","     1830 80  2"
"31371","     1830 80  5"
"31372","     1830 93  4"
"31373","     1830 93  8"
"31374","     1830 97  2"
"31375","     1830106  2"
"31376","     1830110  2"
"31377","     1830110  3"
"31378","     1830110  7"
"31379","     1831  3  2"
"31380","     1831  3  4"
"31381","     1831 15  2"
"31382","     1831 23  2"
"31383","     1831 23  3"
"31384","     1831 28  2"
"31385","     1831 32  2"
"31386","     1831 32  5"
"31387","     1831 36  2"
"31388","     1831 40  2"
"31389","     1831 44  2"
"31390","     1831 52  2"
"31391","     1831 56  2"
"31392","     1831 60  2"
"31393","     1831 60  3"
"31394","     1831 64  2"
"31395","     1831 72  2"
"31396","     1831 72  4"
"31397","     1831 76  2"
"31398","     1831 81  2"
"31399","     1831 85  2"
"31400","     1831 85  3"
"31401","     1831 89  2"
"31402","     1831 89  3"
"31403","     1831 93  2"
"31404","     1831 97  2"
"31405","     1831101  2"
"31406","     1831105  3"
"31407","     1832  3  3"
"31408","     1832  3  5"
"31409","     1832  8  3"
"31410","     1832 14  2"
"31411","     1832 19  2"
"31412","     1832 25  2"
"31413","     1832 30  3"
"31414","     1832 41  2"
"31415","     1832 41  3"
"31416","     1832 52  3"
"31417","     1832 57  1"
"31418","     1832 68  1"
"31419","     1832 68  3"
"31420","     1832 73  2"
"31421","     1832 73  5"
"31422","     1832 79  2"
"31423","     1832 84  2"
"31424","     1832 90  2"
"31425","     1832 90  4"
"31426","     1832 95  2"
"31427","     1832 95  5"
"31428","     1832101  2"
"31429","     1832111  2"
"31430","     1832111  5"
"31431","     1832117  6"
"31432","     1832122  3"
"31433","     1832128  2"
"31434","     1832133  2"
"31435","     1832133  3"
"31436","     1832139  2"
"31437","     1833  1  2"
"31438","     1833  4  2"
"31439","     1833  4  4"
"31440","     1833  8  2"
"31441","     1833 12  2"
"31442","     1833 12  5"
"31443","     1833 16  4"
"31444","     1833 20  1"
"31445","     1833 20  3"
"31446","     1833 24  1"
"31447","     1833 24  7"
"31448","     1833 24  8"
"31449","     1833 28  5"
"31450","     1833 35  2"
"31451","     1833 35  3"
"31452","     1833 43  2"
"31453","     1833 47  3"
"31454","     1833 55  2"
"31455","     1833 55  3"
"31456","     1833 55  4"
"31457","     1833 59  1"
"31458","     1833 59  2"
"31459","     1833 63  2"
"31460","     1833 67  3"
"31461","     1833 70  2"
"31462","     1833 82  2"
"31463","     1833 86  2"
"31464","     1833 90  3"
"31465","     1833 94  2"
"31466","     1833 94  4"
"31467","     1834  6  1"
"31468","     1834  6  4"
"31469","     1834  9  2"
"31470","     1834 13  2"
"31471","     1834 13  3"
"31472","     1834 20  2"
"31473","     1834 23  2"
"31474","     1834 30  2"
"31475","     1834 30  3"
"31476","     1834 30  5"
"31477","     1834 34  2"
"31478","     1834 34  4"
"31479","     1834 34  5"
"31480","     1834 37  1"
"31481","     1834 41  2"
"31482","     1834 44  3"
"31483","     1834 51  4"
"31484","     1834 55  2"
"31485","     1834 58  2"
"31486","     1834 62  2"
"31487","     1834 65  2"
"31488","     1834 65  4"
"31489","     1834 69  2"
"31490","     1834 79  2"
"31491","     1834 83  2"
"31492","     1834 86  5"
"31493","     1834 90  2"
"31494","     1834 90  4"
"31495","     1835  3  1"
"31496","     1835  6  2"
"31497","     1835  6  3"
"31498","     1835 17  2"
"31499","     1835 21  2"
"31500","     1835 21  6"
"31501","     1835 21  9"
"31502","     1835 36  2"
"31503","     1835 36  3"
"31504","     1835 40  5"
"31505","     1835 47  2"
"31506","     1835 54  2"
"31507","     1835 54  4"
"31508","     1835 58  1"
"31509","     1835 58  3"
"31510","     1835 69  2"
"31511","     1835 73  2"
"31512","     1835 73  3"
"31513","     1835 76  2"
"31514","     1835 80  2"
"31515","     1835 80  4"
"31516","     1835 84  2"
"31517","     1835 84  3"
"31518","     1835 84  6"
"31519","     1835 84  8"
"31520","     1835 88  2"
"31521","     1835 88  4"
"31522","     1835 95  2"
"31523","     1836  2  2"
"31524","     1836  2  3"
"31525","     1836  2  4"
"31526","     1836  6  3"
"31527","     1836 10  8"
"31528","     1836 14  2"
"31529","     1836 19  2"
"31530","     1836 23  2"
"31531","     1836 27  4"
"31532","     1836 31  1"
"31533","     1836 35  5"
"31534","     1836 40  2"
"31535","     1836 44  2"
"31536","     1836 48  2"
"31537","     1836 48  3"
"31538","     1836 52  1"
"31539","     1836 57  2"
"31540","     1836 57  3"
"31541","     1836 57  4"
"31542","     1836 57  5"
"31543","     1836 65  2"
"31544","     1836 74  2"
"31545","     1836 74  4"
"31546","     1836 78  4"
"31547","     1836 82  2"
"31548","     1836 86  2"
"31549","     1836 90  3"
"31550","     1836 95  3"
"31551","     1836103  3"
"31552","     1836103  4"
"31553","     1836107  2"
"31554","     1836107  3"
"31555","     1837  1  3"
"31556","     1837 10  2"
"31557","     1837 22  1"
"31558","     1837 22  3"
"31559","     1837 26  2"
"31560","     1837 30  1"
"31561","     1837 30  2"
"31562","     1837 39  1"
"31563","     1837 43  1"
"31564","     1837 51  2"
"31565","     1837 51  3"
"31566","     1837 51  4"
"31567","     1837 51  5"
"31568","     1837 56  2"
"31569","     1837 60  1"
"31570","     1837 60  2"
"31571","     1837 64  1"
"31572","     1837 64  2"
"31573","     1837 68  3"
"31574","     1837 72  2"
"31575","     1837 72  3"
"31576","     1837 81  2"
"31577","     1837 98  2"
"31578","     1837102  4"
"31579","     1838  1  2"
"31580","     1838  4  3"
"31581","     1838  8  3"
"31582","     1838  8  4"
"31583","     1838 12  2"
"31584","     1838 12  3"
"31585","     1838 12  4"
"31586","     1838 12  5"
"31587","     1838 12  6"
"31588","     1838 15  3"
"31589","     1838 15  6"
"31590","     1838 19  2"
"31591","     1838 22  2"
"31592","     1838 30  2"
"31593","     1838 30  3"
"31594","     1838 33  2"
"31595","     1838 40  2"
"31596","     1838 44  2"
"31597","     1838 48  3"
"31598","     1838 51  2"
"31599","     1838 51  5"
"31600","     1838 55  2"
"31601","     1838 55  5"
"31602","     1838 69  1"
"31603","     1838 73  1"
"31604","     1838 77  4"
"31605","     1838 77  7"
"31606","     1838 77 10"
"31607","     1838 80  1"
"31608","     1838 80  4"
"31609","     1838 80  7"
"31610","     1838 84  3"
"31611","     1838 84  4"
"31612","     1838 91  2"
"31613","     1839  2  1"
"31614","     1839 10  2"
"31615","     1839 18  3"
"31616","     1839 18  8"
"31617","     1839 18  9"
"31618","     1839 22  2"
"31619","     1839 26  1"
"31620","     1839 26  2"
"31621","     1839 26  4"
"31622","     1839 30  6"
"31623","     1839 33  2"
"31624","     1839 37  2"
"31625","     1839 37  3"
"31626","     1839 45  2"
"31627","     1839 53  2"
"31628","     1839 53  4"
"31629","     1839 57  3"
"31630","     1839 57  4"
"31631","     1839 57  7"
"31632","     1839 57  9"
"31633","     1839 61  1"
"31634","     1839 61  5"
"31635","     1839 61  8"
"31636","     1839 64  2"
"31637","     1839 64  3"
"31638","     1839 76  2"
"31639","     1839 80  2"
"31640","     1839 80  3"
"31641","     1839 84  2"
"31642","     1839 88  2"
"31643","     1839 92  2"
"31644","     1839 96  1"
"31645","     1839 99  2"
"31646","     1839 99  5"
"31647","     1840  3  2"
"31648","     1840  7  2"
"31649","     1840  7  3"
"31650","     1840  7  4"
"31651","     1840 16  2"
"31652","     1840 16  7"
"31653","     1840 16 10"
"31654","     1840 20  4"
"31655","     1840 29  2"
"31656","     1840 29  3"
"31657","     1840 33  2"
"31658","     1840 42  2"
"31659","     1840 46  3"
"31660","     1840 51  2"
"31661","     1840 51  6"
"31662","     1840 51 10"
"31663","     1840 55  2"
"31664","     1840 55  4"
"31665","     1840 55  5"
"31666","     1840 55  9"
"31667","     1840 68  2"
"31668","     1840 68  3"
"31669","     1840 68  6"
"31670","     1840 73  8"
"31671","     1840 81  2"
"31672","     1840 86  3"
"31673","     1840 90  2"
"31674","     1840 99  2"
"31675","     1840103  2"
"31676","     1840112  2"
"31677","     1841  4  1"
"31678","     1841  4  2"
"31679","     1841  7  2"
"31680","     1841 11  2"
"31681","     1841 15  1"
"31682","     1841 19  2"
"31683","     1841 23  4"
"31684","     1841 23  5"
"31685","     1841 26  2"
"31686","     1841 45  2"
"31687","     1841 49  2"
"31688","     1841 53  2"
"31689","     1841 57  2"
"31690","     1841 61  2"
"31691","     1841 68  2"
"31692","     1841 72  2"
"31693","     1841 72  3"
"31694","     1841 80  2"
"31695","     1841 83  2"
"31696","     1841 87  1"
"31697","     1841 91  2"
"31698","     1841 95  2"
"31699","     1842  2  2"
"31700","     1842  8  2"
"31701","     1842 14  2"
"31702","     1842 17  2"
"31703","     1842 22  2"
"31704","     1842 22  4"
"31705","     1842 25  3"
"31706","     1842 25  4"
"31707","     1842 28  2"
"31708","     1842 28  3"
"31709","     1842 31  3"
"31710","     1842 31  4"
"31711","     1842 40  2"
"31712","     1842 40  4"
"31713","     1842 40  7"
"31714","     1842 43  2"
"31715","     1842 52  2"
"31716","     1842 52  3"
"31717","     1842 55  2"
"31718","     1842 58  4"
"31719","     1842 64  2"
"31720","     1842 64  3"
"31721","     1843  1  4"
"31722","     1843  1  6"
"31723","     1843  1  8"
"31724","     1843 10  2"
"31725","     1843 13  2"
"31726","     1843 20  2"
"31727","     1843 23  2"
"31728","     1843 26  2"
"31729","     1843 32  2"
"31730","     1843 38  1"
"31731","     1843 38  5"
"31732","     1843 41  2"
"31733","     1843 44  2"
"31734","     1843 48  5"
"31735","     1843 54  6"
"31736","     1843 57  2"
"31737","     1843 60  2"
"31738","     1843 63  2"
"31739","     1843 66  2"
"31740","     1844  1  2"
"31741","     1844  1  4"
"31742","     1844  9  2"
"31743","     1844  9  4"
"31744","     1844 17  2"
"31745","     1844 21  1"
"31746","     1844 21  2"
"31747","     1844 25  1"
"31748","     1844 33  4"
"31749","     1844 37  2"
"31750","     1844 41  2"
"31751","     1844 41  7"
"31752","     1844 49  2"
"31753","     1844 49  3"
"31754","     1844 49  7"
"31755","     1844 57  2"
"31756","     1844 57  4"
"31757","     1844 61  2"
"31758","     1844 69  4"
"31759","     1844 69  5"
"31760","     1844 69  6"
"31761","     1844 73  2"
"31762","     1844 77  2"
"31763","     1844 77  3"
"31764","     1844 84  2"
"31765","     1844 92  3"
"31766","     1844 96  2"
"31767","     1844100  2"
"31768","     1844100  3"
"31769","     1845 25  2"
"31770","     1845 26  2"
"31771","     1845 29  2"
"31772","     1845 30  2"
"31773","     1845 72  2"
"31774","     1845 73  4"
"31775","     1845 74  2"
"31776","     1845 75  2"
"31777","     1845 76  2"
"31778","     1845 78  2"
"31779","     1845 79  2"
"31780","     1845 80  2"
"31781","     1845128  5"
"31782","     1845129  2"
"31783","     1845131  2"
"31784","     1845132  1"
"31785","     1845133  2"
"31786","     1845135  2"
"31787","     1845136  2"
"31788","     1846 32  2"
"31789","     1846 33  2"
"31790","     1846 33  7"
"31791","     1846 33  8"
"31792","     1846 35  2"
"31793","     1846 35  6"
"31794","     1846 38  2"
"31795","     1846 38  3"
"31796","     1846 38  5"
"31797","     1846 72  3"
"31798","     1846 73  2"
"31799","     1846 74  2"
"31800","     1846 77  2"
"31801","     1846 78  2"
"31802","     1846 78  5"
"31803","     1846104  2"
"31804","     1846105  2"
"31805","     1846106  2"
"31806","     1846112  3"
"31807","     1847 24  2"
"31808","     1847 25  2"
"31809","     1847 25  3"
"31810","     1847 26  2"
"31811","     1847 27  2"
"31812","     1847 28  1"
"31813","     1847 31  2"
"31814","     1847 32  1"
"31815","     1847 72  2"
"31816","     1847 72  5"
"31817","     1847 73  2"
"31818","     1847 74  3"
"31819","     1847 75  2"
"31820","     1847 77  2"
"31821","     1847113  2"
"31822","     1847114  3"
"31823","     1847116  2"
"31824","     1847116  3"
"31825","     1847117  2"
"31826","     1847118  2"
"31827","     1847120  2"
"31828","     1848 48  2"
"31829","     1848 49  2"
"31830","     1848 50  2"
"31831","     1848 51  2"
"31832","     1848 54  2"
"31833","     1848 55  2"
"31834","     1848 56  2"
"31835","     1848 56  3"
"31836","     1848113  2"
"31837","     1848113  8"
"31838","     1848113 10"
"31839","     1848114  3"
"31840","     1848115  2"
"31841","     1848115  6"
"31842","     1848117  2"
"31843","     1848117  3"
"31844","     1848117  4"
"31845","     1848168  4"
"31846","     1848168  6"
"31847","     1848169  2"
"31848","     1848171  2"
"31849","     1848171  3"
"31850","     1848172  2"
"31851","     1848173  2"
"31852","     1848175  2"
"31853","     1849 25  2"
"31854","     1849 26  2"
"31855","     1849 27  2"
"31856","     1849 28  2"
"31857","     1849 29  2"
"31858","     1849 30  2"
"31859","     1849 31  2"
"31860","     1849 32  2"
"31861","     1849 72  2"
"31862","     1849 74  2"
"31863","     1849 76  1"
"31864","     1849 76  2"
"31865","     1849 79  2"
"31866","     1849 80  2"
"31867","     1849 80  3"
"31868","     1849128  2"
"31869","     1849129  2"
"31870","     1849130  2"
"31871","     1849131 11"
"31872","     1849132  2"
"31873","     1849133  2"
"31874","     1849135  2"
"31875","     1850 25  1"
"31876","     1850 25  5"
"31877","     1850 26  2"
"31878","     1850 27  2"
"31879","     1850 28  2"
"31880","     1850 32  1"
"31881","     1850 96  2"
"31882","     1850 97  2"
"31883","     1850100  2"
"31884","     1850100  3"
"31885","     1850101  2"
"31886","     1850103  3"
"31887","     1850104  2"
"31888","     1850170  2"
"31889","     1850171  3"
"31890","     1850171  7"
"31891","     1850175  2"
"31892","     1850176  2"
"31893","     1851 24  1"
"31894","     1851 25  2"
"31895","     1851 26  2"
"31896","     1851 27  2"
"31897","     1851 28  2"
"31898","     1851 29  2"
"31899","     1851 31  1"
"31900","     1851 32  2"
"31901","     1851 64  2"
"31902","     1851 65  2"
"31903","     1851 68  2"
"31904","     1851 70  2"
"31905","     1851104  2"
"31906","     1851104  5"
"31907","     1851106  2"
"31908","     1851106  7"
"31909","     1851107  2"
"31910","     1851111  3"
"31911","     1851112  2"
